host_id,formula,status,reason,frame,T_agrees,M,T_release,n_uc,n_sc,max_residual_A,M_direct_max_dev,excluded_from_C3b
mp-1018031,KInO2,ok,,aligned,True,"[[6, -6, 0], [0, 6, -6], [1, 1, 1]]","[[6, -6, 0], [0, 6, -6], [1, 1, 1]]",4,432,1.79026e-07,4.20671e-10,False
mp-1019558,BaSr2Mg(SiO4)2,ok,,aligned,True,"[[3, 0, 0], [0, 3, 0], [0, 0, 2]]","[[3, 0, 0], [0, 3, 0], [0, 0, 2]]",14,252,1.32818e-07,5.97597e-10,False
mp-1020633,RbMgBO3,ok,,aligned,True,"[[2, 0, 0], [0, 2, 0], [0, 0, 2]]","[[2, 0, 0], [0, 2, 0], [0, 0, 2]]",24,192,1.04649e-07,7.13099e-10,False
mp-10299,Ca4PdO6,ok,,aligned,True,"[[1, -1, 0], [0, 1, -1], [1, 1, 1]]","[[1, -1, 0], [0, 1, -1], [1, 1, 1]]",22,66,5.89806e-08,4.42757e-10,False
mp-10392,Sr3CdPtO6,ok,,aligned,True,"[[1, -1, 0], [0, 1, -1], [1, 1, 1]]","[[1, -1, 0], [0, 1, -1], [1, 1, 1]]",22,66,5.5295e-08,4.20573e-10,False
mp-10417,KSbO2,ok,,rotated,True,"[[2, 2, 0], [-2, 2, 0], [0, 0, 3]]","[[2, 2, 0], [-2, 2, 0], [0, 0, 3]]",8,192,1.37107e-07,0.478319,False
mp-10418,RbSbO2,ok,,rotated,True,"[[2, 2, 0], [-2, 2, 0], [0, 0, 3]]","[[2, 2, 0], [-2, 2, 0], [0, 0, 3]]",8,192,7.15765e-08,0.400377,False
mp-10461,NaSr3SbO6,ok,,aligned,True,"[[1, -1, 0], [0, 1, -1], [1, 1, 1]]","[[1, -1, 0], [0, 1, -1], [1, 1, 1]]",22,66,5.93167e-08,3.59627e-10,False
mp-10547,RbAuO,ok,,aligned,False,"[[0, 2, 2], [2, 0, 2], [3, 3, 0]]","[[2, 0, 2], [0, -2, -2], [3, 3, 0]]",12,288,1.08794e-07,7.8553e-10,False
mp-1078295,NaNbO3,failed,residual_above_tolerance,aligned,True,"[[3, -3, 0], [0, 3, -3], [1, 1, 1]]","[[3, -3, 0], [0, 3, -3], [1, 1, 1]]",10,270,1.18176,4.07856e-10,True
mp-1078409,Ba2LaBiO6,ok,,rotated,True,"[[2, 2, 0], [-3, 3, 0], [0, 0, 3]]","[[2, 2, 0], [-3, 3, 0], [0, 0, 3]]",10,360,1.24122e-07,0.398936,False
mp-1079050,LaAsO3,ok,,rotated,True,"[[4, 0, 0], [0, 3, 0], [0, 0, 3]]","[[4, 0, 0], [0, 3, 0], [0, 0, 3]]",10,360,1.16529e-07,0.441707,False
mp-10814,SrLiBO3,ok,,rotated,True,"[[2, 0, 0], [0, 2, 0], [0, 0, 2]]","[[2, 0, 0], [0, 2, 0], [0, 0, 2]]",24,192,1.12249e-07,0.439831,False
mp-10942,KNaLaNbO5,ok,,rotated,True,"[[-2, 2, 0], [-2, -2, 0], [0, 0, 2]]","[[-2, 2, 0], [-2, -2, 0], [0, 0, 2]]",18,288,8.17561e-08,0.171573,False
mp-1095378,AsAuO4,ok,,rotated,True,"[[2, 2, 0], [-3, 3, 0], [0, 0, 2]]","[[2, 2, 0], [-3, 3, 0], [0, 0, 2]]",12,288,1.18677e-07,0.25935,False
mp-1096838,Ba(AgO)2,ok,,aligned,False,"[[0, 2, 2], [2, 0, 2], [1, 1, 0]]","[[2, 0, 2], [0, -2, -2], [1, 1, 0]]",10,80,2.62598e-08,6.36636e-10,False
mp-1096933,CsAgO2,ok,,aligned,True,"[[2, 2, 0], [-1, 1, 0], [0, 0, 2]]","[[2, 2, 0], [-1, 1, 0], [0, 0, 2]]",8,64,7.20089e-08,9.67905e-10,False
mp-11019,GaCuO2,ok,,aligned,True,"[[4, 0, 0], [0, 4, 0], [0, 0, 1]]","[[4, 0, 0], [0, 4, 0], [0, 0, 1]]",8,128,7.61469e-08,1.40996e-09,False
mp-11022,ScAgO2,ok,,aligned,True,"[[4, 0, 0], [0, 4, 0], [0, 0, 1]]","[[4, 0, 0], [0, 4, 0], [0, 0, 1]]",8,128,7.52079e-08,4.2253e-10,False
mp-1102943,Ba2Cd(BO3)2,ok,,rotated,True,"[[2, 2, 0], [-3, 3, 0], [0, 0, 3]]","[[2, 2, 0], [-3, 3, 0], [0, 0, 3]]",11,396,1.15585e-07,0.422781,False
mp-1104307,La3SbO3,ok,,rotated,True,"[[1, 1, 0], [-3, 3, 0], [0, 0, 1]]","[[1, 1, 0], [-3, 3, 0], [0, 0, 1]]",14,84,8.47735e-08,0.486883,False
mp-1104363,K3ScV2O8,ok,,aligned,True,"[[3, 0, 0], [0, 3, 0], [0, 0, 2]]","[[3, 0, 0], [0, 3, 0], [0, 0, 2]]",14,252,1.37896e-07,7.57207e-10,False
mp-1105143,NaIn(GeO3)2,ok,,rotated,True,"[[1, 1, 0], [-1, 1, 0], [0, 0, 2]]","[[1, 1, 0], [-1, 1, 0], [0, 0, 2]]",20,80,6.57341e-08,0.448164,False
mp-1105217,BaLa2PdO5,ok,,rotated,True,"[[-2, 2, 0], [-2, -2, 0], [0, 0, 3]]","[[-2, 2, 0], [-2, -2, 0], [0, 0, 3]]",18,432,1.10065e-07,0.171573,False
mp-1105233,Ba(AsO3)2,ok,,rotated,True,"[[3, 3, 0], [-1, 1, 0], [0, 0, 4]]","[[3, 3, 0], [-1, 1, 0], [0, 0, 4]]",18,432,2.00171e-07,0.410084,False
mp-1105247,Sr2CaWO6,ok,,rotated,True,"[[3, 0, 0], [0, 3, 0], [0, 0, 2]]","[[3, 0, 0], [0, 3, 0], [0, 0, 2]]",20,360,1.13155e-07,0.440682,False
mp-1105495,BaHf(BO3)2,ok,,aligned,True,"[[2, -2, 0], [0, 2, -2], [1, 1, 1]]","[[2, -2, 0], [0, 2, -2], [1, 1, 1]]",20,240,1.37226e-07,8.48032e-10,False
mp-1106089,Ba2InGaO5,ok,,aligned,True,"[[0, 1, 1], [3, 0, 3], [3, 3, 0]]","[[0, 1, 1], [3, 0, 3], [3, 3, 0]]",18,324,1.25571e-07,6.492e-10,False
mp-1106218,Sr2ScSbO6,ok,,rotated,True,"[[2, 0, 0], [0, 2, 0], [0, 0, 1]]","[[2, 0, 0], [0, 2, 0], [0, 0, 1]]",20,80,9.10712e-08,0.227951,False
mp-1143,Al2O3,ok,,aligned,True,"[[3, -3, 0], [0, 3, -3], [1, 1, 1]]","[[3, -3, 0], [0, 3, -3], [1, 1, 1]]",10,270,1.2067e-07,2.78367e-10,False
mp-11715,MgSn(BO3)2,ok,,aligned,True,"[[3, -3, 0], [0, 3, -3], [1, 1, 1]]","[[3, -3, 0], [0, 3, -3], [1, 1, 1]]",10,270,1.26126e-07,7.78644e-10,False
mp-1178391,CsLiWO4,ok,,rotated,True,"[[2, -2, 0], [-2, -2, -4], [2, 2, 0]]","[[2, -2, 0], [-2, -2, -4], [2, 2, 0]]",7,224,7.91164e-08,0.171573,False
mp-1178450,Cs6Ge2O7,ok,,rotated,True,"[[3, 0, 0], [0, 2, 0], [0, 0, 2]]","[[3, 0, 0], [0, 2, 0], [0, 0, 2]]",30,360,1.95513e-07,0.4454,False
mp-1178815,VAgO3,ok,,rotated,True,"[[1, 1, 0], [-1, 1, 0], [0, 0, 2]]","[[1, 1, 0], [-1, 1, 0], [0, 0, 2]]",20,80,6.26191e-08,0.457012,False
mp-1182298,BaNaSc(BO3)2,ok,,aligned,True,"[[2, -2, 0], [0, 2, -2], [1, 1, 1]]","[[2, -2, 0], [0, 2, -2], [1, 1, 1]]",22,264,1.90937e-07,7.55866e-11,False
mp-1186878,Ta2Mo2O11,ok,,aligned,True,"[[3, -3, 0], [0, 3, -3], [1, 1, 1]]","[[3, -3, 0], [0, 3, -3], [1, 1, 1]]",15,405,1.84142e-07,7.39644e-10,False
mp-1189102,Sr2LaSbO6,ok,,rotated,True,"[[3, 0, 0], [0, 3, 0], [0, 0, 2]]","[[3, 0, 0], [0, 3, 0], [0, 0, 2]]",20,360,1.63347e-07,0.431762,False
mp-1189528,Ca2ScSbO6,ok,,rotated,True,"[[3, 0, 0], [0, 3, 0], [0, 0, 2]]","[[3, 0, 0], [0, 3, 0], [0, 0, 2]]",20,360,1.63902e-07,0.441073,False
mp-1190024,Ba3NaSbO6,ok,,aligned,True,"[[1, -1, 0], [0, 1, -1], [1, 1, 1]]","[[1, -1, 0], [0, 1, -1], [1, 1, 1]]",22,66,6.72207e-08,3.24404e-10,False
mp-1190108,Sr2TaInO6,ok,,rotated,True,"[[2, 0, 0], [0, 2, 0], [0, 0, 1]]","[[2, 0, 0], [0, 2, 0], [0, 0, 1]]",20,80,6.88103e-08,0.226645,False
mp-1190151,Sr3LiSbO6,ok,,aligned,True,"[[1, -1, 0], [0, 1, -1], [1, 1, 1]]","[[1, -1, 0], [0, 1, -1], [1, 1, 1]]",22,66,7.10055e-08,3.75362e-10,False
mp-1190195,LiIn(WO4)2,ok,,rotated,True,"[[1, 1, 0], [-1, 1, 0], [0, 0, 2]]","[[1, 1, 0], [-1, 1, 0], [0, 0, 2]]",24,96,6.69809e-08,0.0355708,False
mp-1190427,LaSbO4,ok,,rotated,True,"[[3, 0, 0], [0, 3, 0], [0, 0, 1]]","[[3, 0, 0], [0, 3, 0], [0, 0, 1]]",24,216,1.17077e-07,0.483167,False
mp-1190486,Sr3LiTaO6,ok,,aligned,True,"[[1, -1, 0], [0, 1, -1], [1, 1, 1]]","[[1, -1, 0], [0, 1, -1], [1, 1, 1]]",22,66,6.52108e-08,2.84447e-10,False
mp-1190545,Ba2MgGe2O7,failed,no_bijection,aligned,False,"[[2, 0, 0], [0, 2, 0], [0, 0, 3]]","[[0, 2, 0], [-2, 0, 0], [0, 0, 3]]",24,288,,5.15106e-10,True
mp-1190588,Ba2Cd(BO2)6,failed,no_bijection,aligned,True,"[[2, -2, 0], [0, 2, -2], [1, 1, 1]]","[[2, -2, 0], [0, 2, -2], [1, 1, 1]]",21,252,,3.47793e-10,True
mp-1190949,Ba2ZnGe2O7,failed,no_bijection,aligned,False,"[[2, 0, 0], [0, 2, 0], [0, 0, 3]]","[[0, 2, 0], [-2, 0, 0], [0, 0, 3]]",24,288,,8.32687e-10,True
mp-1191085,LiY(WO4)2,ok,,rotated,True,"[[2, 0, 0], [0, 2, 0], [0, 0, 1]]","[[2, 0, 0], [0, 2, 0], [0, 0, 1]]",24,96,7.29337e-08,0.478779,False
mp-1191101,KMgBO3,ok,,aligned,True,"[[2, 0, 0], [0, 2, 0], [0, 0, 2]]","[[2, 0, 0], [0, 2, 0], [0, 0, 2]]",24,192,1.10998e-07,2.35787e-10,False
mp-1191141,SrLi2SiO4,ok,,aligned,True,"[[3, 0, 0], [0, 3, 0], [0, 0, 1]]","[[3, 0, 0], [0, 3, 0], [0, 0, 1]]",24,216,1.09323e-07,1.6023e-10,False
mp-1191189,Cd2Sb2O7,ok,,aligned,True,"[[-1, 1, 1], [1, -1, 1], [1, 1, -1]]","[[-1, 1, 1], [1, -1, 1], [1, 1, -1]]",22,88,3.27283e-08,5.8104e-11,False
mp-1191240,Sr2ZnSi2O7,failed,no_bijection,aligned,False,"[[2, 0, 0], [0, 2, 0], [0, 0, 3]]","[[0, 2, 0], [-2, 0, 0], [0, 0, 3]]",24,288,,5.56497e-10,True
mp-1191513,Na3Sc(BO3)2,ok,,rotated,True,"[[3, 0, 0], [0, 2, 0], [0, 0, 2]]","[[3, 0, 0], [0, 2, 0], [0, 0, 2]]",24,288,1.16251e-07,0.457348,False
mp-1191636,CsCdBO3,ok,,aligned,True,"[[2, 0, 0], [0, 2, 0], [0, 0, 2]]","[[2, 0, 0], [0, 2, 0], [0, 0, 2]]",24,192,9.83467e-08,2.09716e-10,False
mp-1192417,BaGePbO4,ok,,aligned,True,"[[3, 0, 0], [0, 2, 0], [0, 0, 2]]","[[3, 0, 0], [0, 2, 0], [0, 0, 2]]",28,336,1.14382e-07,5.94728e-10,False
mp-1192743,SrGePbO4,ok,,aligned,True,"[[3, 0, 0], [0, 2, 0], [0, 0, 2]]","[[3, 0, 0], [0, 2, 0], [0, 0, 2]]",28,336,1.30906e-07,2.33149e-10,False
mp-1192933,CsAlSiO4,ok,,aligned,True,"[[2, 0, 0], [0, 2, 0], [0, 0, 3]]","[[2, 0, 0], [0, 2, 0], [0, 0, 3]]",28,336,0.000483549,9.02384e-10,False
mp-1193109,NaCaAsO4,ok,,aligned,True,"[[1, 0, 0], [0, 2, 0], [0, 0, 2]]","[[1, 0, 0], [0, 2, 0], [0, 0, 2]]",28,112,5.32805e-08,9.22495e-10,False
mp-1193166,Ba4Nb2O9,ok,,aligned,True,"[[3, 0, 0], [0, 3, 0], [0, 0, 1]]","[[3, 0, 0], [0, 3, 0], [0, 0, 1]]",30,270,1.61596e-07,4.2029e-11,False
mp-1194160,BaHf(SiO3)3,ok,,aligned,True,"[[2, 0, 0], [0, 2, 0], [0, 0, 1]]","[[2, 0, 0], [0, 2, 0], [0, 0, 1]]",28,112,7.52676e-08,2.85583e-10,False
mp-1205877,CsTlO,ok,,rotated,True,"[[1, 1, 0], [-4, 4, 0], [0, 0, 2]]","[[1, 1, 0], [-4, 4, 0], [0, 0, 2]]",6,96,5.89459e-08,0.373559,False
mp-1206230,RbTlO,ok,,rotated,True,"[[1, 1, 0], [-4, 4, 0], [0, 0, 2]]","[[1, 1, 0], [-4, 4, 0], [0, 0, 2]]",6,96,6.36588e-08,0.367291,False
mp-1206880,Li2HgO2,ok,,rotated,True,"[[3, 3, 6], [3, -3, 0], [1, 1, 0]]","[[3, 3, 6], [3, -3, 0], [1, 1, 0]]",5,180,7.21421e-08,0.242641,False
mp-1207646,YTl(WO4)2,ok,,rotated,True,"[[2, 2, 0], [-2, 2, 0], [0, 0, 2]]","[[2, 2, 0], [-2, 2, 0], [0, 0, 2]]",24,384,1.07837e-07,0.453073,False
mp-1207861,VCd2BiO6,ok,,aligned,True,"[[1, 1, 0], [-1, 1, 0], [0, 0, 2]]","[[1, 1, 0], [-1, 1, 0], [0, 0, 2]]",20,80,6.27498e-08,4.53654e-10,False
mp-1208033,TlPt3O4,ok,,aligned,True,"[[-1, 1, 1], [1, -1, 1], [1, 1, -1]]","[[-1, 1, 1], [1, -1, 1], [1, 1, -1]]",16,64,3.60193e-08,1.65224e-10,False
mp-1208096,TlBi(WO4)2,ok,,rotated,True,"[[2, 2, 0], [-2, 2, 0], [0, 0, 2]]","[[2, 2, 0], [-2, 2, 0], [0, 0, 2]]",24,384,1.58375e-07,0.467244,False
mp-1208776,Sr2ScTaO6,ok,,rotated,True,"[[2, 0, 0], [0, 2, 0], [0, 0, 1]]","[[2, 0, 0], [0, 2, 0], [0, 0, 1]]",20,80,6.10538e-08,0.227363,False
mp-1208777,Sr3NbGa3(SiO7)2,ok,,aligned,True,"[[2, 0, 0], [0, 2, 0], [0, 0, 3]]","[[2, 0, 0], [0, 2, 0], [0, 0, 3]]",23,276,1.50268e-07,3.24218e-10,False
mp-1209097,RbTa(BO3)2,ok,,aligned,True,"[[2, 0, 0], [0, 4, 0], [0, 0, 2]]","[[2, 0, 0], [0, 4, 0], [0, 0, 2]]",20,320,1.02614e-07,1.18628e-09,False
mp-1209133,RbY(WO4)2,ok,,rotated,True,"[[2, 2, 0], [-2, 2, 0], [0, 0, 2]]","[[2, 2, 0], [-2, 2, 0], [0, 0, 2]]",24,384,1.61259e-07,0.433105,False
mp-1209180,RbSc(MoO4)2,ok,,aligned,True,"[[3, 0, 0], [0, 3, 0], [0, 0, 2]]","[[3, 0, 0], [0, 3, 0], [0, 0, 2]]",12,216,1.59471e-07,1.98672e-10,False
mp-1209239,RbSc(WO4)2,ok,,rotated,True,"[[2, 2, 0], [-2, 2, 0], [0, 0, 2]]","[[2, 2, 0], [-2, 2, 0], [0, 0, 2]]",24,384,1.56256e-07,0.468666,False
mp-1209248,RbAl(MoO4)2,ok,,aligned,True,"[[3, 0, 0], [0, 3, 0], [0, 0, 2]]","[[3, 0, 0], [0, 3, 0], [0, 0, 2]]",12,216,1.44645e-07,6.21335e-10,False
mp-1209350,Rb3YV2O8,ok,,aligned,True,"[[3, 0, 0], [0, 3, 0], [0, 0, 2]]","[[3, 0, 0], [0, 3, 0], [0, 0, 2]]",14,252,1.54231e-07,3.66494e-10,False
mp-1209478,Rb2Li3GaO4,ok,,aligned,True,"[[0, 2, 2], [1, 0, 1], [1, 1, 0]]","[[0, 2, 2], [1, 0, 1], [1, 1, 0]]",20,80,4.53899e-08,8.40525e-10,False
mp-1209489,Rb2Pb2O3,ok,,aligned,True,"[[0, 2, 2], [2, 0, 2], [2, 2, 0]]","[[0, 2, 2], [2, 0, 2], [2, 2, 0]]",14,224,1.09435e-07,4.50977e-11,False
mp-1210092,NaBi(MoO4)2,failed,no_bijection,aligned,False,"[[0, 2, 2], [2, 0, 2], [1, 1, 0]]","[[2, 0, 2], [0, -2, -2], [1, 1, 0]]",12,96,,9.06501e-10,True
mp-1210161,NaSc(WO4)2,ok,,rotated,True,"[[1, 0, 0], [0, 2, 0], [0, 0, 2]]","[[1, 0, 0], [0, 2, 0], [0, 0, 2]]",24,96,7.21345e-08,0.0364784,False
mp-1210286,Na2ReO3,ok,,aligned,True,"[[2, 0, 0], [0, 2, 0], [0, 0, 1]]","[[2, 0, 0], [0, 2, 0], [0, 0, 1]]",24,96,6.37746e-08,3.64142e-10,False
mp-1210368,Na2PbO3,ok,,rotated,True,"[[2, 2, 0], [-1, 1, 0], [0, 0, 1]]","[[2, 2, 0], [-1, 1, 0], [0, 0, 1]]",24,96,8.05834e-08,0.342033,False
mp-1210431,Na2MgGeO4,ok,,rotated,True,"[[3, 0, 0], [0, 3, 0], [0, 0, 2]]","[[3, 0, 0], [0, 3, 0], [0, 0, 2]]",16,288,1.54232e-07,0.499482,False
mp-1210656,MgZn2(AsO4)2,ok,,rotated,True,"[[3, 0, 0], [0, 2, 0], [0, 0, 2]]","[[3, 0, 0], [0, 2, 0], [0, 0, 2]]",26,312,1.49897e-07,0.296872,False
mp-1210797,Li2MgGeO4,ok,,aligned,True,"[[3, 0, 0], [0, 3, 0], [0, 0, 3]]","[[3, 0, 0], [0, 3, 0], [0, 0, 3]]",16,432,1.2756e-07,8.91299e-10,False
mp-1211126,LiSc(WO4)2,ok,,rotated,True,"[[1, 1, 0], [-1, 1, 0], [0, 0, 2]]","[[1, 1, 0], [-1, 1, 0], [0, 0, 2]]",24,96,6.95295e-08,0.0293421,False
mp-1211258,La3TiGa5O14,ok,,aligned,True,"[[2, 0, 0], [0, 2, 0], [0, 0, 3]]","[[2, 0, 0], [0, 2, 0], [0, 0, 3]]",23,276,1.49873e-07,5.50084e-10,False
mp-1211281,La3HfGa5O14,ok,,aligned,True,"[[2, 0, 0], [0, 2, 0], [0, 0, 3]]","[[2, 0, 0], [0, 2, 0], [0, 0, 3]]",23,276,1.12435e-07,6.74028e-10,False
mp-1211443,KLa(MoO4)2,ok,,rotated,True,"[[2, 2, 0], [-2, 2, 0], [0, 0, 2]]","[[2, 2, 0], [-2, 2, 0], [0, 0, 2]]",24,384,1.51302e-07,0.428354,False
mp-1211497,KSc(WO4)2,ok,,rotated,True,"[[2, 2, 0], [-2, 2, 0], [0, 0, 2]]","[[2, 2, 0], [-2, 2, 0], [0, 0, 2]]",24,384,1.11652e-07,0.461589,False
mp-1211624,K4ZrO4,ok,,rotated,True,"[[3, 0, 0], [0, 3, 0], [0, 0, 2]]","[[3, 0, 0], [0, 3, 0], [0, 0, 2]]",18,324,1.92008e-07,0.442227,False
mp-1211649,K4HfO4,ok,,rotated,True,"[[3, 0, 0], [0, 3, 0], [0, 0, 2]]","[[3, 0, 0], [0, 3, 0], [0, 0, 2]]",18,324,1.59822e-07,0.440131,False
mp-1213157,CsSc(WO4)2,ok,,aligned,True,"[[3, 0, 0], [0, 3, 0], [0, 0, 2]]","[[3, 0, 0], [0, 3, 0], [0, 0, 2]]",12,216,1.49613e-07,4.40996e-10,False
mp-1213173,CsLa(WO4)2,ok,,rotated,True,"[[2, 2, 0], [-2, 2, 0], [0, 0, 2]]","[[2, 2, 0], [-2, 2, 0], [0, 0, 2]]",24,384,1.29973e-07,0.44262,False
mp-1213231,CsY(MoO4)2,ok,,aligned,True,"[[3, 0, 0], [0, 3, 0], [0, 0, 2]]","[[3, 0, 0], [0, 3, 0], [0, 0, 2]]",12,216,1.55282e-07,2.22108e-10,False
mp-1213335,CsY(WO4)2,ok,,rotated,True,"[[2, 2, 0], [-2, 2, 0], [0, 0, 2]]","[[2, 2, 0], [-2, 2, 0], [0, 0, 2]]",24,384,1.33183e-07,0.430239,False
mp-1213697,CsBi(MoO4)2,ok,,aligned,True,"[[3, 0, 0], [0, 2, 0], [0, 0, 2]]","[[3, 0, 0], [0, 2, 0], [0, 0, 2]]",24,288,1.12324e-07,6.77166e-10,False
mp-1213706,Cs2Pb2O3,ok,,aligned,True,"[[0, 2, 2], [2, 0, 2], [2, 2, 0]]","[[0, 2, 2], [2, 0, 2], [2, 2, 0]]",14,224,1.43522e-07,4.20922e-10,False
mp-1213894,CaYBO4,ok,,aligned,True,"[[1, 0, 0], [0, 3, 0], [0, 0, 1]]","[[1, 0, 0], [0, 3, 0], [0, 0, 1]]",28,84,6.44938e-08,1.26271e-09,False
mp-1213950,CaAgAsO4,ok,,aligned,True,"[[3, 3, 0], [-2, 2, 0], [0, 0, 2]]","[[3, 3, 0], [-2, 2, 0], [0, 0, 2]]",14,336,1.08573e-07,5.92373e-10,False
mp-1214081,Ca2ScTaO6,ok,,rotated,True,"[[3, 0, 0], [0, 3, 0], [0, 0, 2]]","[[3, 0, 0], [0, 3, 0], [0, 0, 2]]",20,360,1.37298e-07,0.444728,False
mp-1214228,BaZr(SiO3)3,ok,,aligned,True,"[[2, 0, 0], [0, 2, 0], [0, 0, 1]]","[[2, 0, 0], [0, 2, 0], [0, 0, 1]]",28,112,7.54395e-08,3.3219e-10,False
mp-1214314,BaTi(AsO4)2,ok,,rotated,True,"[[2, 2, 0], [-3, 3, 0], [0, 0, 2]]","[[2, 2, 0], [-3, 3, 0], [0, 0, 2]]",12,288,1.12055e-07,0.162295,False
mp-1214475,Ba3Ta2ZnO9,ok,,aligned,True,"[[3, 0, 0], [0, 3, 0], [0, 0, 2]]","[[3, 0, 0], [0, 3, 0], [0, 0, 2]]",15,270,1.48951e-07,1.94751e-10,False
mp-1214487,Ba3ZnSb2O9,ok,,aligned,True,"[[3, 0, 0], [0, 3, 0], [0, 0, 1]]","[[3, 0, 0], [0, 3, 0], [0, 0, 1]]",30,270,1.52085e-07,4.42312e-10,False
mp-1214502,Ba3Nb2CdO9,ok,,aligned,True,"[[3, 0, 0], [0, 3, 0], [0, 0, 2]]","[[3, 0, 0], [0, 3, 0], [0, 0, 2]]",15,270,1.59357e-07,8.00021e-10,False
mp-1214739,Ba2CdGe2O7,failed,no_bijection,aligned,False,"[[2, 0, 0], [0, 2, 0], [0, 0, 3]]","[[0, 2, 0], [-2, 0, 0], [0, 0, 3]]",24,288,,4.47582e-10,True
mp-1216423,VAg3HgO4,ok,,rotated,True,"[[4, 0, 0], [0, 3, 0], [0, 0, 3]]","[[4, 0, 0], [0, 3, 0], [0, 0, 3]]",9,324,1.53738e-07,0.461245,False
mp-1216623,TlSbWO6,ok,,aligned,True,"[[0, 3, 3], [2, 0, 2], [2, 2, 0]]","[[0, 3, 3], [2, 0, 2], [2, 2, 0]]",18,432,1.36933e-07,2.68449e-10,False
mp-1217830,TaTlWO6,ok,,aligned,True,"[[0, 3, 3], [2, 0, 2], [2, 2, 0]]","[[0, 3, 3], [2, 0, 2], [2, 2, 0]]",18,432,1.32717e-07,5.06479e-10,False
mp-1218099,Ta6TiTl2O18,ok,,aligned,True,"[[2, 0, 0], [0, 2, 0], [0, 0, 2]]","[[2, 0, 0], [0, 2, 0], [0, 0, 2]]",27,216,1.25072e-07,3.88538e-10,False
mp-1218484,SrAl2(SiO4)2,ok,,aligned,True,"[[3, 0, 0], [0, 3, 0], [0, 0, 1]]","[[3, 0, 0], [0, 3, 0], [0, 0, 1]]",26,234,1.2902e-07,6.5313e-10,False
mp-1219559,RbNaCd3O4,ok,,rotated,True,"[[1, 1, 0], [-4, 4, 0], [0, 0, 2]]","[[1, 1, 0], [-4, 4, 0], [0, 0, 2]]",9,144,8.56512e-08,0.382068,False
mp-1219606,RbSbMoO6,ok,,aligned,True,"[[0, 3, 3], [2, 0, 2], [2, 2, 0]]","[[0, 3, 3], [2, 0, 2], [2, 2, 0]]",18,432,1.19719e-07,4.58013e-10,False
mp-1220757,NaLa(MoO4)2,failed,no_bijection,aligned,False,"[[0, 2, 2], [2, 0, 2], [1, 1, 0]]","[[2, 0, 2], [0, -2, -2], [1, 1, 0]]",12,96,,3.41864e-10,True
mp-1221048,NaLiV2O6,ok,,rotated,True,"[[2, 2, 0], [-2, 2, 0], [0, 0, 3]]","[[2, 2, 0], [-2, 2, 0], [0, 0, 3]]",20,480,1.17946e-07,0.443698,False
mp-1222442,Li5AuO4,ok,,rotated,True,"[[2, 2, 0], [-1, 1, 0], [0, 0, 2]]","[[2, 2, 0], [-1, 1, 0], [0, 0, 2]]",10,80,5.1446e-08,0.463088,False
mp-1222719,LaTiSbO6,ok,,aligned,True,"[[3, 0, 0], [0, 3, 0], [0, 0, 3]]","[[3, 0, 0], [0, 3, 0], [0, 0, 3]]",9,243,1.49994e-07,7.65722e-10,False
mp-1223347,KSbWO6,ok,,aligned,True,"[[0, 3, 3], [2, 0, 2], [2, 2, 0]]","[[0, 3, 3], [2, 0, 2], [2, 2, 0]]",18,432,1.39555e-07,6.56866e-10,False
mp-1223458,KBaY(BO3)2,ok,,aligned,True,"[[3, -3, 0], [0, 3, -3], [1, 1, 1]]","[[3, -3, 0], [0, 3, -3], [1, 1, 1]]",11,297,1.54636e-07,6.82986e-10,False
mp-1223469,KLiZn3O4,ok,,rotated,True,"[[1, 1, 0], [-4, 4, 0], [0, 0, 2]]","[[1, 1, 0], [-4, 4, 0], [0, 0, 2]]",9,144,8.92995e-08,0.396847,False
mp-1224,HgO,ok,,aligned,True,"[[3, 0, 0], [0, 3, 0], [0, 0, 5]]","[[3, 0, 0], [0, 3, 0], [0, 0, 5]]",8,360,1.3669e-07,7.663e-10,False
mp-1227323,CaAl2(SiO4)2,ok,,aligned,True,"[[3, 0, 0], [0, 3, 0], [0, 0, 1]]","[[3, 0, 0], [0, 3, 0], [0, 0, 1]]",26,234,1.37435e-07,6.53882e-10,False
mp-1227475,BeTlAsO4,ok,,aligned,True,"[[2, 0, 0], [0, 2, 0], [0, 0, 4]]","[[2, 0, 0], [0, 2, 0], [0, 0, 4]]",28,448,1.34173e-07,5.34579e-10,False
mp-1228058,Ba3MgTaNbO9,ok,,aligned,True,"[[3, 0, 0], [0, 3, 0], [0, 0, 2]]","[[3, 0, 0], [0, 3, 0], [0, 0, 2]]",15,270,1.60988e-07,6.6737e-10,False
mp-1228067,Ba2ZrSnO6,ok,,aligned,True,"[[-2, 2, 2], [2, -2, 2], [2, 2, -2]]","[[-2, 2, 2], [2, -2, 2], [2, 2, -2]]",10,320,2.28313e-08,1.22094e-10,False
mp-1228129,Ba4InSbO8,ok,,aligned,True,"[[2, 2, 0], [-1, 1, 0], [0, 0, 2]]","[[2, 2, 0], [-1, 1, 0], [0, 0, 2]]",14,112,6.74887e-08,5.50302e-10,False
mp-1228141,Ba3CaTa2O9,ok,,aligned,True,"[[3, 0, 0], [0, 3, 0], [0, 0, 2]]","[[3, 0, 0], [0, 3, 0], [0, 0, 2]]",15,270,1.3801e-07,3.72481e-10,False
mp-1228350,Ba2ScCuO4,ok,,aligned,False,"[[4, 0, 0], [0, 4, 0], [0, 0, 2]]","[[-4, 0, 0], [0, -4, 0], [0, 0, 2]]",8,256,4.47297e-08,5.50841e-10,False
mp-1228360,Ba2InCuO4,ok,,aligned,False,"[[4, 0, 0], [0, 4, 0], [0, 0, 2]]","[[-4, 0, 0], [0, -4, 0], [0, 0, 2]]",8,256,3.09484e-08,9.43404e-10,False
mp-12385,Ba2YTaO6,ok,,rotated,True,"[[2, -2, 0], [-2, -2, -4], [2, 2, 0]]","[[2, -2, 0], [-2, -2, -4], [2, 2, 0]]",10,320,6.9089e-08,0.171573,False
mp-12427,Sr2TaGaO6,ok,,rotated,True,"[[2, -2, 0], [-2, -2, -4], [2, 2, 0]]","[[2, -2, 0], [-2, -2, -4], [2, 2, 0]]",10,320,7.537e-08,0.171573,False
mp-12533,La2Hf2O7,ok,,aligned,True,"[[-1, 1, 1], [1, -1, 1], [1, 1, -1]]","[[-1, 1, 1], [1, -1, 1], [1, 1, -1]]",22,88,2.19591e-08,1.83055e-10,False
mp-1265,MgO,ok,,aligned,True,"[[-2, 2, 2], [2, -2, 2], [2, 2, -2]]","[[-2, 2, 2], [2, -2, 2], [2, 2, -2]]",2,64,0,5.10056e-10,False
mp-12797,BaBe2Si2O7,ok,,aligned,True,"[[1, 0, 0], [0, 2, 0], [0, 0, 2]]","[[1, 0, 0], [0, 2, 0], [0, 0, 2]]",24,96,8.126e-08,1.89904e-10,False
mp-12878,Sr2YSbO6,ok,,rotated,True,"[[3, 0, 0], [0, 3, 0], [0, 0, 2]]","[[3, 0, 0], [0, 3, 0], [0, 0, 2]]",20,360,1.49977e-07,0.441711,False
mp-12881,Ba3NbGa3(SiO7)2,ok,,aligned,True,"[[2, 0, 0], [0, 2, 0], [0, 0, 3]]","[[2, 0, 0], [0, 2, 0], [0, 0, 3]]",23,276,1.2525e-07,3.62796e-10,False
mp-12885,BaAl2Sb2O7,ok,,aligned,True,"[[3, -3, 0], [0, 3, -3], [1, 1, 1]]","[[3, -3, 0], [0, 3, -3], [1, 1, 1]]",12,324,1.6853e-07,5.17082e-10,False
mp-13019,NaLa2TaO6,ok,,rotated,True,"[[3, 0, 0], [0, 3, 0], [0, 0, 2]]","[[3, 0, 0], [0, 3, 0], [0, 0, 2]]",20,360,1.49452e-07,0.419588,False
mp-13042,NaSr3TaO6,ok,,aligned,True,"[[1, -1, 0], [0, 1, -1], [1, 1, 1]]","[[1, -1, 0], [0, 1, -1], [1, 1, 1]]",22,66,7.69401e-08,3.12666e-10,False
mp-13055,Ba2LaTaO6,ok,,rotated,True,"[[2, 2, 0], [-3, 3, 0], [0, 0, 3]]","[[2, 2, 0], [-3, 3, 0], [0, 0, 3]]",10,360,1.68008e-07,0.398174,False
mp-13133,K2TiO3,ok,,aligned,True,"[[2, 2, 0], [-3, 3, 0], [0, 0, 3]]","[[2, 2, 0], [-3, 3, 0], [0, 0, 3]]",12,432,1.13764e-07,4.88218e-10,False
mp-13252,SnB4O7,ok,,aligned,True,"[[1, 0, 0], [0, 3, 0], [0, 0, 3]]","[[1, 0, 0], [0, 3, 0], [0, 0, 3]]",24,216,1.00245e-07,4.99954e-10,False
mp-1346,B6O,ok,,aligned,True,"[[2, -2, 0], [0, 2, -2], [1, 1, 1]]","[[2, -2, 0], [0, 2, -2], [1, 1, 1]]",14,168,8.95543e-08,1.12073e-10,False
mp-13541,Sr2Mg(BO3)2,ok,,rotated,True,"[[2, 2, 0], [-3, 3, 0], [0, 0, 3]]","[[2, 2, 0], [-3, 3, 0], [0, 0, 3]]",11,396,1.27585e-07,0.424969,False
mp-13641,TiCdO3,ok,,aligned,True,"[[3, -3, 0], [0, 3, -3], [1, 1, 1]]","[[3, -3, 0], [0, 3, -3], [1, 1, 1]]",10,270,1.43176e-07,3.09759e-10,False
mp-13743,K3GaO3,ok,,rotated,True,"[[2, 2, 0], [-1, 1, 0], [0, 0, 2]]","[[2, 2, 0], [-1, 1, 0], [0, 0, 2]]",14,112,9.10823e-08,0.468238,False
mp-13744,Rb3GaO3,ok,,rotated,True,"[[2, 2, 0], [-1, 1, 0], [0, 0, 2]]","[[2, 2, 0], [-1, 1, 0], [0, 0, 2]]",14,112,6.94944e-08,0.476974,False
mp-13801,Tl2Pt2O7,ok,,aligned,True,"[[-1, 1, 1], [1, -1, 1], [1, 1, -1]]","[[-1, 1, 1], [1, -1, 1], [1, 1, -1]]",22,88,3.40175e-08,2.9345e-10,False
mp-13820,Cd3SiO5,ok,,rotated,True,"[[1, 1, 0], [-1, 1, 0], [0, 0, 2]]","[[1, 1, 0], [-1, 1, 0], [0, 0, 2]]",18,72,2.4497e-08,0.414214,False
mp-13863,BaGeO3,ok,,aligned,True,"[[3, 0, 0], [0, 2, 0], [0, 0, 1]]","[[3, 0, 0], [0, 2, 0], [0, 0, 1]]",20,120,8.24523e-08,8.59766e-10,False
mp-13900,Sr(CuO)2,ok,,aligned,False,"[[0, 2, 2], [2, 0, 2], [1, 1, 0]]","[[2, 0, 2], [0, -2, -2], [1, 1, 0]]",10,80,1.70599e-08,8.57129e-10,False
mp-13995,Hg2GeO4,ok,,aligned,True,"[[-2, 2, 2], [1, -1, 1], [1, 1, -1]]","[[-2, 2, 2], [1, -1, 1], [1, 1, -1]]",14,112,7.37293e-08,3.38975e-10,False
mp-14324,K2Na4Be2O5,ok,,aligned,True,"[[3, 0, 0], [0, 3, 0], [0, 0, 2]]","[[3, 0, 0], [0, 3, 0], [0, 0, 2]]",26,468,1.17225e-07,1.65551e-10,False
mp-14333,TaAlO4,ok,,rotated,True,"[[1, 1, 0], [-3, 3, 0], [0, 0, 2]]","[[1, 1, 0], [-3, 3, 0], [0, 0, 2]]",12,144,7.28287e-08,0.397374,False
mp-14363,Rb2LiAsO4,ok,,aligned,True,"[[2, 2, 0], [-1, 1, 0], [0, 0, 2]]","[[2, 2, 0], [-1, 1, 0], [0, 0, 2]]",16,128,7.72449e-08,6.62815e-10,False
mp-14364,Cs2LiAsO4,ok,,aligned,True,"[[2, 2, 0], [-1, 1, 0], [0, 0, 2]]","[[2, 2, 0], [-1, 1, 0], [0, 0, 2]]",16,128,8.8451e-08,4.36457e-10,False
mp-14398,CaSn(BO3)2,failed,residual_above_tolerance,aligned,True,"[[3, -3, 0], [0, 3, -3], [1, 1, 1]]","[[3, -3, 0], [0, 3, -3], [1, 1, 1]]",10,270,1.19254,1.86984e-10,True
mp-14437,RbYO2,ok,,aligned,True,"[[6, -6, 0], [0, 6, -6], [1, 1, 1]]","[[6, -6, 0], [0, 6, -6], [1, 1, 1]]",4,432,1.72411e-07,1.38669e-09,False
mp-14495,Li6ZnO4,ok,,rotated,True,"[[1, 1, 0], [-1, 1, 0], [0, 0, 2]]","[[1, 1, 0], [-1, 1, 0], [0, 0, 2]]",22,88,6.09547e-08,0.414214,False
mp-14726,Na4TiO4,ok,,rotated,True,"[[3, 0, 0], [0, 3, 0], [0, 0, 2]]","[[3, 0, 0], [0, 3, 0], [0, 0, 2]]",18,324,1.27074e-07,0.468838,False
mp-14951,Rb3AlO3,ok,,rotated,True,"[[2, 2, 0], [-1, 1, 0], [0, 0, 2]]","[[2, 2, 0], [-1, 1, 0], [0, 0, 2]]",14,112,6.07796e-08,0.470502,False
mp-1518084,Sr2LaBiO6,ok,,rotated,True,"[[3, 0, 0], [0, 3, 0], [0, 0, 2]]","[[3, 0, 0], [0, 3, 0], [0, 0, 2]]",20,360,1.15454e-07,0.431881,False
mp-15349,Li2GeO3,ok,,aligned,True,"[[1, 1, 0], [-2, 2, 0], [0, 0, 2]]","[[1, 1, 0], [-2, 2, 0], [0, 0, 2]]",12,96,6.23801e-08,8.68465e-10,False
mp-1539317,Ta2O5,ok,,aligned,True,"[[3, 0, 0], [0, 1, 0], [0, 0, 3]]","[[3, 0, 0], [0, 1, 0], [0, 0, 3]]",14,126,7.94576e-08,2.37054e-10,False
mp-1540016,Ca(AgO2)2,ok,,aligned,False,"[[0, 2, 2], [2, 0, 2], [1, 1, 0]]","[[2, 0, 2], [0, -2, -2], [1, 1, 0]]",14,112,6.56553e-08,6.72973e-10,False
mp-1541458,Mg(ReO4)2,ok,,aligned,True,"[[3, 0, 0], [0, 3, 0], [0, 0, 3]]","[[3, 0, 0], [0, 3, 0], [0, 0, 3]]",11,297,1.60509e-07,6.53294e-10,False
mp-1541753,Rb2MgO2,ok,,aligned,True,"[[0, 2, 2], [1, 0, 1], [2, 2, 0]]","[[0, 2, 2], [1, 0, 1], [2, 2, 0]]",10,80,5.00436e-08,8.27573e-10,False
mp-15573,Tl3AsO4,ok,,aligned,True,"[[2, 0, 0], [0, 2, 0], [0, 0, 3]]","[[2, 0, 0], [0, 2, 0], [0, 0, 3]]",16,192,1.58226e-07,3.08508e-10,False
mp-15733,CaTaAlO5,ok,,rotated,True,"[[3, 3, 0], [-2, 2, 0], [0, 0, 2]]","[[3, 3, 0], [-2, 2, 0], [0, 0, 2]]",16,384,1.14938e-07,0.238973,False
mp-15743,Sr2CeO4,ok,,aligned,True,"[[3, 0, 0], [0, 2, 0], [0, 0, 5]]","[[3, 0, 0], [0, 2, 0], [0, 0, 5]]",14,420,1.17144e-07,4.12749e-10,False
mp-1581,As2O3,ok,,rotated,True,"[[3, 0, 0], [0, 4, 0], [0, 0, 2]]","[[3, 0, 0], [0, 4, 0], [0, 0, 2]]",20,480,1.99795e-07,0.497767,False
mp-16136,Sr3TaGa3(SiO7)2,ok,,aligned,True,"[[2, 0, 0], [0, 2, 0], [0, 0, 3]]","[[2, 0, 0], [0, 2, 0], [0, 0, 3]]",23,276,1.10969e-07,7.07393e-10,False
mp-16280,Ca2Sb2O7,ok,,aligned,True,"[[0, 2, 2], [2, 0, 2], [2, 2, 0]]","[[0, 2, 2], [2, 0, 2], [2, 2, 0]]",22,352,8.45005e-08,3.98349e-10,False
mp-16432,Sr3(BO3)2,ok,,aligned,True,"[[1, -1, 0], [0, 1, -1], [1, 1, 1]]","[[1, -1, 0], [0, 1, -1], [1, 1, 1]]",22,66,7.64675e-08,3.69838e-10,False
mp-16737,Na2BeB2O5,ok,,rotated,True,"[[3, 3, 0], [-2, 2, 0], [0, 0, 2]]","[[3, 3, 0], [-2, 2, 0], [0, 0, 2]]",20,480,1.08103e-07,0.452783,False
mp-16805,Cs2Ti(GeO3)3,ok,,aligned,True,"[[2, 0, 0], [0, 2, 0], [0, 0, 1]]","[[2, 0, 0], [0, 2, 0], [0, 0, 1]]",30,120,1.04221e-07,2.44412e-10,False
mp-16834,Zn3(AsO4)2,ok,,rotated,True,"[[3, 0, 0], [0, 2, 0], [0, 0, 2]]","[[3, 0, 0], [0, 2, 0], [0, 0, 2]]",26,312,1.14681e-07,0.292333,False
mp-16871,K2ZrGe2O7,ok,,rotated,True,"[[1, 1, 0], [-2, 2, 0], [0, 0, 1]]","[[1, 1, 0], [-2, 2, 0], [0, 0, 1]]",24,96,8.02072e-08,0.346088,False
mp-16978,Ba3MgSb2O9,ok,,aligned,True,"[[3, 0, 0], [0, 3, 0], [0, 0, 1]]","[[3, 0, 0], [0, 3, 0], [0, 0, 1]]",30,270,1.54022e-07,2.41458e-10,False
mp-17020,TiTl2(GeO3)3,ok,,aligned,True,"[[2, 0, 0], [0, 2, 0], [0, 0, 1]]","[[2, 0, 0], [0, 2, 0], [0, 0, 1]]",30,120,8.60827e-08,4.37856e-10,False
mp-17037,Rb2Ti(SiO3)3,ok,,aligned,True,"[[2, 0, 0], [0, 2, 0], [0, 0, 1]]","[[2, 0, 0], [0, 2, 0], [0, 0, 1]]",30,120,9.35734e-08,4.08598e-10,False
mp-17071,Rb2CrO4,ok,,aligned,True,"[[2, 0, 0], [0, 3, 0], [0, 0, 2]]","[[2, 0, 0], [0, 3, 0], [0, 0, 2]]",28,336,0.000513703,5.30779e-10,False
mp-17161,K6CdO4,ok,,aligned,True,"[[2, 0, 0], [0, 2, 0], [0, 0, 3]]","[[2, 0, 0], [0, 2, 0], [0, 0, 3]]",22,264,1.45816e-07,7.10466e-10,False
mp-17250,K3SbO3,ok,,aligned,True,"[[2, 0, 0], [0, 2, 0], [0, 0, 2]]","[[2, 0, 0], [0, 2, 0], [0, 0, 2]]",28,224,1.39269e-07,4.76478e-10,False
mp-17380,Ba2Ca(PdO2)3,ok,,aligned,True,"[[-2, 2, 2], [1, -1, 1], [1, 1, -1]]","[[-2, 2, 2], [1, -1, 1], [1, 1, -1]]",24,192,9.92964e-08,3.06843e-10,False
mp-17382,Rb2Si3SnO9,ok,,aligned,True,"[[2, 0, 0], [0, 2, 0], [0, 0, 1]]","[[2, 0, 0], [0, 2, 0], [0, 0, 1]]",30,120,1.17025e-07,2.66897e-10,False
mp-17392,Sr2ZnGe2O7,failed,no_bijection,aligned,False,"[[2, 0, 0], [0, 2, 0], [0, 0, 3]]","[[0, 2, 0], [-2, 0, 0], [0, 0, 3]]",24,288,,5.5792e-10,True
mp-17394,NaYGeO4,ok,,aligned,True,"[[1, 0, 0], [0, 2, 0], [0, 0, 2]]","[[1, 0, 0], [0, 2, 0], [0, 0, 2]]",28,112,5.47387e-08,3.6997e-10,False
mp-17458,V2Zn2O7,ok,,rotated,True,"[[2, 2, 0], [-2, 2, 0], [0, 0, 2]]","[[2, 2, 0], [-2, 2, 0], [0, 0, 2]]",22,352,1.21153e-07,0.42879,False
mp-17481,Mg4Ta2O9,ok,,aligned,True,"[[3, 0, 0], [0, 3, 0], [0, 0, 1]]","[[3, 0, 0], [0, 3, 0], [0, 0, 1]]",30,270,1.28426e-07,3.55645e-10,False
mp-17612,Ba2SiO4,ok,,aligned,True,"[[2, 0, 0], [0, 3, 0], [0, 0, 2]]","[[2, 0, 0], [0, 3, 0], [0, 0, 2]]",28,336,9.08838e-08,6.51656e-10,False
mp-17621,CsReO4,ok,,aligned,True,"[[2, 0, 0], [0, 2, 0], [0, 0, 1]]","[[2, 0, 0], [0, 2, 0], [0, 0, 1]]",24,96,5.66116e-08,4.15308e-10,False
mp-17708,Ge3Sb2O9,ok,,aligned,True,"[[2, 0, 0], [0, 2, 0], [0, 0, 1]]","[[2, 0, 0], [0, 2, 0], [0, 0, 1]]",28,112,8.21191e-08,3.59941e-10,False
mp-17730,K2SnO3,ok,,aligned,True,"[[3, 0, 0], [0, 2, 0], [0, 0, 3]]","[[3, 0, 0], [0, 2, 0], [0, 0, 3]]",24,432,1.39541e-07,5.31744e-10,False
mp-17785,KNa2GaO3,ok,,aligned,True,"[[2, 0, 0], [0, 2, 0], [0, 0, 1]]","[[2, 0, 0], [0, 2, 0], [0, 0, 1]]",28,112,7.09111e-08,3.60208e-10,False
mp-17841,Mg4Nb2O9,ok,,aligned,True,"[[3, 0, 0], [0, 3, 0], [0, 0, 1]]","[[3, 0, 0], [0, 3, 0], [0, 0, 1]]",30,270,1.29489e-07,7.66146e-11,False
mp-17854,LiInGeO4,ok,,aligned,True,"[[1, 0, 0], [0, 2, 0], [0, 0, 2]]","[[1, 0, 0], [0, 2, 0], [0, 0, 2]]",28,112,5.47396e-08,2.42483e-10,False
mp-17891,NaYSiO4,ok,,aligned,True,"[[1, 0, 0], [0, 2, 0], [0, 0, 2]]","[[1, 0, 0], [0, 2, 0], [0, 0, 2]]",28,112,5.31017e-08,1.45107e-10,False
mp-17911,Ba2ZnO3,ok,,rotated,True,"[[2, 2, 0], [-1, 1, 0], [0, 0, 1]]","[[2, 2, 0], [-1, 1, 0], [0, 0, 1]]",24,96,8.04576e-08,0.117583,False
mp-17914,CaGa4O7,ok,,rotated,True,"[[1, 1, 0], [-1, 1, 0], [0, 0, 2]]","[[1, 1, 0], [-1, 1, 0], [0, 0, 2]]",24,96,7.52428e-08,0.384713,False
mp-17986,TiTl2O3,ok,,aligned,True,"[[1, 0, 0], [0, 3, 0], [0, 0, 1]]","[[1, 0, 0], [0, 3, 0], [0, 0, 1]]",24,72,6.57865e-08,1.18324e-09,False
mp-18160,Cs2SrV4O12,ok,,rotated,True,"[[1, 1, 0], [-1, 1, 0], [0, 0, 2]]","[[1, 1, 0], [-1, 1, 0], [0, 0, 2]]",19,76,6.28543e-08,0.414214,False
mp-18253,SrGa4O7,ok,,rotated,True,"[[1, 1, 0], [-2, 2, 0], [0, 0, 3]]","[[1, 1, 0], [-2, 2, 0], [0, 0, 3]]",24,288,1.09639e-07,0.361793,False
mp-18315,Cs6Si2O7,ok,,rotated,True,"[[3, 0, 0], [0, 2, 0], [0, 0, 2]]","[[3, 0, 0], [0, 2, 0], [0, 0, 2]]",30,360,1.99053e-07,0.477946,False
mp-18422,RbLiZn2O3,ok,,aligned,True,"[[1, 0, 0], [0, 1, 0], [0, 0, 3]]","[[1, 0, 0], [0, 1, 0], [0, 0, 3]]",28,84,6.14073e-08,1.13508e-09,False
mp-18449,K2ZrO3,ok,,aligned,True,"[[3, 0, 0], [0, 2, 0], [0, 0, 3]]","[[3, 0, 0], [0, 2, 0], [0, 0, 3]]",24,432,1.21922e-07,5.23048e-10,False
mp-18473,RbLa(MoO4)2,ok,,aligned,True,"[[3, 0, 0], [0, 3, 0], [0, 0, 2]]","[[3, 0, 0], [0, 3, 0], [0, 0, 2]]",24,432,1.2807e-07,3.00544e-10,False
mp-18480,Na3Ca2TaO6,ok,,aligned,True,"[[-2, 2, 2], [2, -2, 2], [1, 1, -1]]","[[-2, 2, 2], [2, -2, 2], [1, 1, -1]]",24,384,4.86018e-08,6.84876e-10,False
mp-18483,Rb6Si2O7,ok,,rotated,True,"[[3, 0, 0], [0, 2, 0], [0, 0, 2]]","[[3, 0, 0], [0, 2, 0], [0, 0, 2]]",30,360,1.54552e-07,0.450633,False
mp-18502,BaSi3SnO9,ok,,aligned,True,"[[2, 0, 0], [0, 2, 0], [0, 0, 1]]","[[2, 0, 0], [0, 2, 0], [0, 0, 1]]",28,112,8.32596e-08,2.71699e-10,False
mp-18510,Sr2SiO4,ok,,rotated,True,"[[2, 0, 0], [0, 2, 0], [0, 0, 1]]","[[2, 0, 0], [0, 2, 0], [0, 0, 1]]",28,112,9.73536e-08,0.457726,False
mp-18733,AlTl(MoO4)2,ok,,aligned,True,"[[3, 0, 0], [0, 3, 0], [0, 0, 2]]","[[3, 0, 0], [0, 3, 0], [0, 0, 2]]",12,216,1.33289e-07,5.61559e-10,False
mp-18740,V2Cd2O7,ok,,rotated,True,"[[2, 2, 0], [-2, 2, 0], [0, 0, 3]]","[[2, 2, 0], [-2, 2, 0], [0, 0, 3]]",11,264,1.0861e-07,0.497193,False
mp-18741,RbLiCrO4,ok,,aligned,True,"[[3, 0, 0], [0, 3, 0], [0, 0, 2]]","[[3, 0, 0], [0, 3, 0], [0, 0, 2]]",14,252,1.52478e-07,3.64674e-10,False
mp-18779,Na2CrO4,ok,,aligned,True,"[[3, 3, 0], [-2, 2, 0], [0, 0, 2]]","[[3, 3, 0], [-2, 2, 0], [0, 0, 2]]",14,336,1.16629e-07,6.96983e-10,False
mp-18780,K2WO4,ok,,rotated,True,"[[1, 1, 0], [-2, 2, 0], [0, 0, 2]]","[[1, 1, 0], [-2, 2, 0], [0, 0, 2]]",14,112,0.000148023,0.40711,False
mp-18781,CrCdO4,ok,,aligned,True,"[[3, 3, 0], [-2, 2, 0], [0, 0, 3]]","[[3, 3, 0], [-2, 2, 0], [0, 0, 3]]",12,432,1.19469e-07,6.93857e-10,False
mp-18803,Na2WO4,ok,,aligned,True,"[[-2, 2, 2], [2, -2, 2], [2, 2, -2]]","[[-2, 2, 2], [2, -2, 2], [2, 2, -2]]",14,448,1.69117e-08,2.8494e-10,False
mp-18815,KVO3,ok,,aligned,True,"[[2, 0, 0], [0, 1, 0], [0, 0, 2]]","[[2, 0, 0], [0, 1, 0], [0, 0, 2]]",20,80,6.9568e-08,7.16757e-10,False
mp-18834,SrMoO4,ok,,aligned,False,"[[0, 2, 2], [2, 0, 2], [1, 1, 0]]","[[2, 0, 2], [0, -2, -2], [1, 1, 0]]",12,96,7.08938e-08,1.99174e-10,False
mp-18852,Na2MoO4,ok,,aligned,True,"[[-2, 2, 2], [2, -2, 2], [2, 2, -2]]","[[-2, 2, 2], [2, -2, 2], [2, 2, -2]]",14,448,5.24524e-09,6.53584e-11,False
mp-18853,TlV2AgO6,ok,,rotated,True,"[[1, 1, 0], [-1, 1, 0], [0, 0, 2]]","[[1, 1, 0], [-1, 1, 0], [0, 0, 2]]",20,80,6.45294e-08,0.481533,False
mp-18864,Rb2WO4,ok,,rotated,True,"[[1, 1, 0], [-2, 2, 0], [0, 0, 2]]","[[1, 1, 0], [-2, 2, 0], [0, 0, 2]]",14,112,8.08402e-08,0.405264,False
mp-18875,MgWO4,ok,,rotated,True,"[[2, 0, 0], [0, 2, 0], [0, 0, 2]]","[[2, 0, 0], [0, 2, 0], [0, 0, 2]]",12,96,5.94693e-08,0.0213621,False
mp-18914,K2MoO4,ok,,rotated,True,"[[1, 1, 0], [-2, 2, 0], [0, 0, 2]]","[[1, 1, 0], [-2, 2, 0], [0, 0, 2]]",14,112,8.65279e-08,0.412461,False
mp-18918,ZnWO4,ok,,rotated,True,"[[3, 0, 0], [0, 3, 0], [0, 0, 3]]","[[3, 0, 0], [0, 3, 0], [0, 0, 3]]",12,324,1.06764e-07,0.0214982,False
mp-18964,K3NaCr2O8,ok,,rotated,True,"[[2, 2, 0], [-3, 3, 0], [0, 0, 1]]","[[2, 2, 0], [-3, 3, 0], [0, 0, 1]]",28,336,1.15482e-07,0.00326705,False
mp-19005,Y6WO12,ok,,aligned,True,"[[2, -2, 0], [0, 2, -2], [2, 2, 2]]","[[2, -2, 0], [0, 2, -2], [2, 2, 2]]",19,456,1.66291e-07,3.64985e-10,False
mp-19014,Sr2CdWO6,ok,,rotated,True,"[[3, 0, 0], [0, 3, 0], [0, 0, 2]]","[[3, 0, 0], [0, 3, 0], [0, 0, 2]]",20,360,1.39265e-07,0.448322,False
mp-19031,RbVO3,ok,,aligned,True,"[[2, 0, 0], [0, 1, 0], [0, 0, 2]]","[[2, 0, 0], [0, 1, 0], [0, 0, 2]]",20,80,6.53941e-08,6.38729e-10,False
mp-19034,Mg3V2O8,ok,,aligned,True,"[[2, 2, 0], [-1, 1, 0], [0, 0, 1]]","[[2, 2, 0], [-1, 1, 0], [0, 0, 1]]",26,104,5.5898e-08,3.61241e-10,False
mp-19037,K2W2O7,ok,,rotated,True,"[[3, 0, 0], [0, 1, 0], [0, 0, 2]]","[[3, 0, 0], [0, 1, 0], [0, 0, 2]]",22,132,8.25193e-08,0.0203814,False
mp-19048,BaWO4,ok,,aligned,False,"[[0, 2, 2], [2, 0, 2], [1, 1, 0]]","[[2, 0, 2], [0, -2, -2], [1, 1, 0]]",12,96,3.60844e-08,2.1457e-10,False
mp-19083,NaVO3,ok,,rotated,True,"[[2, 2, 0], [-2, 2, 0], [0, 0, 3]]","[[2, 2, 0], [-2, 2, 0], [0, 0, 3]]",20,480,1.27943e-07,0.385039,False
mp-19123,Rb2LiVO4,ok,,aligned,True,"[[2, 2, 0], [-1, 1, 0], [0, 0, 2]]","[[2, 2, 0], [-1, 1, 0], [0, 0, 2]]",16,128,7.25857e-08,3.40779e-10,False
mp-19133,YVO4,ok,,aligned,False,"[[0, 2, 2], [2, 0, 2], [2, 2, 0]]","[[2, 0, 2], [0, -2, -2], [2, 2, 0]]",12,192,3.99075e-08,5.67115e-10,False
mp-19162,LaVO4,ok,,aligned,False,"[[0, 2, 2], [2, 0, 2], [2, 2, 0]]","[[2, 0, 2], [0, -2, -2], [2, 2, 0]]",12,192,6.46522e-08,5.80488e-10,False
mp-19163,SrWO4,ok,,aligned,False,"[[0, 2, 2], [2, 0, 2], [1, 1, 0]]","[[2, 0, 2], [0, -2, -2], [1, 1, 0]]",12,96,5.7479e-08,1.01653e-10,False
mp-19212,Rb2MoO4,ok,,rotated,True,"[[1, 1, 0], [-2, 2, 0], [0, 0, 2]]","[[1, 1, 0], [-2, 2, 0], [0, 0, 2]]",14,112,8.47109e-08,0.409777,False
mp-19219,Li3VO4,ok,,aligned,True,"[[3, 0, 0], [0, 3, 0], [0, 0, 3]]","[[3, 0, 0], [0, 3, 0], [0, 0, 3]]",16,432,1.2744e-07,2.2291e-10,False
mp-19232,K2CrO4,ok,,aligned,True,"[[2, 0, 0], [0, 3, 0], [0, 0, 2]]","[[2, 0, 0], [0, 3, 0], [0, 0, 2]]",28,336,9.62709e-08,5.91435e-10,False
mp-19260,Li2WO4,ok,,rotated,True,"[[1, 1, 0], [-2, 2, 0], [0, 0, 2]]","[[1, 1, 0], [-2, 2, 0], [0, 0, 2]]",14,112,6.29079e-08,0.042928,False
mp-19276,BaMoO4,ok,,aligned,False,"[[0, 2, 2], [2, 0, 2], [1, 1, 0]]","[[2, 0, 2], [0, -2, -2], [1, 1, 0]]",12,96,7.3396e-08,7.45602e-10,False
mp-19302,NaCaVO4,ok,,aligned,True,"[[3, 3, 0], [-2, 2, 0], [0, 0, 2]]","[[3, 3, 0], [-2, 2, 0], [0, 0, 2]]",14,336,1.2781e-07,3.62945e-10,False
mp-19324,Ca2MgWO6,ok,,rotated,True,"[[3, 0, 0], [0, 3, 0], [0, 0, 2]]","[[3, 0, 0], [0, 3, 0], [0, 0, 2]]",20,360,1.54262e-07,0.438045,False
mp-19330,CaMoO4,ok,,aligned,False,"[[0, 2, 2], [2, 0, 2], [1, 1, 0]]","[[2, 0, 2], [0, -2, -2], [1, 1, 0]]",12,96,4.25096e-08,4.48372e-10,False
mp-19363,HgMoO4,ok,,rotated,True,"[[1, 1, 0], [-2, 2, 0], [0, 0, 2]]","[[1, 1, 0], [-2, 2, 0], [0, 0, 2]]",12,96,5.87568e-08,0.38155,False
mp-19365,Ba3V2O8,ok,,aligned,True,"[[3, -3, 0], [0, 3, -3], [1, 1, 1]]","[[3, -3, 0], [0, 3, -3], [1, 1, 1]]",13,351,1.60981e-07,4.4475e-10,False
mp-19387,CdWO4,ok,,rotated,True,"[[2, 0, 0], [0, 2, 0], [0, 0, 2]]","[[2, 0, 0], [0, 2, 0], [0, 0, 2]]",12,96,6.81564e-08,0.044586,False
mp-19426,CaWO4,ok,,aligned,False,"[[0, 2, 2], [2, 0, 2], [1, 1, 0]]","[[2, 0, 2], [0, -2, -2], [1, 1, 0]]",12,96,5.58167e-08,4.6387e-10,False
mp-19432,KNaV2O6,ok,,rotated,True,"[[1, 1, 0], [-1, 1, 0], [0, 0, 2]]","[[1, 1, 0], [-1, 1, 0], [0, 0, 2]]",20,80,6.5931e-08,0.475841,False
mp-19447,Cs2NaVO4,ok,,rotated,True,"[[3, 0, 0], [0, 3, 0], [0, 0, 2]]","[[3, 0, 0], [0, 3, 0], [0, 0, 2]]",16,288,1.34939e-07,0.154614,False
mp-19449,NaVCdO4,ok,,aligned,True,"[[3, 3, 0], [-2, 2, 0], [0, 0, 2]]","[[3, 3, 0], [-2, 2, 0], [0, 0, 2]]",14,336,8.45966e-08,4.81041e-10,False
mp-19450,ScTl(MoO4)2,ok,,aligned,True,"[[3, 0, 0], [0, 3, 0], [0, 0, 2]]","[[3, 0, 0], [0, 3, 0], [0, 0, 2]]",12,216,1.54279e-07,4.05949e-10,False
mp-1960,Li2O,ok,,aligned,True,"[[-2, 2, 2], [2, -2, 2], [2, 2, -2]]","[[-2, 2, 2], [2, -2, 2], [2, 2, -2]]",3,96,0,2.97873e-10,False
mp-19926,La2Be2GeO7,failed,no_bijection,aligned,False,"[[2, 0, 0], [0, 2, 0], [0, 0, 3]]","[[0, 2, 0], [-2, 0, 0], [0, 0, 3]]",24,288,,6.89762e-10,True
mp-19970,Li3CuO3,ok,,rotated,True,"[[1, 1, 0], [-1, 1, 0], [0, 0, 3]]","[[1, 1, 0], [-1, 1, 0], [0, 0, 3]]",28,168,8.71267e-08,0.414214,False
mp-20015,As2PbO6,ok,,aligned,True,"[[3, 0, 0], [0, 3, 0], [0, 0, 3]]","[[3, 0, 0], [0, 3, 0], [0, 0, 3]]",9,243,1.26059e-07,9.05465e-10,False
mp-20072,LaCuO2,ok,,aligned,True,"[[4, -4, 0], [0, 4, -4], [1, 1, 1]]","[[4, -4, 0], [0, 4, -4], [1, 1, 1]]",4,192,1.09428e-07,9.47579e-10,False
mp-20088,Na4PbO4,ok,,rotated,True,"[[3, 0, 0], [0, 3, 0], [0, 0, 2]]","[[3, 0, 0], [0, 3, 0], [0, 0, 2]]",18,324,1.68869e-07,0.478435,False
mp-20222,Sr2NbInO6,ok,,rotated,True,"[[3, 0, 0], [0, 3, 0], [0, 0, 2]]","[[3, 0, 0], [0, 3, 0], [0, 0, 2]]",20,360,1.31526e-07,0.451551,False
mp-20496,Ga2PbO4,ok,,aligned,True,"[[2, 0, 0], [0, 2, -2], [0, 3, 3]]","[[2, 0, 0], [0, 2, -2], [0, 3, 3]]",14,336,1.07668e-07,5.53058e-10,False
mp-20546,Ba2In2O5,ok,,aligned,True,"[[0, 1, 1], [3, 0, 3], [3, 3, 0]]","[[0, 1, 1], [3, 0, 3], [3, 3, 0]]",18,324,1.25255e-07,6.36059e-10,False
mp-20564,V2Pb3O8,ok,,rotated,True,"[[3, 0, 0], [0, 3, 0], [0, 0, 2]]","[[3, 0, 0], [0, 3, 0], [0, 0, 2]]",26,468,1.63682e-07,0.20143,False
mp-20678,NaIn(WO4)2,ok,,rotated,True,"[[1, 0, 0], [0, 2, 0], [0, 0, 2]]","[[1, 0, 0], [0, 2, 0], [0, 0, 2]]",24,96,8.19442e-08,0.0385588,False
mp-20694,K2Pb2O3,ok,,aligned,True,"[[0, 2, 2], [2, 0, 2], [2, 2, 0]]","[[0, 2, 2], [2, 0, 2], [2, 2, 0]]",14,224,1.07626e-07,1.69258e-10,False
mp-20727,Sb2PbO6,ok,,aligned,True,"[[2, 0, 0], [0, 2, 0], [0, 0, 2]]","[[2, 0, 0], [0, 2, 0], [0, 0, 2]]",9,72,6.15611e-08,7.26584e-10,False
mp-20944,Sr2PbO4,ok,,aligned,True,"[[3, 0, 0], [0, 2, 0], [0, 0, 5]]","[[3, 0, 0], [0, 2, 0], [0, 0, 5]]",14,420,9.71795e-08,5.65278e-10,False
mp-21084,In6Ga2PtO8,ok,,aligned,True,"[[-1, 1, 1], [1, -1, 1], [1, 1, -1]]","[[-1, 1, 1], [1, -1, 1], [1, 1, -1]]",17,68,4.47342e-08,3.69915e-12,False
mp-21137,Ca2PbO4,ok,,aligned,True,"[[3, 0, 0], [0, 2, 0], [0, 0, 5]]","[[3, 0, 0], [0, 2, 0], [0, 0, 5]]",14,420,1.11082e-07,5.53078e-10,False
mp-21138,MoPb2O5,ok,,rotated,True,"[[1, 1, 0], [-3, 3, 0], [0, 0, 2]]","[[1, 1, 0], [-3, 3, 0], [0, 0, 2]]",16,192,8.50786e-08,0.4353,False
mp-2133,ZnO,ok,,aligned,True,"[[5, 0, 0], [0, 5, 0], [0, 0, 3]]","[[5, 0, 0], [0, 5, 0], [0, 0, 3]]",4,300,1.17482e-07,8.9648e-10,False
mp-2136,Sb2O3,ok,,aligned,True,"[[2, 0, 0], [0, 1, 0], [0, 0, 2]]","[[2, 0, 0], [0, 1, 0], [0, 0, 2]]",20,80,6.12603e-08,8.75517e-10,False
mp-21461,Rb2PbO3,ok,,aligned,True,"[[3, 0, 0], [0, 2, 0], [0, 0, 3]]","[[3, 0, 0], [0, 2, 0], [0, 0, 3]]",24,432,1.57383e-07,5.44559e-10,False
mp-21521,Cs2PbO3,ok,,aligned,True,"[[2, 2, 0], [-3, 3, 0], [0, 0, 3]]","[[2, 2, 0], [-3, 3, 0], [0, 0, 3]]",12,432,1.32821e-07,3.73637e-10,False
mp-21879,Ba2CePtO6,ok,,aligned,True,"[[-2, 2, 2], [2, -2, 2], [2, 2, -2]]","[[-2, 2, 2], [2, -2, 2], [2, 2, -2]]",10,320,2.94006e-08,2.02272e-10,False
mp-21892,Al2PbO4,ok,,aligned,True,"[[2, 0, 0], [0, 2, -2], [0, 3, 3]]","[[2, 0, 0], [0, 2, -2], [0, 3, 3]]",14,336,1.1546e-07,4.89782e-10,False
mp-22169,MoPbO4,ok,,aligned,False,"[[0, 2, 2], [2, 0, 2], [1, 1, 0]]","[[2, 0, 2], [0, -2, -2], [1, 1, 0]]",12,96,6.14549e-08,3.75148e-10,False
mp-22170,Li4PbO4,ok,,aligned,True,"[[2, 2, 0], [-2, 2, 0], [0, 0, 2]]","[[2, 2, 0], [-2, 2, 0], [0, 0, 2]]",18,288,7.89737e-08,4.16114e-10,False
mp-22186,In6Ge2PtO9,ok,,aligned,True,"[[-1, 1, 1], [1, -1, 1], [1, 1, -1]]","[[-1, 1, 1], [1, -1, 1], [1, 1, -1]]",18,72,3.72044e-08,3.03626e-11,False
mp-22313,Na2PtO2,ok,,aligned,True,"[[0, 3, 3], [2, 0, 2], [1, 1, 0]]","[[0, 3, 3], [2, 0, 2], [1, 1, 0]]",5,60,5.01363e-08,5.50373e-10,False
mp-22328,K4PbO4,ok,,rotated,True,"[[3, 0, 0], [0, 3, 0], [0, 0, 2]]","[[3, 0, 0], [0, 3, 0], [0, 0, 2]]",18,324,1.59494e-07,0.459394,False
mp-22355,Sr2InSbO6,ok,,rotated,True,"[[2, 0, 0], [0, 2, 0], [0, 0, 1]]","[[2, 0, 0], [0, 2, 0], [0, 0, 1]]",20,80,5.85054e-08,0.22772,False
mp-22373,CrPb2O5,ok,,rotated,True,"[[1, 1, 0], [-3, 3, 0], [0, 0, 2]]","[[1, 1, 0], [-3, 3, 0], [0, 0, 2]]",16,192,1.05224e-07,0.453945,False
mp-22443,VInO4,ok,,aligned,True,"[[3, 3, 0], [-2, 2, 0], [0, 0, 3]]","[[3, 3, 0], [-2, 2, 0], [0, 0, 3]]",12,432,1.01836e-07,7.48409e-10,False
mp-22633,Pb3O4,ok,,rotated,True,"[[1, 1, 0], [-1, 1, 0], [0, 0, 2]]","[[1, 1, 0], [-1, 1, 0], [0, 0, 2]]",28,112,6.02734e-08,0.414214,False
mp-22766,CaIn2O4,ok,,aligned,True,"[[-2, 2, 2], [2, -2, 2], [2, 2, -2]]","[[-2, 2, 2], [2, -2, 2], [2, 2, -2]]",14,448,1.16139e-07,4.63934e-10,False
mp-22984,NaBiO2,ok,,rotated,True,"[[2, 2, 0], [-2, 2, 0], [0, 0, 2]]","[[2, 2, 0], [-2, 2, 0], [0, 0, 2]]",8,128,6.78858e-08,0.49622,False
mp-230,SbO2,ok,,aligned,True,"[[2, 0, 0], [0, 2, 0], [0, 0, 1]]","[[2, 0, 0], [0, 2, 0], [0, 0, 1]]",24,96,0.000547453,5.58225e-10,False
mp-23018,BiSbO4,ok,,rotated,True,"[[1, 1, 0], [-2, 2, 0], [0, 0, 2]]","[[1, 1, 0], [-2, 2, 0], [0, 0, 2]]",12,96,7.46083e-08,0.377927,False
mp-23054,NaBiO3,failed,residual_above_tolerance,aligned,True,"[[3, -3, 0], [0, 3, -3], [1, 1, 1]]","[[3, -3, 0], [0, 3, -3], [1, 1, 1]]",10,270,1.37913,3.39665e-10,True
mp-23127,Ba2BiSbO6,ok,,rotated,True,"[[2, 2, 0], [-3, 3, 0], [0, 0, 3]]","[[2, 2, 0], [-3, 3, 0], [0, 0, 3]]",10,360,1.67323e-07,0.426447,False
mp-23136,KBi(WO4)2,ok,,rotated,True,"[[2, 2, 0], [-2, 2, 0], [0, 0, 2]]","[[2, 2, 0], [-2, 2, 0], [0, 0, 2]]",24,384,1.0352e-07,0.472899,False
mp-23262,Bi2O3,ok,,rotated,True,"[[3, 0, 0], [0, 2, 0], [0, 0, 2]]","[[3, 0, 0], [0, 2, 0], [0, 0, 2]]",20,240,1.34869e-07,0.324573,False
mp-23426,Al4Bi2O9,ok,,aligned,True,"[[2, 0, 0], [0, 2, 0], [0, 0, 3]]","[[2, 0, 0], [0, 2, 0], [0, 0, 3]]",30,360,9.08864e-08,5.43041e-10,False
mp-23558,Ag2BiO3,ok,,aligned,True,"[[3, 0, 0], [0, 3, 0], [0, 0, 2]]","[[3, 0, 0], [0, 3, 0], [0, 0, 2]]",24,432,0.000425021,4.23027e-10,False
mp-23582,KLi6BiO6,ok,,aligned,True,"[[2, -2, 0], [0, 2, -2], [2, 2, 2]]","[[2, -2, 0], [0, 2, -2], [2, 2, 2]]",14,336,1.21422e-07,4.60137e-10,False
mp-2472,SrO,ok,,aligned,True,"[[-2, 2, 2], [2, -2, 2], [2, 2, -2]]","[[-2, 2, 2], [2, -2, 2], [2, 2, -2]]",2,64,0,3.99741e-10,False
mp-2542,BeO,ok,,aligned,True,"[[5, 0, 0], [0, 5, 0], [0, 0, 3]]","[[5, 0, 0], [0, 5, 0], [0, 0, 3]]",4,300,7.36875e-05,9.99396e-10,False
mp-2605,CaO,ok,,aligned,True,"[[-2, 2, 2], [2, -2, 2], [2, 2, -2]]","[[-2, 2, 2], [2, -2, 2], [2, 2, -2]]",2,64,0,9.03331e-10,False
mp-27197,Na4As2O7,ok,,rotated,True,"[[2, 2, 0], [-1, 1, 0], [0, 0, 1]]","[[2, 2, 0], [-1, 1, 0], [0, 0, 1]]",26,104,7.80756e-08,0.0988293,False
mp-27219,Mg(SbO2)2,ok,,rotated,True,"[[1, 1, 0], [-1, 1, 0], [0, 0, 2]]","[[1, 1, 0], [-1, 1, 0], [0, 0, 2]]",28,112,7.81595e-08,0.414214,False
mp-27227,LiAg3O2,ok,,aligned,True,"[[0, 3, 3], [2, 0, 2], [3, 3, 0]]","[[0, 3, 3], [2, 0, 2], [3, 3, 0]]",12,432,9.14452e-08,8.06895e-10,False
mp-27228,Tl6Si2O7,ok,,aligned,True,"[[2, 0, 0], [0, 2, 0], [0, 0, 2]]","[[2, 0, 0], [0, 2, 0], [0, 0, 2]]",30,240,1.31527e-07,5.03988e-10,False
mp-27253,Au2O3,ok,,aligned,True,"[[-1, 1, 1], [1, -1, 1], [3, 3, -3]]","[[-1, 1, 1], [1, -1, 1], [3, 3, -3]]",10,120,7.69661e-08,3.76329e-10,False
mp-27275,Li3BO3,ok,,rotated,True,"[[3, 0, 0], [0, 1, 0], [0, 0, 1]]","[[3, 0, 0], [0, 1, 0], [0, 0, 1]]",28,84,6.82499e-08,0.494367,False
mp-27303,NaAg3O2,ok,,aligned,True,"[[0, 2, 2], [1, 0, 1], [2, 2, 0]]","[[0, 2, 2], [1, 0, 1], [2, 2, 0]]",12,96,2.43298e-08,5.81563e-10,False
mp-27345,Na3BiO4,ok,,rotated,True,"[[2, 0, 0], [0, 2, 0], [0, 0, 2]]","[[2, 0, 0], [0, 2, 0], [0, 0, 2]]",16,128,6.24193e-08,0.362858,False
mp-27559,Na14Cd2O9,ok,,aligned,True,"[[3, 0, 0], [0, 3, 0], [0, 0, 2]]","[[3, 0, 0], [0, 3, 0], [0, 0, 2]]",25,450,1.71789e-07,3.43409e-10,False
mp-27564,Na4B2O5,ok,,rotated,True,"[[1, 1, 0], [-2, 2, 0], [0, 0, 2]]","[[1, 1, 0], [-2, 2, 0], [0, 0, 2]]",22,176,7.74397e-08,0.436029,False
mp-27624,CaV2O6,ok,,rotated,True,"[[1, 1, 0], [-3, 3, 0], [0, 0, 2]]","[[1, 1, 0], [-3, 3, 0], [0, 0, 2]]",9,108,6.21507e-08,0.318272,False
mp-27716,KTlO,ok,,rotated,True,"[[1, 1, 0], [-4, 4, 0], [0, 0, 2]]","[[1, 1, 0], [-4, 4, 0], [0, 0, 2]]",6,96,4.09517e-08,0.367019,False
mp-27742,K2CdO2,ok,,aligned,True,"[[2, 0, 0], [0, 3, 0], [0, 0, 3]]","[[2, 0, 0], [0, 3, 0], [0, 0, 3]]",20,360,1.21764e-07,3.68013e-10,False
mp-27791,SrBe3O4,ok,,aligned,True,"[[2, 0, 0], [0, 2, 0], [0, 0, 1]]","[[2, 0, 0], [0, 2, 0], [0, 0, 1]]",16,64,6.68141e-08,7.32544e-10,False
mp-27911,BiAsO4,ok,,rotated,True,"[[2, 0, 0], [0, 2, 0], [0, 0, 2]]","[[2, 0, 0], [0, 2, 0], [0, 0, 2]]",24,192,9.50552e-08,0.49442,False
mp-27914,Na3BiO3,ok,,aligned,True,"[[0, 2, 2], [2, 0, 2], [2, 2, 0]]","[[0, 2, 2], [2, 0, 2], [2, 2, 0]]",28,448,1.58566e-07,3.01022e-10,False
mp-27915,K2BeO2,ok,,rotated,True,"[[3, 0, 0], [0, 4, 0], [0, 0, 2]]","[[3, 0, 0], [0, 4, 0], [0, 0, 2]]",20,480,1.58152e-07,0.479709,False
mp-27927,NbAlO4,ok,,rotated,True,"[[1, 1, 0], [-3, 3, 0], [0, 0, 2]]","[[1, 1, 0], [-3, 3, 0], [0, 0, 2]]",12,144,6.55102e-08,0.396186,False
mp-27931,Rb2SnO2,ok,,aligned,True,"[[4, 0, 0], [0, 3, 0], [0, 0, 2]]","[[4, 0, 0], [0, 3, 0], [0, 0, 2]]",20,480,1.09956e-07,6.21315e-10,False
mp-28109,SbAsO3,ok,,rotated,True,"[[3, 0, 0], [0, 1, 0], [0, 0, 2]]","[[3, 0, 0], [0, 1, 0], [0, 0, 2]]",20,120,8.64825e-08,0.465566,False
mp-28150,BaNb2O6,ok,,aligned,True,"[[2, 0, 0], [0, 1, 0], [0, 0, 3]]","[[2, 0, 0], [0, 1, 0], [0, 0, 3]]",18,108,7.84972e-08,1.01042e-09,False
mp-28158,K4Be3O5,ok,,rotated,True,"[[1, 1, 0], [-2, 2, 0], [0, 0, 1]]","[[1, 1, 0], [-2, 2, 0], [0, 0, 1]]",24,96,6.43616e-08,0.490411,False
mp-28205,Na3ReO5,ok,,aligned,True,"[[3, 0, 0], [0, 3, 0], [0, 0, 1]]","[[3, 0, 0], [0, 3, 0], [0, 0, 1]]",27,243,1.25362e-07,5.21992e-10,False
mp-28232,MgTi2O5,ok,,aligned,True,"[[3, 3, 0], [-1, 1, 0], [0, 0, 1]]","[[3, 3, 0], [-1, 1, 0], [0, 0, 1]]",16,96,5.56683e-08,8.80381e-10,False
mp-28251,Ta2Zn3O8,ok,,rotated,True,"[[2, 2, 0], [-2, 2, 0], [0, 0, 2]]","[[2, 2, 0], [-2, 2, 0], [0, 0, 2]]",26,416,1.04705e-07,0.352696,False
mp-28261,Na4SnO3,ok,,rotated,True,"[[3, 3, 0], [-1, 1, 0], [0, 0, 3]]","[[3, 3, 0], [-1, 1, 0], [0, 0, 3]]",16,288,1.43016e-07,0.447039,False
mp-28365,Na3AuO2,ok,,rotated,True,"[[1, 1, 0], [-1, 1, 0], [0, 0, 3]]","[[1, 1, 0], [-1, 1, 0], [0, 0, 3]]",24,144,5.14939e-08,0.414214,False
mp-28371,K2Zn3O4,ok,,rotated,True,"[[1, 1, 0], [-3, 3, 0], [0, 0, 3]]","[[1, 1, 0], [-3, 3, 0], [0, 0, 3]]",18,324,1.40211e-07,0.436945,False
mp-28380,Rb3TlO3,ok,,rotated,True,"[[2, 0, 0], [0, 2, 0], [0, 0, 1]]","[[2, 0, 0], [0, 2, 0], [0, 0, 1]]",28,112,7.43338e-08,0.0928137,False
mp-28381,Cs3InO3,ok,,rotated,True,"[[2, 0, 0], [0, 2, 0], [0, 0, 1]]","[[2, 0, 0], [0, 2, 0], [0, 0, 1]]",28,112,8.9108e-08,0.131907,False
mp-28537,As2PbO4,ok,,rotated,True,"[[2, 0, 0], [0, 1, 0], [0, 0, 2]]","[[2, 0, 0], [0, 1, 0], [0, 0, 2]]",28,112,8.62094e-08,0.415667,False
mp-28568,Rb3CuO2,ok,,rotated,True,"[[3, 0, 0], [0, 2, 0], [0, 0, 2]]","[[3, 0, 0], [0, 2, 0], [0, 0, 2]]",24,288,1.61211e-07,0.333633,False
mp-2858,ZrO2,ok,,rotated,True,"[[2, 0, 0], [0, 2, 0], [0, 0, 2]]","[[2, 0, 0], [0, 2, 0], [0, 0, 2]]",12,96,6.64754e-08,0.348518,False
mp-28670,Ba2Bi2O5,ok,,rotated,True,"[[2, 0, 0], [0, 2, 0], [0, 0, 2]]","[[2, 0, 0], [0, 2, 0], [0, 0, 2]]",18,144,1.01606e-07,0.484686,False
mp-28712,Si2Hg6O7,ok,,rotated,True,"[[1, 1, 0], [-2, 2, 0], [0, 0, 2]]","[[1, 1, 0], [-2, 2, 0], [0, 0, 2]]",15,120,7.94802e-08,0.394677,False
mp-2879,SrSnO3,ok,,aligned,True,"[[3, 0, 0], [0, 2, 0], [0, 0, 3]]","[[3, 0, 0], [0, 2, 0], [0, 0, 3]]",20,360,1.15341e-07,7.63365e-10,False
mp-28796,Sr5(AuO4)2,ok,,rotated,True,"[[1, 1, 2], [1, -1, 0], [2, 2, 0]]","[[1, 1, 2], [1, -1, 0], [2, 2, 0]]",15,120,8.65942e-08,0.414214,False
mp-28853,LaAuO3,ok,,aligned,True,"[[3, 0, 0], [0, 1, 0], [0, 0, 2]]","[[3, 0, 0], [0, 1, 0], [0, 0, 2]]",20,120,1.00331e-07,8.13772e-10,False
mp-28940,Sr4Nb2O9,ok,,aligned,True,"[[3, 0, 0], [0, 3, 0], [0, 0, 1]]","[[3, 0, 0], [0, 3, 0], [0, 0, 1]]",30,270,1.56034e-07,2.31749e-10,False
mp-2895,Mg2SiO4,ok,,aligned,True,"[[1, 0, 0], [0, 2, 0], [0, 0, 2]]","[[1, 0, 0], [0, 2, 0], [0, 0, 2]]",28,112,5.75568e-08,4.0399e-10,False
mp-2898,Ca(AuO2)2,ok,,aligned,False,"[[0, 2, 2], [2, 0, 2], [1, 1, 0]]","[[2, 0, 2], [0, -2, -2], [1, 1, 0]]",14,112,3.62758e-08,4.8182e-10,False
mp-29048,Sr(BiO2)2,ok,,rotated,True,"[[1, 1, 0], [-4, 4, 0], [0, 0, 3]]","[[1, 1, 0], [-4, 4, 0], [0, 0, 3]]",14,336,1.12214e-07,0.229129,False
mp-2908,Al2ZnO4,ok,,aligned,True,"[[-2, 2, 2], [2, -2, 2], [2, 2, -2]]","[[-2, 2, 2], [2, -2, 2], [2, 2, -2]]",14,448,9.65628e-08,6.02607e-10,False
mp-29164,SrBiO3,ok,,rotated,True,"[[3, 0, 0], [0, 3, 0], [0, 0, 2]]","[[3, 0, 0], [0, 3, 0], [0, 0, 2]]",20,360,1.34828e-07,0.445727,False
mp-29205,YBO3,ok,,aligned,True,"[[1, 1, 0], [-2, 2, 0], [0, 0, 1]]","[[1, 1, 0], [-2, 2, 0], [0, 0, 1]]",30,120,4.92786e-08,2.19461e-10,False
mp-29364,Li5SbO5,ok,,rotated,True,"[[1, 1, 0], [-3, 3, 0], [0, 0, 2]]","[[1, 1, 0], [-3, 3, 0], [0, 0, 2]]",11,132,5.82072e-08,0.428088,False
mp-29365,Li5BiO5,ok,,rotated,True,"[[1, 1, 0], [-3, 3, 0], [0, 0, 2]]","[[1, 1, 0], [-3, 3, 0], [0, 0, 2]]",11,132,9.62353e-08,0.430795,False
mp-29396,Cu2PbO2,ok,,rotated,True,"[[2, 2, 0], [-2, 2, 0], [0, 0, 3]]","[[2, 2, 0], [-2, 2, 0], [0, 0, 3]]",10,240,1.22672e-07,0.47338,False
mp-29454,Na3TlO2,ok,,aligned,True,"[[1, 0, 0], [0, 2, 0], [0, 0, 2]]","[[1, 0, 0], [0, 2, 0], [0, 0, 2]]",24,96,6.18112e-08,6.16382e-10,False
mp-29455,Ga4GeO8,ok,,rotated,True,"[[1, 1, 0], [-4, 4, 0], [0, 0, 1]]","[[1, 1, 0], [-4, 4, 0], [0, 0, 1]]",13,104,7.93993e-08,0.464049,False
mp-29488,Na2ZnO2,ok,,rotated,True,"[[2, 0, 0], [0, 3, 0], [0, 0, 3]]","[[2, 0, 0], [0, 3, 0], [0, 0, 3]]",20,360,1.19864e-07,0.248049,False
mp-29505,Cs3BiO3,ok,,aligned,True,"[[2, 0, 0], [0, 2, 0], [0, 0, 2]]","[[2, 0, 0], [0, 2, 0], [0, 0, 2]]",28,224,1.46331e-07,3.39404e-10,False
mp-29521,RbBiO2,ok,,rotated,True,"[[2, 2, 0], [-2, 2, 0], [0, 0, 3]]","[[2, 2, 0], [-2, 2, 0], [0, 0, 3]]",8,192,8.58325e-08,0.491474,False
mp-29524,K3BiO3,ok,,aligned,True,"[[0, 2, 2], [2, 0, 2], [2, 2, 0]]","[[0, 2, 2], [2, 0, 2], [2, 2, 0]]",28,448,1.30017e-07,2.79438e-10,False
mp-29525,Rb3BiO3,ok,,aligned,True,"[[2, 0, 0], [0, 2, 0], [0, 0, 2]]","[[2, 0, 0], [0, 2, 0], [0, 0, 2]]",28,224,9.57095e-08,1.61182e-12,False
mp-29606,Rb2Zn3O4,ok,,rotated,True,"[[1, 1, 0], [-3, 3, 0], [0, 0, 3]]","[[1, 1, 0], [-3, 3, 0], [0, 0, 3]]",18,324,1.38133e-07,0.476825,False
mp-29699,TiNb3O6,failed,residual_above_tolerance,aligned,True,"[[2, -2, 0], [0, 2, -2], [1, 1, 1]]","[[2, -2, 0], [0, 2, -2], [1, 1, 1]]",20,240,1.35791,6.14163e-10,True
mp-2970,Na4GeO4,ok,,rotated,True,"[[3, 0, 0], [0, 3, 0], [0, 0, 2]]","[[3, 0, 0], [0, 3, 0], [0, 0, 2]]",18,324,1.49236e-07,0.473614,False
mp-29775,Sr4PdO6,ok,,aligned,True,"[[1, -1, 0], [0, 1, -1], [1, 1, 1]]","[[1, -1, 0], [0, 1, -1], [1, 1, 1]]",22,66,6.26802e-08,3.89105e-10,False
mp-29792,CaNb2O4,ok,,aligned,True,"[[2, 0, 0], [0, 1, 0], [0, 0, 2]]","[[2, 0, 0], [0, 1, 0], [0, 0, 2]]",28,112,6.64076e-08,3.21158e-10,False
mp-29816,Ag2HgO2,ok,,rotated,True,"[[-2, 2, 0], [-2, -2, 0], [0, 0, 2]]","[[-2, 2, 0], [-2, -2, 0], [0, 0, 2]]",20,320,9.65007e-08,0.171573,False
mp-29892,LiSb3O8,ok,,rotated,True,"[[2, 0, 0], [0, 2, 0], [0, 0, 1]]","[[2, 0, 0], [0, 2, 0], [0, 0, 1]]",24,96,7.71127e-08,0.210678,False
mp-29920,Rb5Au3O2,ok,,aligned,True,"[[2, 0, 0], [0, 1, 0], [0, 0, 3]]","[[2, 0, 0], [0, 1, 0], [0, 0, 3]]",20,120,8.08295e-08,5.23654e-10,False
mp-30120,K3BiO4,ok,,rotated,True,"[[2, 0, 0], [0, 2, 0], [0, 0, 2]]","[[2, 0, 0], [0, 2, 0], [0, 0, 2]]",16,128,9.95532e-08,0.495243,False
mp-30250,YAgO2,ok,,aligned,True,"[[4, 0, 0], [0, 4, 0], [0, 0, 1]]","[[4, 0, 0], [0, 4, 0], [0, 0, 1]]",8,128,8.46474e-08,2.12176e-10,False
mp-30298,KAsO2,ok,,aligned,True,"[[2, 0, 0], [0, 2, 0], [0, 0, 3]]","[[2, 0, 0], [0, 2, 0], [0, 0, 3]]",16,192,6.97575e-08,8.66036e-10,False
mp-30299,RbAsO2,ok,,aligned,True,"[[2, 0, 0], [0, 2, 0], [0, 0, 3]]","[[2, 0, 0], [0, 2, 0], [0, 0, 3]]",16,192,8.92005e-08,4.49133e-10,False
mp-30300,Cs3As5O9,ok,,aligned,True,"[[2, 0, 0], [0, 2, 0], [0, 0, 3]]","[[2, 0, 0], [0, 2, 0], [0, 0, 3]]",17,204,1.22512e-07,2.57315e-10,False
mp-3033,RbTaO3,ok,,rotated,True,"[[2, 2, 0], [-2, 2, 0], [0, 0, 2]]","[[2, 2, 0], [-2, 2, 0], [0, 0, 2]]",20,320,8.13611e-08,0.216042,False
mp-3051,Mg2GeO4,ok,,aligned,True,"[[1, 0, 0], [0, 2, 0], [0, 0, 2]]","[[1, 0, 0], [0, 2, 0], [0, 0, 2]]",28,112,6.06766e-08,3.67268e-10,False
mp-306,B2O3,ok,,aligned,True,"[[2, 0, 0], [0, 2, 0], [0, 0, 1]]","[[2, 0, 0], [0, 2, 0], [0, 0, 1]]",15,60,6.92049e-08,8.25016e-10,False
mp-3074,KAgO,ok,,aligned,False,"[[0, 2, 2], [2, 0, 2], [4, 4, 0]]","[[2, 0, 2], [0, -2, -2], [4, 4, 0]]",12,384,9.58195e-08,4.60333e-10,False
mp-3081,BeAl2O4,ok,,aligned,True,"[[1, 0, 0], [0, 2, 0], [0, 0, 2]]","[[1, 0, 0], [0, 2, 0], [0, 0, 2]]",28,112,5.49336e-08,9.05934e-10,False
mp-30972,Na2Sb4O7,ok,,rotated,True,"[[2, 2, 0], [-1, 1, 0], [0, 0, 3]]","[[2, 2, 0], [-1, 1, 0], [0, 0, 3]]",26,312,1.50795e-07,0.35368,False
mp-30975,Na3BO3,ok,,rotated,True,"[[3, 0, 0], [0, 2, 0], [0, 0, 2]]","[[3, 0, 0], [0, 2, 0], [0, 0, 2]]",28,336,1.28989e-07,0.426136,False
mp-30980,NaYO2,ok,,rotated,True,"[[2, 2, 0], [-1, 1, 0], [0, 0, 2]]","[[2, 2, 0], [-1, 1, 0], [0, 0, 2]]",16,128,4.778e-08,0.444368,False
mp-30988,KBiO2,ok,,rotated,True,"[[2, 2, 0], [-2, 2, 0], [0, 0, 3]]","[[2, 2, 0], [-2, 2, 0], [0, 0, 3]]",8,192,7.70305e-08,0.409977,False
mp-30990,K6Si2O7,ok,,rotated,True,"[[3, 0, 0], [0, 2, 0], [0, 0, 2]]","[[3, 0, 0], [0, 2, 0], [0, 0, 2]]",30,360,1.61833e-07,0.434834,False
mp-31116,LaScO3,ok,,aligned,True,"[[3, 0, 0], [0, 2, 0], [0, 0, 3]]","[[3, 0, 0], [0, 2, 0], [0, 0, 3]]",20,360,1.26208e-07,6.26679e-10,False
mp-31250,BiBO3,ok,,rotated,True,"[[3, 0, 0], [0, 4, 0], [0, 0, 2]]","[[3, 0, 0], [0, 4, 0], [0, 0, 2]]",20,480,1.36501e-07,0.434572,False
mp-31358,RbBO2,ok,,aligned,True,"[[1, -1, 0], [0, 1, -1], [2, 2, 2]]","[[1, -1, 0], [0, 1, -1], [2, 2, 2]]",24,144,9.16334e-08,3.34774e-10,False
mp-31418,La(SbO3)3,ok,,aligned,True,"[[2, 2, 0], [-1, 1, 0], [0, 0, 1]]","[[2, 2, 0], [-1, 1, 0], [0, 0, 1]]",26,104,6.37732e-08,5.10299e-10,False
mp-31419,LaSb5O12,ok,,aligned,True,"[[2, -2, 0], [0, 2, -2], [1, 1, 1]]","[[2, -2, 0], [0, 2, -2], [1, 1, 1]]",18,216,1.18826e-07,6.67641e-10,False
mp-3187,BaCeO3,ok,,aligned,True,"[[3, 0, 0], [0, 2, 0], [0, 0, 3]]","[[3, 0, 0], [0, 2, 0], [0, 0, 3]]",20,360,1.29687e-07,7.75373e-10,False
mp-3188,Zn(SbO3)2,ok,,aligned,False,"[[2, 0, 0], [0, 2, 0], [0, 0, 1]]","[[0, 2, 0], [-2, 0, 0], [0, 0, 1]]",18,72,5.36438e-08,1.00188e-09,False
mp-3277,BAsO4,ok,,aligned,True,"[[0, 3, 3], [3, 0, 3], [2, 2, 0]]","[[0, 3, 3], [3, 0, 3], [2, 2, 0]]",6,216,9.81713e-08,3.79064e-10,False
mp-3324,Nb2SnO6,ok,,rotated,True,"[[1, 1, 0], [-3, 3, 0], [0, 0, 3]]","[[1, 1, 0], [-3, 3, 0], [0, 0, 3]]",18,324,1.2957e-07,0.0853902,False
mp-3338,NaGaO2,ok,,aligned,True,"[[3, 0, 0], [0, 2, 0], [0, 0, 3]]","[[3, 0, 0], [0, 2, 0], [0, 0, 3]]",16,288,7.44606e-05,4.69043e-10,False
mp-3359,Ba2SnO4,ok,,aligned,True,"[[0, 3, 3], [3, 0, 3], [1, 1, 0]]","[[0, 3, 3], [3, 0, 3], [1, 1, 0]]",7,126,7.52406e-08,6.477e-10,False
mp-3370,Y2Sn2O7,ok,,aligned,True,"[[-1, 1, 1], [1, -1, 1], [1, 1, -1]]","[[-1, 1, 1], [1, -1, 1], [1, 1, -1]]",22,88,2.98085e-08,1.57468e-11,False
mp-3378,SrHfO3,ok,,aligned,True,"[[3, 0, 0], [0, 2, 0], [0, 0, 3]]","[[3, 0, 0], [0, 2, 0], [0, 0, 3]]",20,360,1.17377e-07,5.64434e-10,False
mp-33940,Mg2PtO4,ok,,aligned,True,"[[0, 3, 3], [2, 0, 2], [2, 2, 0]]","[[0, 3, 3], [2, 0, 2], [2, 2, 0]]",14,336,8.94627e-08,5.46332e-10,False
mp-3397,Ba2TiO4,ok,,rotated,True,"[[2, 0, 0], [0, 2, 0], [0, 0, 1]]","[[2, 0, 0], [0, 2, 0], [0, 0, 1]]",28,112,8.92652e-08,0.464898,False
mp-34022,Mg2SnO4,ok,,aligned,True,"[[0, 3, 3], [2, 0, 2], [2, 2, 0]]","[[0, 3, 3], [2, 0, 2], [2, 2, 0]]",14,336,1.05071e-07,6.31089e-10,False
mp-3427,LiAlO2,ok,,rotated,True,"[[-2, 2, 0], [-2, -2, 0], [0, 0, 2]]","[[-2, 2, 0], [-2, -2, 0], [0, 0, 2]]",16,256,7.9143e-08,0.171573,False
mp-3491,NbSbO4,ok,,aligned,True,"[[2, 0, 0], [0, 2, 0], [0, 0, 1]]","[[2, 0, 0], [0, 2, 0], [0, 0, 1]]",24,96,6.99868e-08,4.78039e-10,False
mp-352,HfO2,ok,,rotated,True,"[[3, 0, 0], [0, 3, 0], [0, 0, 3]]","[[3, 0, 0], [0, 3, 0], [0, 0, 3]]",12,324,1.20775e-07,0.496187,False
mp-3527,Na3AgO2,ok,,aligned,True,"[[0, 2, 2], [1, 0, 1], [2, 2, 0]]","[[0, 2, 2], [1, 0, 1], [2, 2, 0]]",12,96,4.25251e-08,9.38201e-11,False
mp-3536,MgAl2O4,ok,,aligned,True,"[[-2, 2, 2], [2, -2, 2], [2, 2, -2]]","[[-2, 2, 2], [2, -2, 2], [2, 2, -2]]",14,448,1.08337e-07,1.79152e-10,False
mp-3540,Li2SnO3,ok,,rotated,True,"[[2, 2, 0], [-1, 1, 0], [0, 0, 1]]","[[2, 2, 0], [-1, 1, 0], [0, 0, 1]]",24,96,4.10024e-08,0.34379,False
mp-35647,Zn2PtO4,ok,,aligned,True,"[[0, 2, 2], [2, 0, 2], [1, 1, 0]]","[[0, 2, 2], [2, 0, 2], [1, 1, 0]]",14,112,3.72571e-08,4.97289e-10,False
mp-3575,Ca3(BO3)2,ok,,aligned,True,"[[1, -1, 0], [0, 1, -1], [1, 1, 1]]","[[1, -1, 0], [0, 1, -1], [1, 1, 1]]",22,66,6.46092e-08,2.14448e-10,False
mp-3635,LiBO2,ok,,rotated,True,"[[2, 0, 0], [0, 3, 0], [0, 0, 2]]","[[2, 0, 0], [0, 3, 0], [0, 0, 2]]",16,192,9.32743e-08,0.418666,False
mp-3642,ScCuO2,ok,,aligned,True,"[[4, 0, 0], [0, 4, 0], [0, 0, 1]]","[[4, 0, 0], [0, 4, 0], [0, 0, 1]]",8,128,8.20795e-08,4.03516e-10,False
mp-3653,Mg(SbO3)2,ok,,aligned,False,"[[2, 0, 0], [0, 2, 0], [0, 0, 1]]","[[0, 2, 0], [-2, 0, 0], [0, 0, 1]]",18,72,2.845e-08,5.54039e-10,False
mp-3666,LiTaO3,ok,,aligned,True,"[[3, -3, 0], [0, 3, -3], [1, 1, 1]]","[[3, -3, 0], [0, 3, -3], [1, 1, 1]]",10,270,1.40838e-07,7.67738e-10,False
mp-3744,NaNbO2,ok,,aligned,True,"[[4, 0, 0], [0, 4, 0], [0, 0, 1]]","[[4, 0, 0], [0, 4, 0], [0, 0, 1]]",8,128,6.91844e-08,4.0423e-10,False
mp-3748,AlCuO2,ok,,aligned,True,"[[6, -6, 0], [0, 6, -6], [1, 1, 1]]","[[6, -6, 0], [0, 6, -6], [1, 1, 1]]",4,432,1.44425e-07,1.55986e-09,False
mp-3771,MgTiO3,failed,residual_above_tolerance,aligned,True,"[[3, -3, 0], [0, 3, -3], [1, 1, 1]]","[[3, -3, 0], [0, 3, -3], [1, 1, 1]]",10,270,1.38935,4.41284e-10,True
mp-3788,SrAl4O7,ok,,rotated,True,"[[1, 1, 0], [-2, 2, 0], [0, 0, 3]]","[[1, 1, 0], [-2, 2, 0], [0, 0, 3]]",24,288,1.25046e-07,0.378253,False
mp-3889,NaBO2,ok,,aligned,True,"[[1, -1, 0], [0, 1, -1], [2, 2, 2]]","[[1, -1, 0], [0, 1, -1], [2, 2, 2]]",24,144,9.17306e-08,6.44749e-10,False
mp-38951,Mg(GaO2)2,ok,,aligned,True,"[[0, 2, 2], [2, 0, 2], [1, 1, 0]]","[[0, 2, 2], [2, 0, 2], [1, 1, 0]]",14,112,5.32148e-08,4.66636e-10,False
mp-3915,BaHgO2,ok,,aligned,True,"[[5, -5, 0], [0, 5, -5], [1, 1, 1]]","[[5, -5, 0], [0, 5, -5], [1, 1, 1]]",4,300,1.46964e-07,4.44887e-10,False
mp-3917,Cd2GeO4,ok,,aligned,True,"[[1, 0, 0], [0, 2, 0], [0, 0, 2]]","[[1, 0, 0], [0, 2, 0], [0, 0, 2]]",28,112,6.22621e-08,3.98959e-10,False
mp-3919,KBO2,ok,,aligned,True,"[[1, -1, 0], [0, 1, -1], [2, 2, 2]]","[[1, -1, 0], [0, 1, -1], [2, 2, 2]]",24,144,9.00394e-08,3.62316e-10,False
mp-3924,LiNbO2,ok,,aligned,True,"[[4, 0, 0], [0, 4, 0], [0, 0, 1]]","[[4, 0, 0], [0, 4, 0], [0, 0, 1]]",8,128,7.93324e-08,5.06101e-10,False
mp-3952,BaY2O4,ok,,aligned,True,"[[1, 0, 0], [0, 3, 0], [0, 0, 1]]","[[1, 0, 0], [0, 3, 0], [0, 0, 1]]",28,84,7.29337e-08,4.81836e-10,False
mp-3982,KCuO2,ok,,aligned,True,"[[2, 2, 0], [-1, 1, 0], [0, 0, 2]]","[[2, 2, 0], [-1, 1, 0], [0, 0, 2]]",8,64,2.73873e-08,7.54075e-11,False
mp-3996,GaAsO4,ok,,aligned,True,"[[2, 0, 0], [0, 2, 0], [0, 0, 1]]","[[2, 0, 0], [0, 2, 0], [0, 0, 1]]",18,72,8.04e-08,7.73846e-10,False
mp-4035,RbReO4,ok,,aligned,False,"[[0, 2, 2], [2, 0, 2], [1, 1, 0]]","[[2, 0, 2], [0, -2, -2], [1, 1, 0]]",12,96,4.55336e-08,2.82026e-10,False
mp-4056,CaSc2O4,ok,,aligned,True,"[[1, 0, 0], [0, 3, 0], [0, 0, 1]]","[[1, 0, 0], [0, 3, 0], [0, 0, 1]]",28,84,6.05919e-08,1.4288e-09,False
mp-4086,La2Sn2O7,ok,,aligned,True,"[[-1, 1, 1], [1, -1, 1], [1, 1, -1]]","[[-1, 1, 1], [1, -1, 1], [1, 1, -1]]",22,88,1.54877e-08,3.42681e-12,False
mp-4103,Sr2Sb2O7,ok,,aligned,True,"[[0, 2, 2], [2, 0, 2], [2, 2, 0]]","[[0, 2, 2], [2, 0, 2], [2, 2, 0]]",22,352,9.73192e-08,5.80339e-10,False
mp-4117,Li2Si2O5,ok,,aligned,True,"[[3, 3, 0], [-1, 1, 0], [0, 0, 3]]","[[3, 3, 0], [-1, 1, 0], [0, 0, 3]]",18,324,1.15616e-07,9.79949e-10,False
mp-4156,Li2ZrO3,ok,,rotated,True,"[[3, 3, 0], [-2, 2, 0], [0, 0, 3]]","[[3, 3, 0], [-2, 2, 0], [0, 0, 3]]",12,432,1.43825e-07,0.34371,False
mp-4190,CaSnO3,failed,residual_above_tolerance,aligned,True,"[[3, -3, 0], [0, 3, -3], [1, 1, 1]]","[[3, -3, 0], [0, 3, -3], [1, 1, 1]]",10,270,1.34909,3.93767e-11,True
mp-4236,BaZnO2,ok,,aligned,True,"[[3, 0, 0], [0, 3, 0], [0, 0, 3]]","[[3, 0, 0], [0, 3, 0], [0, 0, 3]]",12,324,1.44361e-07,6.66217e-10,False
mp-4287,Sr2SnO4,ok,,aligned,False,"[[2, 0, 0], [0, 2, 0], [0, 0, 1]]","[[2, 0, 2], [0, -2, -2], [1, 1, 0]]",28,112,5.15002e-08,8.38706e-10,False
mp-4387,SrZrO3,ok,,aligned,True,"[[3, 0, 0], [0, 2, 0], [0, 0, 3]]","[[3, 0, 0], [0, 2, 0], [0, 0, 3]]",20,360,1.34613e-07,4.52018e-10,False
mp-4421,LaTaO4,ok,,rotated,True,"[[2, 0, 0], [0, 3, 0], [0, 0, 2]]","[[2, 0, 0], [0, 3, 0], [0, 0, 2]]",24,288,1.12332e-07,0.398967,False
mp-4481,Ca2SiO4,ok,,aligned,True,"[[1, 0, 0], [0, 2, 0], [0, 0, 3]]","[[1, 0, 0], [0, 2, 0], [0, 0, 3]]",28,168,8.79501e-08,9.45068e-10,False
mp-4482,NaSbO3,ok,,aligned,True,"[[3, -3, 0], [0, 3, -3], [1, 1, 1]]","[[3, -3, 0], [0, 3, -3], [1, 1, 1]]",10,270,1.32755e-07,4.89447e-10,False
mp-4527,Li8SnO6,failed,residual_above_tolerance,aligned,True,"[[3, -3, 0], [0, 3, -3], [1, 1, 1]]","[[3, -3, 0], [0, 3, -3], [1, 1, 1]]",15,405,1.58798,3.0853e-10,True
mp-4530,Cd2SiO4,ok,,aligned,True,"[[-2, 2, 2], [1, -1, 1], [1, 1, -1]]","[[-2, 2, 2], [1, -1, 1], [1, 1, -1]]",14,112,7.59875e-08,3.7801e-10,False
mp-4533,Na2SiO3,ok,,aligned,True,"[[1, 1, 0], [-2, 2, 0], [0, 0, 2]]","[[1, 1, 0], [-2, 2, 0], [0, 0, 2]]",12,96,6.24596e-08,8.78102e-10,False
mp-4555,Ca(AsO3)2,ok,,aligned,True,"[[3, 0, 0], [0, 3, 0], [0, 0, 3]]","[[3, 0, 0], [0, 3, 0], [0, 0, 3]]",9,243,1.23359e-07,7.06919e-10,False
mp-4558,Li4GeO4,ok,,aligned,True,"[[2, 2, 0], [-2, 2, 0], [0, 0, 3]]","[[2, 2, 0], [-2, 2, 0], [0, 0, 3]]",18,432,9.50798e-08,6.13649e-10,False
mp-4571,CaZrO3,ok,,aligned,True,"[[3, 0, 0], [0, 2, 0], [0, 0, 3]]","[[3, 0, 0], [0, 2, 0], [0, 0, 3]]",20,360,1.12299e-07,8.8211e-10,False
mp-4584,Tl3BO3,ok,,aligned,True,"[[2, 0, 0], [0, 2, 0], [0, 0, 5]]","[[2, 0, 0], [0, 2, 0], [0, 0, 5]]",14,280,1.06487e-07,1.08501e-09,False
mp-4598,Sr4PtO6,ok,,aligned,True,"[[1, -1, 0], [0, 1, -1], [1, 1, 1]]","[[1, -1, 0], [0, 1, -1], [1, 1, 1]]",22,66,7.97436e-08,2.68898e-10,False
mp-4609,HfSiO4,ok,,aligned,False,"[[0, 2, 2], [2, 0, 2], [2, 2, 0]]","[[2, 0, 2], [0, -2, -2], [2, 2, 0]]",12,192,3.58357e-08,5.74468e-10,False
mp-4624,TaBO4,ok,,aligned,False,"[[0, 2, 2], [2, 0, 2], [2, 2, 0]]","[[2, 0, 2], [0, -2, -2], [2, 2, 0]]",12,192,2.96708e-08,6.28418e-10,False
mp-4710,Hg3(BO3)2,ok,,aligned,True,"[[2, -2, 0], [0, 2, -2], [1, 1, 1]]","[[2, -2, 0], [0, 2, -2], [1, 1, 1]]",22,264,1.10868e-07,4.85104e-10,False
mp-4747,Ca2SnO4,ok,,aligned,True,"[[3, 0, 0], [0, 2, 0], [0, 0, 5]]","[[3, 0, 0], [0, 2, 0], [0, 0, 5]]",14,420,8.78686e-08,7.14291e-10,False
mp-4757,KReO4,ok,,aligned,False,"[[0, 2, 2], [2, 0, 2], [1, 1, 0]]","[[2, 0, 2], [0, -2, -2], [1, 1, 0]]",12,96,2.83528e-08,3.37036e-10,False
mp-4812,Zn4B6O13,ok,,aligned,True,"[[0, 2, 2], [2, 0, 2], [2, 2, 0]]","[[0, 2, 2], [2, 0, 2], [2, 2, 0]]",23,368,1.19992e-07,1.15846e-10,False
mp-4819,MgGeO3,ok,,rotated,True,"[[1, 1, 0], [-1, 1, 0], [0, 0, 2]]","[[1, 1, 0], [-1, 1, 0], [0, 0, 2]]",20,80,7.8585e-08,0.344941,False
mp-4820,ZrSiO4,ok,,aligned,False,"[[0, 2, 2], [2, 0, 2], [2, 2, 0]]","[[2, 0, 2], [0, -2, -2], [2, 2, 0]]",12,192,4.42728e-08,6.5426e-10,False
mp-4867,CaAl4O7,ok,,rotated,True,"[[1, 1, 0], [-2, 2, 0], [0, 0, 3]]","[[1, 1, 0], [-2, 2, 0], [0, 0, 3]]",24,288,9.91154e-08,0.387533,False
mp-4961,Na2HgO2,ok,,aligned,False,"[[0, 4, 4], [4, 0, 4], [1, 1, 0]]","[[0, -4, -4], [-4, 0, -4], [1, 1, 0]]",5,160,4.4207e-08,1.24989e-09,False
mp-4974,La2Zr2O7,ok,,aligned,True,"[[-1, 1, 1], [1, -1, 1], [1, 1, -1]]","[[-1, 1, 1], [1, -1, 1], [1, 1, -1]]",22,88,4.7938e-08,3.3522e-10,False
mp-4995,LiSbO3,ok,,aligned,True,"[[3, 0, 0], [0, 3, 0], [0, 0, 2]]","[[3, 0, 0], [0, 3, 0], [0, 0, 2]]",20,360,9.86543e-08,5.94143e-10,False
mp-5005,Mg3(BO3)2,ok,,aligned,True,"[[3, 0, 0], [0, 3, 0], [0, 0, 2]]","[[3, 0, 0], [0, 3, 0], [0, 0, 2]]",22,396,1.01941e-07,8.48646e-10,False
mp-5012,Li2SiO3,ok,,aligned,True,"[[1, 1, 0], [-2, 2, 0], [0, 0, 2]]","[[1, 1, 0], [-2, 2, 0], [0, 0, 2]]",12,96,5.65987e-08,4.23806e-10,False
mp-504506,RbIn(MoO4)2,ok,,aligned,True,"[[3, 0, 0], [0, 3, 0], [0, 0, 2]]","[[3, 0, 0], [0, 3, 0], [0, 0, 2]]",12,216,1.37473e-07,3.12209e-10,False
mp-504510,MgV2O6,ok,,rotated,True,"[[2, 2, 0], [-4, 4, 0], [0, 0, 3]]","[[2, 2, 0], [-4, 4, 0], [0, 0, 3]]",9,432,1.35425e-07,0.471568,False
mp-504554,Ba5Ta4O15,ok,,aligned,True,"[[2, 0, 0], [0, 2, 0], [0, 0, 1]]","[[2, 0, 0], [0, 2, 0], [0, 0, 1]]",24,96,8.89701e-08,4.98058e-10,False
mp-504591,PbWO4,ok,,rotated,True,"[[3, 0, 0], [0, 3, 0], [0, 0, 1]]","[[3, 0, 0], [0, 3, 0], [0, 0, 1]]",24,216,1.10392e-07,0.477602,False
mp-504598,Rb2PbO2,ok,,rotated,True,"[[3, 0, 0], [0, 3, 0], [0, 0, 2]]","[[3, 0, 0], [0, 3, 0], [0, 0, 2]]",20,360,2.06119e-07,0.396877,False
mp-504651,CsVO3,ok,,aligned,True,"[[2, 0, 0], [0, 1, 0], [0, 0, 2]]","[[2, 0, 0], [0, 1, 0], [0, 0, 2]]",20,80,6.90483e-08,3.30831e-10,False
mp-504849,Cs2Li2SiO4,ok,,rotated,True,"[[3, 0, 0], [0, 3, 0], [0, 0, 2]]","[[3, 0, 0], [0, 3, 0], [0, 0, 2]]",18,324,1.41956e-07,0.438507,False
mp-505368,As2Pb3O8,ok,,rotated,True,"[[3, 0, 0], [0, 3, 0], [0, 0, 2]]","[[3, 0, 0], [0, 3, 0], [0, 0, 2]]",26,468,1.80494e-07,0.197839,False
mp-505743,GaBPbO4,ok,,aligned,True,"[[2, 0, 0], [0, 3, 0], [0, 0, 2]]","[[2, 0, 0], [0, 3, 0], [0, 0, 2]]",28,336,1.26134e-07,7.20254e-10,False
mp-5072,Rb2HgO2,ok,,aligned,True,"[[0, 3, 3], [3, 0, 3], [1, 1, 0]]","[[0, 3, 3], [3, 0, 3], [1, 1, 0]]",5,90,7.22045e-08,8.91324e-10,False
mp-510264,KY(WO4)2,ok,,rotated,True,"[[2, 2, 0], [-2, 2, 0], [0, 0, 2]]","[[2, 2, 0], [-2, 2, 0], [0, 0, 2]]",24,384,1.30454e-07,0.451317,False
mp-510273,CsSbO2,ok,,rotated,True,"[[3, 3, 0], [-2, 2, 0], [0, 0, 4]]","[[3, 3, 0], [-2, 2, 0], [0, 0, 4]]",8,384,1.3568e-07,0.473988,False
mp-510456,Zr(MoO4)2,ok,,aligned,True,"[[2, 0, 0], [0, 2, 0], [0, 0, 2]]","[[2, 0, 0], [0, 2, 0], [0, 0, 2]]",11,88,6.99543e-08,6.44276e-10,False
mp-510607,SrCrO4,ok,,rotated,True,"[[2, 0, 0], [0, 2, 0], [0, 0, 2]]","[[2, 0, 0], [0, 2, 0], [0, 0, 2]]",24,192,1.04184e-07,0.484046,False
mp-5127,LiCuO,ok,,rotated,True,"[[1, 1, 2], [1, -1, 0], [3, 3, 0]]","[[1, 1, 2], [1, -1, 0], [3, 3, 0]]",12,144,6.03812e-08,0.414214,False
mp-5175,NaInO2,ok,,aligned,True,"[[5, -5, 0], [0, 5, -5], [1, 1, 1]]","[[5, -5, 0], [0, 5, -5], [1, 1, 1]]",4,300,1.21808e-07,3.60911e-10,False
mp-5295,LaNbO4,ok,,aligned,False,"[[0, 2, 2], [2, 0, 2], [1, 1, 0]]","[[2, 0, 2], [0, -2, -2], [1, 1, 0]]",12,96,0.00055465,8.0596e-10,False
mp-5377,YTaO4,ok,,rotated,True,"[[3, 0, 0], [0, 3, 0], [0, 0, 3]]","[[3, 0, 0], [0, 3, 0], [0, 0, 3]]",12,324,1.24774e-07,0.379007,False
mp-5387,YNbO4,ok,,rotated,True,"[[2, 2, 0], [-1, 1, 0], [0, 0, 3]]","[[2, 2, 0], [-1, 1, 0], [0, 0, 3]]",12,144,1.38565e-07,0.437306,False
mp-5403,Rb2TiO3,ok,,aligned,True,"[[2, 2, 0], [-1, 1, 0], [0, 0, 1]]","[[2, 2, 0], [-1, 1, 0], [0, 0, 1]]",24,96,7.95206e-08,5.9825e-10,False
mp-540584,K2PdO2,ok,,aligned,True,"[[0, 6, 6], [3, 0, 3], [2, 2, 0]]","[[0, 6, 6], [3, 0, 3], [2, 2, 0]]",5,360,1.09096e-07,5.72492e-10,False
mp-540586,Tl2SnO3,ok,,aligned,True,"[[1, 0, 0], [0, 4, 0], [0, 0, 1]]","[[1, 0, 0], [0, 4, 0], [0, 0, 1]]",24,96,7.05938e-08,1.25155e-09,False
mp-540631,KTa(GeO3)3,ok,,aligned,True,"[[2, 0, 0], [0, 2, 0], [0, 0, 1]]","[[2, 0, 0], [0, 2, 0], [0, 0, 1]]",28,112,1.05221e-07,1.53041e-10,False
mp-540632,RbTa(GeO3)3,ok,,aligned,True,"[[2, 0, 0], [0, 2, 0], [0, 0, 1]]","[[2, 0, 0], [0, 2, 0], [0, 0, 1]]",28,112,8.20108e-08,3.55106e-10,False
mp-540633,RbNb(GeO3)3,ok,,aligned,True,"[[2, 0, 0], [0, 2, 0], [0, 0, 1]]","[[2, 0, 0], [0, 2, 0], [0, 0, 1]]",28,112,9.97289e-08,3.83085e-10,False
mp-540634,TaTl(GeO3)3,ok,,aligned,True,"[[2, 0, 0], [0, 2, 0], [0, 0, 1]]","[[2, 0, 0], [0, 2, 0], [0, 0, 1]]",28,112,8.55465e-08,3.96673e-10,False
mp-540635,BaSn(GeO3)3,ok,,aligned,True,"[[2, 0, 0], [0, 2, 0], [0, 0, 1]]","[[2, 0, 0], [0, 2, 0], [0, 0, 1]]",28,112,8.03004e-08,3.93168e-10,False
mp-540688,SrIn2O4,ok,,aligned,True,"[[1, 0, 0], [0, 3, 0], [0, 0, 1]]","[[1, 0, 0], [0, 3, 0], [0, 0, 1]]",28,84,7.67649e-08,1.42928e-09,False
mp-540707,Cs2Sn(GeO3)3,ok,,aligned,True,"[[2, 0, 0], [0, 2, 0], [0, 0, 1]]","[[2, 0, 0], [0, 2, 0], [0, 0, 1]]",30,120,9.87355e-08,1.65326e-10,False
mp-540949,Ba3SrNb2O9,ok,,aligned,True,"[[3, 0, 0], [0, 3, 0], [0, 0, 1]]","[[3, 0, 0], [0, 3, 0], [0, 0, 1]]",30,270,1.50945e-07,8.36249e-11,False
mp-540950,Ba3SrTa2O9,ok,,aligned,True,"[[3, 0, 0], [0, 3, 0], [0, 0, 1]]","[[3, 0, 0], [0, 3, 0], [0, 0, 1]]",30,270,1.47015e-07,2.78086e-10,False
mp-541037,CsCuO,ok,,aligned,True,"[[3, 3, 0], [-2, 2, 0], [0, 0, 4]]","[[3, 3, 0], [-2, 2, 0], [0, 0, 4]]",6,288,7.39165e-08,4.14707e-10,False
mp-541040,Y2Be2GeO7,failed,no_bijection,aligned,False,"[[2, 0, 0], [0, 2, 0], [0, 0, 3]]","[[0, 2, 0], [-2, 0, 0], [0, 0, 3]]",24,288,,6.58953e-10,True
mp-541190,Cs2LiVO4,ok,,aligned,True,"[[2, 2, 0], [-1, 1, 0], [0, 0, 2]]","[[2, 2, 0], [-1, 1, 0], [0, 0, 2]]",16,128,7.6224e-08,3.29079e-10,False
mp-541368,Tl4V2O7,ok,,aligned,True,"[[3, 0, 0], [0, 3, 0], [0, 0, 2]]","[[3, 0, 0], [0, 3, 0], [0, 0, 2]]",13,234,1.54177e-07,6.42773e-10,False
mp-5418,Li6Zr2O7,ok,,rotated,True,"[[1, 1, 0], [-2, 2, 0], [0, 0, 1]]","[[1, 1, 0], [-2, 2, 0], [0, 0, 1]]",30,120,7.12912e-08,0.185336,False
mp-542085,Sr2GeO4,ok,,rotated,True,"[[2, 0, 0], [0, 2, 0], [0, 0, 1]]","[[2, 0, 0], [0, 2, 0], [0, 0, 1]]",28,112,0.000577375,0.469137,False
mp-545359,KNa2CuO2,ok,,rotated,True,"[[2, -2, 0], [-2, -2, -4], [1, 1, 0]]","[[2, -2, 0], [-2, -2, -4], [1, 1, 0]]",6,96,4.74433e-08,0.171573,False
mp-545544,Ba2TaBiO6,ok,,rotated,True,"[[2, 2, 0], [-3, 3, 0], [0, 0, 3]]","[[2, 2, 0], [-3, 3, 0], [0, 0, 3]]",10,360,1.63862e-07,0.415216,False
mp-545850,VBiO4,ok,,aligned,False,"[[0, 2, 2], [2, 0, 2], [2, 2, 0]]","[[2, 0, 2], [0, -2, -2], [2, 2, 0]]",12,192,8.79721e-08,7.23543e-10,False
mp-546011,YZnAsO,ok,,rotated,True,"[[3, 3, 0], [-3, 3, 0], [0, 0, 2]]","[[3, 3, 0], [-3, 3, 0], [0, 0, 2]]",8,288,9.67238e-08,0.242641,False
mp-546125,ScAsO4,ok,,aligned,False,"[[0, 2, 2], [2, 0, 2], [2, 2, 0]]","[[2, 0, 2], [0, -2, -2], [2, 2, 0]]",12,192,7.08455e-08,4.13332e-10,False
mp-546794,SiO2,ok,,aligned,True,"[[0, 3, 3], [3, 0, 3], [2, 2, 0]]","[[0, 3, 3], [3, 0, 3], [2, 2, 0]]",6,216,7.74227e-08,6.1238e-10,False
mp-5477,Na5NbO5,ok,,rotated,True,"[[2, 2, 0], [-1, 1, 0], [0, 0, 1]]","[[2, 2, 0], [-1, 1, 0], [0, 0, 1]]",22,88,6.80572e-08,0.475265,False
mp-547792,KSbO3,ok,,aligned,True,"[[3, -3, 0], [0, 3, -3], [1, 1, 1]]","[[3, -3, 0], [0, 3, -3], [1, 1, 1]]",10,270,1.46991e-07,1.84552e-10,False
mp-5478,TlPd3O4,ok,,aligned,True,"[[-1, 1, 1], [1, -1, 1], [1, 1, -1]]","[[-1, 1, 1], [1, -1, 1], [1, 1, -1]]",16,64,1.42952e-08,1.95651e-10,False
mp-5488,LiInO2,ok,,aligned,False,"[[0, 2, 2], [2, 0, 2], [1, 1, 0]]","[[2, 0, 2], [0, -2, -2], [1, 1, 0]]",8,64,1.24813e-10,2.04703e-10,False
mp-549737,Ba2Ca(BO3)2,ok,,rotated,True,"[[2, 2, 0], [-3, 3, 0], [0, 0, 3]]","[[2, 2, 0], [-3, 3, 0], [0, 0, 3]]",11,396,1.47688e-07,0.457071,False
mp-550622,V2CdO6,ok,,rotated,True,"[[1, 1, 0], [-3, 3, 0], [0, 0, 2]]","[[1, 1, 0], [-3, 3, 0], [0, 0, 2]]",9,108,7.05064e-08,0.303711,False
mp-550751,BaBeSiO4,ok,,rotated,True,"[[2, 2, 0], [-3, 3, 0], [0, 0, 3]]","[[2, 2, 0], [-3, 3, 0], [0, 0, 3]]",7,252,1.27644e-07,0.396669,False
mp-550925,NaScAs2O7,ok,,rotated,True,"[[2, 2, 0], [-2, 2, 0], [0, 0, 3]]","[[2, 2, 0], [-2, 2, 0], [0, 0, 3]]",11,264,1.10393e-07,0.449036,False
mp-551092,KLiZnO2,ok,,rotated,True,"[[1, 1, 0], [-3, 3, 0], [0, 0, 1]]","[[1, 1, 0], [-3, 3, 0], [0, 0, 1]]",10,60,6.39367e-08,0.433964,False
mp-551269,Ba2LaSbO6,ok,,aligned,True,"[[2, -2, 0], [0, 2, -2], [1, 1, 1]]","[[2, -2, 0], [0, 2, -2], [1, 1, 1]]",10,120,8.88157e-08,5.83567e-10,False
mp-551873,Ca4Bi2O,ok,,aligned,False,"[[0, 4, 4], [4, 0, 4], [1, 1, 0]]","[[0, -4, -4], [-4, 0, -4], [1, 1, 0]]",7,224,5.98848e-08,1.0363e-10,False
mp-553303,CsCu3O2,ok,,aligned,True,"[[4, 0, 0], [0, 4, 0], [0, 0, 4]]","[[4, 0, 0], [0, 4, 0], [0, 0, 4]]",6,384,1.16501e-07,6.09727e-10,False
mp-553310,CsCuO2,ok,,aligned,True,"[[2, 2, 0], [-1, 1, 0], [0, 0, 2]]","[[2, 2, 0], [-1, 1, 0], [0, 0, 2]]",8,64,4.52997e-08,7.80117e-10,False
mp-553961,ScNbO4,ok,,rotated,True,"[[2, 0, 0], [0, 2, 0], [0, 0, 2]]","[[2, 0, 0], [0, 2, 0], [0, 0, 2]]",12,96,5.4348e-08,0.0281356,False
mp-554034,KLa2NbO6,ok,,rotated,True,"[[1, 1, 0], [-2, 2, 0], [0, 0, 1]]","[[1, 1, 0], [-2, 2, 0], [0, 0, 1]]",20,80,4.86e-08,0.414177,False
mp-554206,Cs2Al2As2O7,ok,,aligned,True,"[[0, 3, 3], [2, 0, 2], [2, 2, 0]]","[[0, 3, 3], [2, 0, 2], [2, 2, 0]]",13,312,1.06528e-07,4.43085e-10,False
mp-554278,TiO2,ok,,rotated,True,"[[1, 1, 0], [-3, 3, 0], [0, 0, 2]]","[[1, 1, 0], [-3, 3, 0], [0, 0, 2]]",12,144,8.3764e-08,0.432521,False
mp-554381,Ca2VBiO6,ok,,aligned,True,"[[1, 1, 0], [-1, 1, 0], [0, 0, 2]]","[[1, 1, 0], [-1, 1, 0], [0, 0, 2]]",20,80,6.17713e-08,4.46247e-10,False
mp-554699,GePbO3,ok,,aligned,True,"[[1, -1, 0], [0, 1, -1], [2, 2, 2]]","[[1, -1, 0], [0, 1, -1], [2, 2, 2]]",30,180,1.30097e-07,2.20531e-10,False
mp-554773,La3BWO9,ok,,aligned,True,"[[2, 0, 0], [0, 2, 0], [0, 0, 3]]","[[2, 0, 0], [0, 2, 0], [0, 0, 3]]",28,336,1.18953e-07,7.32114e-10,False
mp-5548,Ta2Cd2O7,ok,,aligned,True,"[[-1, 1, 1], [1, -1, 1], [1, 1, -1]]","[[-1, 1, 1], [1, -1, 1], [1, 1, -1]]",22,88,1.83305e-08,2.3809e-10,False
mp-554845,Na2Zn2O3,ok,,rotated,True,"[[-2, 2, 0], [-2, -2, 0], [0, 0, 2]]","[[-2, 2, 0], [-2, -2, 0], [0, 0, 2]]",28,448,1.47589e-07,0.171573,False
mp-554959,K2Al2Sb2O7,ok,,aligned,True,"[[3, 0, 0], [0, 3, 0], [0, 0, 2]]","[[3, 0, 0], [0, 3, 0], [0, 0, 2]]",13,234,1.34351e-07,2.66302e-10,False
mp-555018,RbNa2AuO2,ok,,aligned,True,"[[4, 0, 0], [0, 2, 0], [0, 0, 5]]","[[4, 0, 0], [0, 2, 0], [0, 0, 5]]",12,480,1.05648e-07,9.24008e-10,False
mp-555070,BaBe2(BO3)2,ok,,aligned,True,"[[-2, 2, 2], [1, -1, 1], [1, 1, -1]]","[[-2, 2, 2], [1, -1, 1], [1, 1, -1]]",22,176,5.01158e-08,6.60727e-10,False
mp-555082,CsLi5(BO3)2,ok,,rotated,True,"[[2, 2, 0], [-2, 2, 0], [0, 0, 2]]","[[2, 2, 0], [-2, 2, 0], [0, 0, 2]]",28,448,1.36819e-07,0.33848,False
mp-555140,Cs2Li3GaO4,ok,,aligned,True,"[[0, 2, 2], [1, 0, 1], [1, 1, 0]]","[[0, 2, 2], [1, 0, 1], [1, 1, 0]]",20,80,7.88606e-08,5.81558e-10,False
mp-555318,K2Zn(SiO3)2,ok,,aligned,True,"[[2, 2, 0], [-1, 1, 0], [0, 0, 1]]","[[2, 2, 0], [-1, 1, 0], [0, 0, 1]]",22,88,6.20066e-08,3.94534e-10,False
mp-555495,K3Y(BO3)2,ok,,aligned,True,"[[3, 0, 0], [0, 2, 0], [0, 0, 3]]","[[3, 0, 0], [0, 2, 0], [0, 0, 3]]",24,432,0.000680516,7.06765e-10,False
mp-555678,Na4Ti5O12,ok,,aligned,True,"[[2, 0, 0], [0, 2, 0], [0, 0, 1]]","[[2, 0, 0], [0, 2, 0], [0, 0, 1]]",21,84,6.98181e-08,4.44282e-10,False
mp-555812,NaSr3BiO6,ok,,aligned,True,"[[1, -1, 0], [0, 1, -1], [1, 1, 1]]","[[1, -1, 0], [0, 1, -1], [1, 1, 1]]",22,66,8.14672e-08,3.83461e-10,False
mp-556046,SrGa2B2O7,ok,,aligned,True,"[[1, 1, 0], [-1, 1, 0], [0, 0, 2]]","[[1, 1, 0], [-1, 1, 0], [0, 0, 2]]",24,96,4.98762e-08,3.79972e-10,False
mp-556104,La2CrO6,ok,,rotated,True,"[[1, 1, 0], [-4, 4, 0], [0, 0, 2]]","[[1, 1, 0], [-4, 4, 0], [0, 0, 2]]",18,288,8.22723e-08,0.467677,False
mp-556185,RbNaTiO3,ok,,rotated,True,"[[2, 2, 0], [-1, 1, 0], [0, 0, 2]]","[[2, 2, 0], [-1, 1, 0], [0, 0, 2]]",12,96,3.72603e-08,0.0857593,False
mp-556209,RbLiMoO4,ok,,rotated,True,"[[2, 2, 0], [-4, 4, 0], [0, 0, 2]]","[[2, 2, 0], [-4, 4, 0], [0, 0, 2]]",14,448,1.74877e-07,0.419455,False
mp-556258,Na3BeAl(SiO4)2,ok,,aligned,True,"[[2, 0, 0], [0, 2, 0], [0, 0, 2]]","[[2, 0, 0], [0, 2, 0], [0, 0, 2]]",30,240,7.35036e-08,5.36747e-10,False
mp-556275,Rb2Al2Sb2O7,ok,,aligned,True,"[[3, 0, 0], [0, 3, 0], [0, 0, 2]]","[[3, 0, 0], [0, 3, 0], [0, 0, 2]]",13,234,1.55186e-07,3.76735e-10,False
mp-556316,Ba3NaBiO6,ok,,aligned,True,"[[1, -1, 0], [0, 1, -1], [1, 1, 1]]","[[1, -1, 0], [0, 1, -1], [1, 1, 1]]",22,66,5.61305e-08,2.32239e-10,False
mp-556489,Ta2SnO6,ok,,rotated,True,"[[1, 1, 0], [-4, 4, 0], [0, 0, 3]]","[[1, 1, 0], [-4, 4, 0], [0, 0, 3]]",18,432,1.26137e-07,0.081109,False
mp-556517,K2PbO2,ok,,rotated,True,"[[3, 0, 0], [0, 3, 0], [0, 0, 2]]","[[3, 0, 0], [0, 3, 0], [0, 0, 2]]",20,360,1.96508e-07,0.378398,False
mp-556653,Cd2BiAsO6,ok,,aligned,True,"[[1, 1, 0], [-1, 1, 0], [0, 0, 2]]","[[1, 1, 0], [-1, 1, 0], [0, 0, 2]]",20,80,6.00982e-08,2.18375e-10,False
mp-556695,NaSrBO3,ok,,rotated,True,"[[3, 0, 0], [0, 2, 0], [0, 0, 3]]","[[3, 0, 0], [0, 2, 0], [0, 0, 3]]",24,432,1.53009e-07,0.498179,False
mp-556896,Ba4AgAuO6,ok,,aligned,True,"[[1, 1, 0], [-2, 2, 0], [0, 0, 1]]","[[1, 1, 0], [-2, 2, 0], [0, 0, 1]]",24,96,6.1691e-08,3.96103e-10,False
mp-556966,KSrVO4,ok,,aligned,True,"[[3, 0, 0], [0, 2, 0], [0, 0, 2]]","[[3, 0, 0], [0, 2, 0], [0, 0, 2]]",28,336,1.22563e-07,4.98059e-10,False
mp-557070,Ca2BiAsO6,ok,,aligned,True,"[[1, 1, 0], [-1, 1, 0], [0, 0, 2]]","[[1, 1, 0], [-1, 1, 0], [0, 0, 2]]",20,80,6.27701e-08,6.27759e-10,False
mp-557183,KNaZnO2,ok,,rotated,True,"[[3, 3, 0], [-2, 2, 0], [0, 0, 4]]","[[3, 3, 0], [-2, 2, 0], [0, 0, 4]]",10,480,1.02217e-07,0.364784,False
mp-557359,Cs2Al2Sb2O7,ok,,aligned,True,"[[3, 0, 0], [0, 3, 0], [0, 0, 2]]","[[3, 0, 0], [0, 3, 0], [0, 0, 2]]",13,234,1.50947e-07,4.90228e-10,False
mp-557401,Na6PbO5,ok,,aligned,True,"[[1, 1, 0], [-2, 2, 0], [0, 0, 1]]","[[1, 1, 0], [-2, 2, 0], [0, 0, 1]]",24,96,6.00064e-08,4.85381e-10,False
mp-557467,Li4Ca(BO3)2,ok,,aligned,True,"[[1, 0, 0], [0, 1, 0], [0, 0, 3]]","[[1, 0, 0], [0, 1, 0], [0, 0, 3]]",26,78,5.57315e-08,1.41555e-09,False
mp-557506,Na3Ca2BiO6,ok,,aligned,True,"[[-2, 2, 2], [2, -2, 2], [1, 1, -1]]","[[-2, 2, 2], [2, -2, 2], [1, 1, -1]]",24,384,8.23046e-08,2.58612e-10,False
mp-557577,K3ScSi2O7,ok,,aligned,True,"[[3, 0, 0], [0, 3, 0], [0, 0, 1]]","[[3, 0, 0], [0, 3, 0], [0, 0, 1]]",26,234,1.38298e-07,7.46109e-10,False
mp-557632,K2LiBO3,ok,,rotated,True,"[[2, 2, 0], [-3, 3, 0], [0, 0, 2]]","[[2, 2, 0], [-3, 3, 0], [0, 0, 2]]",14,336,1.28247e-07,0.466677,False
mp-557787,TlSbO3,ok,,aligned,True,"[[3, 0, 0], [0, 3, 0], [0, 0, 1]]","[[3, 0, 0], [0, 3, 0], [0, 0, 1]]",20,180,1.29017e-07,8.73132e-10,False
mp-557807,CsK2AuO2,ok,,aligned,True,"[[1, 0, 0], [0, 2, 0], [0, 0, 2]]","[[1, 0, 0], [0, 2, 0], [0, 0, 2]]",24,96,7.85577e-08,6.50666e-10,False
mp-557855,CaGaBO4,ok,,aligned,True,"[[2, 2, 0], [-1, 1, 0], [0, 0, 3]]","[[2, 2, 0], [-1, 1, 0], [0, 0, 3]]",28,336,1.2304e-07,4.44746e-10,False
mp-557871,CuAsPbO4,ok,,rotated,True,"[[3, 0, 0], [0, 3, 0], [0, 0, 2]]","[[3, 0, 0], [0, 3, 0], [0, 0, 2]]",14,252,1.22951e-07,0.492997,False
mp-557993,BiO2,ok,,rotated,True,"[[1, 1, 0], [-2, 2, 0], [0, 0, 2]]","[[1, 1, 0], [-2, 2, 0], [0, 0, 2]]",12,96,6.42199e-08,0.313191,False
mp-558085,KNaGeO3,ok,,aligned,True,"[[2, 0, 0], [0, 1, 0], [0, 0, 3]]","[[2, 0, 0], [0, 1, 0], [0, 0, 3]]",24,144,9.34107e-08,6.93048e-10,False
mp-558362,CaMgGeO4,ok,,aligned,True,"[[1, 0, 0], [0, 2, 0], [0, 0, 2]]","[[1, 0, 0], [0, 2, 0], [0, 0, 2]]",28,112,8.35592e-08,3.87715e-10,False
mp-558369,K2LiVO4,ok,,rotated,True,"[[2, 2, 0], [-2, 2, 0], [0, 0, 2]]","[[2, 2, 0], [-2, 2, 0], [0, 0, 2]]",16,256,7.18341e-08,0.0132016,False
mp-558628,KLi2BO3,ok,,aligned,True,"[[2, 0, 0], [0, 2, 0], [0, 0, 2]]","[[2, 0, 0], [0, 2, 0], [0, 0, 2]]",28,224,9.06265e-08,6.03958e-10,False
mp-558629,Ba2ZnSi2O7,ok,,rotated,True,"[[2, 2, 0], [-2, 2, 0], [0, 0, 2]]","[[2, 2, 0], [-2, 2, 0], [0, 0, 2]]",24,384,1.05402e-07,0.405389,False
mp-558781,ScTaO4,ok,,rotated,True,"[[3, 0, 0], [0, 3, 0], [0, 0, 3]]","[[3, 0, 0], [0, 3, 0], [0, 0, 3]]",12,324,1.13078e-07,0.0757208,False
mp-558941,LiYSiO4,ok,,rotated,True,"[[2, 0, 0], [0, 2, 0], [0, 0, 1]]","[[2, 0, 0], [0, 2, 0], [0, 0, 1]]",28,112,6.66559e-08,0.483269,False
mp-559067,KNa2AuO2,ok,,aligned,True,"[[4, 0, 0], [0, 2, 0], [0, 0, 5]]","[[4, 0, 0], [0, 2, 0], [0, 0, 5]]",12,480,1.02018e-07,1.0575e-09,False
mp-559106,KLi3PbO4,ok,,rotated,True,"[[2, 0, 0], [0, 2, 0], [0, 0, 2]]","[[2, 0, 0], [0, 2, 0], [0, 0, 2]]",18,144,1.1209e-07,0.450246,False
mp-559186,BaBiBO4,ok,,aligned,True,"[[2, 0, 0], [0, 4, 0], [0, 0, 2]]","[[2, 0, 0], [0, 4, 0], [0, 0, 2]]",28,448,9.9515e-08,5.27933e-10,False
mp-559348,BaZr(BO3)2,ok,,aligned,True,"[[2, -2, 0], [0, 2, -2], [1, 1, 1]]","[[2, -2, 0], [0, 2, -2], [1, 1, 1]]",20,240,1.62611e-07,8.38798e-10,False
mp-5594,Sc2Si2O7,ok,,rotated,True,"[[2, 2, 0], [-2, 2, 0], [0, 0, 3]]","[[2, 2, 0], [-2, 2, 0], [0, 0, 3]]",11,264,8.52381e-08,0.486249,False
mp-559759,CaAlBO4,ok,,aligned,True,"[[2, 2, 0], [-1, 1, 0], [0, 0, 3]]","[[2, 2, 0], [-1, 1, 0], [0, 0, 3]]",28,336,1.15011e-07,5.15922e-10,False
mp-559969,CaLaGaO4,ok,,aligned,True,"[[1, 0, 0], [0, 2, 0], [0, 0, 2]]","[[1, 0, 0], [0, 2, 0], [0, 0, 2]]",28,112,7.33693e-08,6.55243e-10,False
mp-560156,SrTlVO4,ok,,aligned,True,"[[3, 0, 0], [0, 2, 0], [0, 0, 2]]","[[3, 0, 0], [0, 2, 0], [0, 0, 2]]",28,336,1.32447e-07,5.65617e-10,False
mp-560157,LiMgVO4,ok,,aligned,True,"[[3, 3, 0], [-2, 2, 0], [0, 0, 2]]","[[3, 3, 0], [-2, 2, 0], [0, 0, 2]]",14,336,9.7811e-08,5.98706e-10,False
mp-560340,La2Pd2O5,ok,,rotated,True,"[[-2, 2, 0], [-2, -2, 0], [0, 0, 3]]","[[-2, 2, 0], [-2, -2, 0], [0, 0, 3]]",18,432,1.01383e-07,0.171573,False
mp-560398,K2Zn(GeO3)2,ok,,aligned,True,"[[2, 2, 0], [-1, 1, 0], [0, 0, 1]]","[[2, 2, 0], [-1, 1, 0], [0, 0, 1]]",22,88,6.73901e-08,3.17843e-10,False
mp-560441,BaZn2Si2O7,ok,,aligned,True,"[[1, 1, 0], [-2, 2, 0], [0, 0, 2]]","[[1, 1, 0], [-2, 2, 0], [0, 0, 2]]",24,192,9.50234e-08,4.77511e-10,False
mp-560605,LiLa4AuO8,ok,,aligned,True,"[[2, 2, 0], [-1, 1, 0], [0, 0, 2]]","[[2, 2, 0], [-1, 1, 0], [0, 0, 2]]",14,112,4.52418e-08,5.20567e-10,False
mp-560647,Ca2GeO4,ok,,aligned,True,"[[1, 0, 0], [0, 2, 0], [0, 0, 2]]","[[1, 0, 0], [0, 2, 0], [0, 0, 2]]",28,112,7.0488e-08,1.72892e-10,False
mp-560767,KNaTiO3,ok,,rotated,True,"[[2, 2, 0], [-1, 1, 0], [0, 0, 2]]","[[2, 2, 0], [-1, 1, 0], [0, 0, 2]]",12,96,6.44304e-08,0.244916,False
mp-560791,CsNaTiO3,ok,,aligned,True,"[[2, 2, 0], [-1, 1, 0], [0, 0, 2]]","[[2, 2, 0], [-1, 1, 0], [0, 0, 2]]",12,96,5.62595e-08,4.01659e-10,False
mp-560860,Na2PtO3,ok,,aligned,True,"[[-2, 2, 2], [2, -2, 2], [1, 1, -1]]","[[-2, 2, 2], [2, -2, 2], [1, 1, -1]]",24,384,6.66886e-08,6.59686e-10,False
mp-560870,BaGa2B2O7,ok,,aligned,True,"[[1, 1, 0], [-1, 1, 0], [0, 0, 2]]","[[1, 1, 0], [-1, 1, 0], [0, 0, 2]]",24,96,6.73692e-08,4.76808e-10,False
mp-560950,K2NaTlO3,ok,,rotated,True,"[[2, 0, 0], [0, 2, 0], [0, 0, 1]]","[[2, 0, 0], [0, 2, 0], [0, 0, 1]]",28,112,8.63462e-08,0.199544,False
mp-561315,Cs3AlGe2O7,ok,,rotated,True,"[[2, 2, 0], [-1, 1, 0], [0, 0, 2]]","[[2, 2, 0], [-1, 1, 0], [0, 0, 2]]",26,208,1.46699e-07,0.499804,False
mp-561446,BaCa(GaO2)4,ok,,aligned,True,"[[0, 2, 2], [2, 0, 2], [3, 3, 0]]","[[0, 2, 2], [2, 0, 2], [3, 3, 0]]",14,336,8.32304e-08,5.03998e-10,False
mp-561725,CsBO2,ok,,aligned,True,"[[1, -1, 0], [0, 1, -1], [2, 2, 2]]","[[1, -1, 0], [0, 1, -1], [2, 2, 2]]",24,144,8.48969e-08,3.90175e-11,False
mp-562072,Cs3SbO3,ok,,aligned,True,"[[2, 0, 0], [0, 2, 0], [0, 0, 2]]","[[2, 0, 0], [0, 2, 0], [0, 0, 2]]",28,224,1.55328e-07,2.25563e-10,False
mp-562263,Cs2PbO2,ok,,rotated,True,"[[3, 0, 0], [0, 3, 0], [0, 0, 2]]","[[3, 0, 0], [0, 3, 0], [0, 0, 2]]",20,360,2.09634e-07,0.405685,False
mp-562441,Cs3AlO3,ok,,rotated,True,"[[2, 0, 0], [0, 1, 0], [0, 0, 2]]","[[2, 0, 0], [0, 1, 0], [0, 0, 2]]",28,112,8.98203e-08,0.462632,False
mp-562854,CsNb2BiO7,ok,,aligned,True,"[[1, 0, 0], [0, 2, 0], [0, 0, 2]]","[[1, 0, 0], [0, 2, 0], [0, 0, 2]]",22,88,6.47276e-08,3.72321e-10,False
mp-5637,SrZnO2,ok,,aligned,True,"[[2, 0, 0], [0, 3, 0], [0, 0, 1]]","[[2, 0, 0], [0, 3, 0], [0, 0, 1]]",16,96,7.50627e-08,1.17491e-09,False
mp-5769,Li3SbO4,ok,,rotated,True,"[[3, 0, 0], [0, 3, 0], [0, 0, 3]]","[[3, 0, 0], [0, 3, 0], [0, 0, 3]]",16,432,1.42616e-07,0.478623,False
mp-5784,Na2GeO3,ok,,aligned,True,"[[1, 1, 0], [-2, 2, 0], [0, 0, 2]]","[[1, 1, 0], [-2, 2, 0], [0, 0, 2]]",12,96,6.61943e-08,6.42442e-10,False
mp-5794,Zn(GaO2)2,ok,,aligned,True,"[[-2, 2, 2], [2, -2, 2], [2, 2, -2]]","[[-2, 2, 2], [2, -2, 2], [2, 2, -2]]",14,448,9.30261e-08,3.82512e-11,False
mp-5840,LiScO2,ok,,aligned,False,"[[0, 2, 2], [2, 0, 2], [1, 1, 0]]","[[2, 0, 2], [0, -2, -2], [1, 1, 0]]",8,64,3.9585e-08,1.0111e-09,False
mp-5854,LiGaO2,ok,,aligned,True,"[[3, 0, 0], [0, 2, 0], [0, 0, 3]]","[[3, 0, 0], [0, 2, 0], [0, 0, 3]]",16,288,0.000146221,9.30449e-10,False
mp-5860,K2HgO2,ok,,aligned,False,"[[0, 4, 4], [4, 0, 4], [1, 1, 0]]","[[0, -4, -4], [-4, 0, -4], [1, 1, 0]]",5,160,3.94467e-08,3.21299e-10,False
mp-6019,Sr2YNbO6,ok,,rotated,True,"[[3, 0, 0], [0, 3, 0], [0, 0, 2]]","[[3, 0, 0], [0, 3, 0], [0, 0, 2]]",20,360,1.70175e-07,0.440908,False
mp-6062,YAl3(BO3)4,ok,,aligned,True,"[[1, -1, 0], [0, 1, -1], [1, 1, 1]]","[[1, -1, 0], [0, 1, -1], [1, 1, 1]]",20,60,7.28138e-08,3.59805e-10,False
mp-6064,Sr3MgPtO6,ok,,aligned,True,"[[1, -1, 0], [0, 1, -1], [1, 1, 1]]","[[1, -1, 0], [0, 1, -1], [1, 1, 1]]",22,66,7.58424e-08,4.37325e-10,False
mp-6066,NaTaGeO5,ok,,rotated,True,"[[2, 2, 0], [-2, 2, 0], [0, 0, 2]]","[[2, 2, 0], [-2, 2, 0], [0, 0, 2]]",16,256,9.62557e-08,0.429426,False
mp-6081,Ba2Ti(SiO4)2,ok,,aligned,False,"[[2, 0, 0], [0, 2, 0], [0, 0, 3]]","[[0, 2, 0], [-2, 0, 0], [0, 0, 3]]",26,312,1.10541e-07,6.62963e-11,False
mp-6126,LiCdBO3,ok,,aligned,True,"[[2, 0, 0], [0, 2, 0], [0, 0, 5]]","[[2, 0, 0], [0, 2, 0], [0, 0, 5]]",18,360,1.24443e-07,4.61825e-10,False
mp-6138,Na2TiSiO5,ok,,rotated,True,"[[1, 1, 0], [-1, 1, 0], [0, 0, 2]]","[[1, 1, 0], [-1, 1, 0], [0, 0, 2]]",18,72,5.21418e-08,0.414214,False
mp-6224,LiScSiO4,ok,,aligned,True,"[[1, 0, 0], [0, 2, 0], [0, 0, 2]]","[[1, 0, 0], [0, 2, 0], [0, 0, 2]]",28,112,5.41769e-08,4.74647e-10,False
mp-6228,Na2TiGeO5,ok,,rotated,True,"[[1, 1, 0], [-1, 1, 0], [0, 0, 2]]","[[1, 1, 0], [-1, 1, 0], [0, 0, 2]]",18,72,5.00471e-08,0.414214,False
mp-6273,Ba4Na(SbO4)3,ok,,aligned,True,"[[0, 2, 2], [2, 0, 2], [2, 2, 0]]","[[0, 2, 2], [2, 0, 2], [2, 2, 0]]",20,320,6.5425e-08,5.83605e-10,False
mp-6325,Ba3MgTa2O9,ok,,aligned,True,"[[3, 0, 0], [0, 3, 0], [0, 0, 2]]","[[3, 0, 0], [0, 3, 0], [0, 0, 2]]",15,270,1.37198e-07,6.99888e-10,False
mp-6333,NaIn(SiO3)2,ok,,rotated,True,"[[1, 1, 0], [-1, 1, 0], [0, 0, 2]]","[[1, 1, 0], [-1, 1, 0], [0, 0, 2]]",20,80,5.591e-08,0.410357,False
mp-6361,NaSr3NbO6,ok,,aligned,True,"[[1, -1, 0], [0, 1, -1], [1, 1, 1]]","[[1, -1, 0], [0, 1, -1], [1, 1, 1]]",22,66,6.40957e-08,3.45199e-10,False
mp-6391,Na2ZnSiO4,ok,,rotated,True,"[[3, 0, 0], [0, 3, 0], [0, 0, 2]]","[[3, 0, 0], [0, 3, 0], [0, 0, 2]]",16,288,1.43037e-07,0.498278,False
mp-6402,Na2ZnGeO4,ok,,rotated,True,"[[3, 0, 0], [0, 3, 0], [0, 0, 2]]","[[3, 0, 0], [0, 3, 0], [0, 0, 2]]",16,288,1.35673e-07,0.495364,False
mp-6406,Na2MgSiO4,ok,,rotated,True,"[[3, 0, 0], [0, 3, 0], [0, 0, 2]]","[[3, 0, 0], [0, 3, 0], [0, 0, 2]]",16,288,1.31658e-07,0.495544,False
mp-6434,RbAlSiO4,ok,,aligned,True,"[[2, 0, 0], [0, 2, 0], [0, 0, 3]]","[[2, 0, 0], [0, 2, 0], [0, 0, 3]]",28,336,1.15793e-07,3.95599e-10,False
mp-647813,Cs2CrO4,ok,,aligned,True,"[[2, 0, 0], [0, 3, 0], [0, 0, 2]]","[[2, 0, 0], [0, 3, 0], [0, 0, 2]]",28,336,1.24569e-07,3.48491e-10,False
mp-6493,CaMgSiO4,ok,,aligned,True,"[[1, 0, 0], [0, 2, 0], [0, 0, 3]]","[[1, 0, 0], [0, 2, 0], [0, 0, 3]]",28,168,8.50544e-08,8.91017e-10,False
mp-6499,BaLiBO3,ok,,rotated,True,"[[2, 0, 0], [0, 2, 0], [0, 0, 2]]","[[2, 0, 0], [0, 2, 0], [0, 0, 2]]",24,192,8.57614e-08,0.291642,False
mp-6507,Na2Zn2Si2O7,ok,,aligned,True,"[[1, 0, 0], [0, 2, -2], [0, 3, 3]]","[[1, 0, 0], [0, 2, -2], [0, 3, 3]]",26,312,1.27164e-07,1.33737e-10,False
mp-6526,NaGeSbO5,ok,,rotated,True,"[[2, 2, 0], [-2, 2, 0], [0, 0, 2]]","[[2, 2, 0], [-2, 2, 0], [0, 0, 2]]",16,256,1.29476e-07,0.432774,False
mp-6564,Sr2MgSi2O7,failed,no_bijection,aligned,False,"[[2, 0, 0], [0, 2, 0], [0, 0, 3]]","[[0, 2, 0], [-2, 0, 0], [0, 0, 3]]",24,288,,1.50506e-10,True
mp-6600,K2Zr(SiO3)3,ok,,aligned,True,"[[2, 0, 0], [0, 2, 0], [0, 0, 1]]","[[2, 0, 0], [0, 2, 0], [0, 0, 1]]",30,120,9.0205e-08,4.83989e-10,False
mp-6655,Y2Be2SiO7,failed,no_bijection,aligned,False,"[[2, 0, 0], [0, 2, 0], [0, 0, 3]]","[[0, 2, 0], [-2, 0, 0], [0, 0, 3]]",24,288,,2.73385e-10,True
mp-6660,BaNaBO3,ok,,rotated,True,"[[2, 2, 0], [-3, 3, 0], [0, 0, 3]]","[[2, 2, 0], [-3, 3, 0], [0, 0, 3]]",12,432,1.33943e-07,0.498093,False
mp-6661,BaTi(SiO3)3,ok,,aligned,True,"[[2, 0, 0], [0, 2, 0], [0, 0, 1]]","[[2, 0, 0], [0, 2, 0], [0, 0, 1]]",28,112,7.67944e-08,4.23892e-10,False
mp-6675,Na2Zn(SiO3)2,ok,,aligned,True,"[[-2, 2, 2], [1, -1, 1], [2, 2, -2]]","[[-2, 2, 2], [1, -1, 1], [2, 2, -2]]",22,352,1.233e-07,3.47798e-10,False
mp-6694,Cs2Zr(SiO3)3,ok,,aligned,True,"[[2, 0, 0], [0, 2, 0], [0, 0, 1]]","[[2, 0, 0], [0, 2, 0], [0, 0, 1]]",30,120,9.68776e-08,3.58337e-10,False
mp-6730,Sr3ZnPtO6,ok,,aligned,True,"[[1, -1, 0], [0, 1, -1], [1, 1, 1]]","[[1, -1, 0], [0, 1, -1], [1, 1, 1]]",22,66,5.25922e-08,4.26779e-10,False
mp-6766,CaMg(SiO3)2,ok,,rotated,True,"[[1, 1, 0], [-1, 1, 0], [0, 0, 2]]","[[1, 1, 0], [-1, 1, 0], [0, 0, 2]]",20,80,5.602e-08,0.467706,False
mp-676666,Rb2CeO3,ok,,rotated,True,"[[3, 3, 0], [-2, 2, 0], [0, 0, 3]]","[[3, 3, 0], [-2, 2, 0], [0, 0, 3]]",12,432,1.48835e-07,0.467963,False
mp-676861,AlSbO4,ok,,aligned,True,"[[2, 2, 0], [-2, 2, 0], [0, 0, 4]]","[[2, 2, 0], [-2, 2, 0], [0, 0, 4]]",6,192,5.68556e-08,6.78814e-10,False
mp-6853,Ca3TaGa3(SiO7)2,ok,,aligned,True,"[[2, 0, 0], [0, 2, 0], [0, 0, 3]]","[[2, 0, 0], [0, 2, 0], [0, 0, 3]]",23,276,1.2169e-07,3.90404e-10,False
mp-6983,NaAgO,ok,,aligned,False,"[[0, 2, 2], [2, 0, 2], [4, 4, 0]]","[[2, 0, 2], [0, -2, -2], [4, 4, 0]]",12,384,9.9332e-08,3.61605e-10,False
mp-7020,LiYO2,ok,,rotated,True,"[[2, 0, 0], [0, 2, 0], [0, 0, 2]]","[[2, 0, 0], [0, 2, 0], [0, 0, 2]]",16,128,8.4023e-08,0.294099,False
mp-7027,InBO3,ok,,aligned,True,"[[3, -3, 0], [0, 3, -3], [1, 1, 1]]","[[3, -3, 0], [0, 3, -3], [1, 1, 1]]",10,270,1.24087e-07,7.75165e-10,False
mp-7041,CaHgO2,ok,,aligned,True,"[[5, -5, 0], [0, 5, -5], [1, 1, 1]]","[[5, -5, 0], [0, 5, -5], [1, 1, 1]]",4,300,1.20112e-07,8.07351e-10,False
mp-7074,NaSc(SiO3)2,ok,,rotated,True,"[[1, 1, 0], [-1, 1, 0], [0, 0, 2]]","[[1, 1, 0], [-1, 1, 0], [0, 0, 2]]",20,80,6.48999e-08,0.412222,False
mp-7118,Rb4SnO4,ok,,rotated,True,"[[3, 0, 0], [0, 3, 0], [0, 0, 2]]","[[3, 0, 0], [0, 3, 0], [0, 0, 2]]",18,324,1.80593e-07,0.398244,False
mp-7128,Cd(AsO3)2,ok,,aligned,True,"[[3, 0, 0], [0, 3, 0], [0, 0, 3]]","[[3, 0, 0], [0, 3, 0], [0, 0, 3]]",9,243,1.22843e-07,5.52561e-10,False
mp-7205,LiInSiO4,ok,,aligned,True,"[[1, 0, 0], [0, 2, 0], [0, 0, 2]]","[[1, 0, 0], [0, 2, 0], [0, 0, 2]]",28,112,6.78196e-08,2.31551e-10,False
mp-7232,Cs2HgO2,ok,,aligned,True,"[[0, 3, 3], [3, 0, 3], [1, 1, 0]]","[[0, 3, 3], [3, 0, 3], [1, 1, 0]]",5,90,7.24447e-08,2.86128e-10,False
mp-7258,K4SnO4,ok,,rotated,True,"[[3, 0, 0], [0, 3, 0], [0, 0, 2]]","[[3, 0, 0], [0, 3, 0], [0, 0, 2]]",18,324,1.91791e-07,0.44611,False
mp-733,GeO2,ok,,aligned,True,"[[2, 0, 0], [0, 2, 0], [0, 0, 2]]","[[2, 0, 0], [0, 2, 0], [0, 0, 2]]",9,72,5.75942e-08,6.80387e-10,False
mp-7374,Ba(CuO)2,ok,,aligned,False,"[[0, 2, 2], [2, 0, 2], [1, 1, 0]]","[[2, 0, 2], [0, -2, -2], [1, 1, 0]]",10,80,3.80098e-08,5.87193e-10,False
mp-7404,Na3SbO4,ok,,rotated,True,"[[3, 0, 0], [0, 3, 0], [0, 0, 3]]","[[3, 0, 0], [0, 3, 0], [0, 0, 3]]",16,432,1.3735e-07,0.470254,False
mp-7469,NaCuO,ok,,aligned,False,"[[0, 2, 2], [2, 0, 2], [4, 4, 0]]","[[2, 0, 2], [0, -2, -2], [4, 4, 0]]",12,384,5.45802e-08,1.06145e-09,False
mp-7470,RbCuO,ok,,aligned,False,"[[0, 2, 2], [2, 0, 2], [3, 3, 0]]","[[2, 0, 2], [0, -2, -2], [3, 3, 0]]",12,288,1.38782e-07,2.93179e-10,False
mp-7471,Li3AuO3,ok,,rotated,True,"[[1, 1, 0], [-1, 1, 0], [0, 0, 4]]","[[1, 1, 0], [-1, 1, 0], [0, 0, 4]]",28,224,6.32384e-08,0.414214,False
mp-7472,RbAuO2,ok,,aligned,True,"[[3, 3, 0], [-1, 1, 0], [0, 0, 2]]","[[3, 3, 0], [-1, 1, 0], [0, 0, 2]]",8,96,7.54154e-08,7.3151e-10,False
mp-7500,Na4SiO4,ok,,rotated,True,"[[3, 0, 0], [0, 3, 0], [0, 0, 2]]","[[3, 0, 0], [0, 3, 0], [0, 0, 2]]",18,324,1.61961e-07,0.44946,False
mp-752508,Cs2WO4,ok,,rotated,True,"[[1, 1, 0], [-2, 2, 0], [0, 0, 2]]","[[1, 1, 0], [-2, 2, 0], [0, 0, 2]]",14,112,1.03232e-07,0.402634,False
mp-752676,TiBi2O5,ok,,aligned,True,"[[1, 1, 0], [-3, 3, 0], [0, 0, 3]]","[[1, 1, 0], [-3, 3, 0], [0, 0, 3]]",16,288,1.20543e-07,2.90064e-10,False
mp-752849,Y2Pb2O7,ok,,aligned,True,"[[-1, 1, 1], [1, -1, 1], [1, 1, -1]]","[[-1, 1, 1], [1, -1, 1], [1, 1, -1]]",22,88,4.33194e-09,9.02675e-11,False
mp-753746,Rb2O,ok,,aligned,True,"[[-2, 2, 2], [2, -2, 2], [2, 2, -2]]","[[-2, 2, 2], [2, -2, 2], [2, 2, -2]]",3,96,0,5.3722e-10,False
mp-753798,Rb2SnO3,ok,,aligned,True,"[[2, 2, 0], [-3, 3, 0], [0, 0, 3]]","[[2, 2, 0], [-3, 3, 0], [0, 0, 3]]",12,432,1.30122e-07,6.10793e-10,False
mp-753802,Sc2Ti2O7,ok,,rotated,True,"[[3, 3, 0], [-2, 2, 0], [0, 0, 3]]","[[3, 3, 0], [-2, 2, 0], [0, 0, 3]]",11,396,1.26828e-07,0.431677,False
mp-754128,Ba3Hf2O7,ok,,rotated,True,"[[3, 3, 6], [3, -3, 0], [1, 1, 0]]","[[3, 3, 6], [3, -3, 0], [1, 1, 0]]",12,432,1.29849e-07,0.242641,False
mp-754246,TiSnO3,ok,,aligned,True,"[[4, -4, 0], [0, 4, -4], [1, 1, 1]]","[[4, -4, 0], [0, 4, -4], [1, 1, 1]]",10,480,1.44669e-07,4.8053e-10,False
mp-754326,NaAgO2,ok,,rotated,True,"[[2, 2, 0], [-4, 4, 0], [0, 0, 2]]","[[2, 2, 0], [-4, 4, 0], [0, 0, 2]]",4,128,3.2689e-08,0.298602,False
mp-754363,Ba2HfO4,ok,,aligned,True,"[[0, 3, 3], [3, 0, 3], [1, 1, 0]]","[[0, 3, 3], [3, 0, 3], [1, 1, 0]]",7,126,7.73019e-08,3.46001e-10,False
mp-754535,LaAgO2,ok,,aligned,True,"[[3, 0, 0], [0, 3, 0], [0, 0, 1]]","[[3, 0, 0], [0, 3, 0], [0, 0, 1]]",8,72,9.29708e-08,6.2829e-10,False
mp-754853,CaHfO3,ok,,aligned,True,"[[3, 0, 0], [0, 2, 0], [0, 0, 3]]","[[3, 0, 0], [0, 2, 0], [0, 0, 3]]",20,360,1.07907e-07,7.23221e-10,False
mp-755013,Li5TaO5,ok,,rotated,True,"[[1, 1, 0], [-3, 3, 0], [0, 0, 2]]","[[1, 1, 0], [-3, 3, 0], [0, 0, 2]]",11,132,7.17822e-08,0.43564,False
mp-755026,La2Pt2O7,ok,,aligned,True,"[[-1, 1, 1], [1, -1, 1], [1, 1, -1]]","[[-1, 1, 1], [1, -1, 1], [1, 1, -1]]",22,88,1.26542e-08,3.26051e-10,False
mp-755116,In2Pt2O7,ok,,aligned,True,"[[-1, 1, 1], [1, -1, 1], [1, 1, -1]]","[[-1, 1, 1], [1, -1, 1], [1, 1, -1]]",22,88,2.80096e-08,2.1352e-10,False
mp-755135,La6WO12,ok,,aligned,True,"[[2, -2, 0], [0, 2, -2], [2, 2, 2]]","[[2, -2, 0], [0, 2, -2], [2, 2, 2]]",19,456,1.69121e-07,2.77989e-10,False
mp-755287,Ca3CdO4,ok,,aligned,True,"[[3, 3, 0], [-2, 2, 0], [0, 0, 5]]","[[3, 3, 0], [-2, 2, 0], [0, 0, 5]]",8,480,9.63148e-08,9.92979e-10,False
mp-755292,Cs2BeO2,ok,,rotated,True,"[[3, 0, 0], [0, 4, 0], [0, 0, 2]]","[[3, 0, 0], [0, 4, 0], [0, 0, 2]]",20,480,2.16486e-07,0.432198,False
mp-755352,Li2HfO3,ok,,rotated,True,"[[3, 3, 0], [-2, 2, 0], [0, 0, 3]]","[[3, 3, 0], [-2, 2, 0], [0, 0, 3]]",12,432,1.20208e-07,0.325069,False
mp-755401,Na3CuO2,ok,,rotated,True,"[[1, 1, 0], [-1, 1, 0], [0, 0, 3]]","[[1, 1, 0], [-1, 1, 0], [0, 0, 3]]",24,144,6.70048e-08,0.414214,False
mp-755436,Na3VO4,ok,,aligned,True,"[[2, 0, 0], [0, 2, 0], [0, 0, 2]]","[[2, 0, 0], [0, 2, 0], [0, 0, 2]]",16,128,6.29184e-08,6.3108e-10,False
mp-755478,CdBiO3,ok,,aligned,True,"[[3, -3, 0], [0, 3, -3], [1, 1, 1]]","[[3, -3, 0], [0, 3, -3], [1, 1, 1]]",10,270,1.49164e-07,4.94849e-10,False
mp-755558,BaLa2O4,ok,,aligned,True,"[[-2, 2, 2], [2, -2, 2], [2, 2, -2]]","[[-2, 2, 2], [2, -2, 2], [2, 2, -2]]",14,448,9.62513e-08,2.30337e-10,False
mp-755586,NaLaO2,ok,,rotated,True,"[[2, -2, 0], [-2, -2, -4], [1, 1, 0]]","[[2, -2, 0], [-2, -2, -4], [1, 1, 0]]",8,128,1.89379e-08,0.171573,False
mp-755752,Rb2Be2O3,ok,,aligned,True,"[[2, 0, 0], [0, 3, 0], [0, 0, 2]]","[[2, 0, 0], [0, 3, 0], [0, 0, 2]]",28,336,1.14505e-07,5.78753e-10,False
mp-755802,K2MgO2,ok,,aligned,True,"[[1, 0, 0], [0, 2, 0], [0, 0, 2]]","[[1, 0, 0], [0, 2, 0], [0, 0, 2]]",20,80,4.38024e-08,6.08873e-10,False
mp-755895,Ba3Zr2O7,ok,,rotated,True,"[[3, 3, 6], [3, -3, 0], [1, 1, 0]]","[[3, 3, 6], [3, -3, 0], [1, 1, 0]]",12,432,1.13585e-07,0.242641,False
mp-755950,Ba2Sc2O5,ok,,aligned,True,"[[2, 0, 0], [0, 1, 0], [0, 0, 3]]","[[2, 0, 0], [0, 1, 0], [0, 0, 3]]",18,108,8.48239e-08,5.72973e-10,False
mp-756044,Na3AsO4,ok,,aligned,True,"[[2, 0, 0], [0, 2, 0], [0, 0, 2]]","[[2, 0, 0], [0, 2, 0], [0, 0, 2]]",16,128,5.77206e-08,3.24634e-10,False
mp-756122,Cs3TlO3,ok,,rotated,True,"[[2, 0, 0], [0, 2, 0], [0, 0, 1]]","[[2, 0, 0], [0, 2, 0], [0, 0, 1]]",28,112,9.49427e-08,0.121617,False
mp-756156,Rb2ZrO3,ok,,aligned,True,"[[2, 2, 0], [-3, 3, 0], [0, 0, 3]]","[[2, 2, 0], [-3, 3, 0], [0, 0, 3]]",12,432,1.33445e-07,6.87785e-10,False
mp-756347,Y2Pt2O7,ok,,aligned,True,"[[-1, 1, 1], [1, -1, 1], [1, 1, -1]]","[[-1, 1, 1], [1, -1, 1], [1, 1, -1]]",22,88,2.52936e-08,3.63986e-10,False
mp-756382,Sr3WO6,ok,,aligned,True,"[[1, -1, 0], [0, 1, -1], [1, 1, 1]]","[[1, -1, 0], [0, 1, -1], [1, 1, 1]]",20,60,8.53461e-08,4.68766e-10,False
mp-756510,K4TiO4,ok,,rotated,True,"[[3, 0, 0], [0, 3, 0], [0, 0, 2]]","[[3, 0, 0], [0, 3, 0], [0, 0, 2]]",18,324,1.59959e-07,0.373838,False
mp-756570,Rb4SnO3,ok,,rotated,True,"[[3, 3, 0], [-1, 1, 0], [0, 0, 3]]","[[3, 3, 0], [-1, 1, 0], [0, 0, 3]]",16,288,1.49797e-07,0.369324,False
mp-756746,Rb4PbO4,ok,,rotated,True,"[[3, 0, 0], [0, 3, 0], [0, 0, 2]]","[[3, 0, 0], [0, 3, 0], [0, 0, 2]]",18,324,1.89748e-07,0.399535,False
mp-756919,Mg3(AsO4)2,ok,,rotated,True,"[[3, 0, 0], [0, 2, 0], [0, 0, 2]]","[[3, 0, 0], [0, 2, 0], [0, 0, 2]]",26,312,1.20721e-07,0.315371,False
mp-757031,Mg2TiO4,ok,,rotated,True,"[[-2, 2, 0], [-2, -2, 0], [0, 0, 2]]","[[-2, 2, 0], [-2, -2, 0], [0, 0, 2]]",28,448,9.10097e-08,0.171573,False
mp-7601,NbGaO4,ok,,rotated,True,"[[1, 1, 0], [-3, 3, 0], [0, 0, 2]]","[[1, 1, 0], [-3, 3, 0], [0, 0, 2]]",12,144,9.04627e-08,0.386094,False
mp-760483,Li2PdO3,ok,,rotated,True,"[[2, 2, 0], [-1, 1, 0], [0, 0, 2]]","[[2, 2, 0], [-1, 1, 0], [0, 0, 2]]",12,96,0.000381385,0.35823,False
mp-7608,Li2PdO2,ok,,aligned,True,"[[0, 3, 3], [2, 0, 2], [1, 1, 0]]","[[0, 3, 3], [2, 0, 2], [1, 1, 0]]",5,60,3.1841e-08,7.66522e-10,False
mp-7611,Li2CaGeO4,ok,,rotated,True,"[[2, -2, 0], [-2, -2, -4], [2, 2, 0]]","[[2, -2, 0], [-2, -2, -4], [2, 2, 0]]",8,256,2.06074e-08,0.171573,False
mp-761184,Na2SnO3,ok,,rotated,True,"[[2, 2, 0], [-1, 1, 0], [0, 0, 1]]","[[2, 2, 0], [-1, 1, 0], [0, 0, 1]]",24,96,5.8814e-08,0.344604,False
mp-761686,Na2BiO3,ok,,rotated,True,"[[2, 2, 0], [-1, 1, 0], [0, 0, 1]]","[[2, 2, 0], [-1, 1, 0], [0, 0, 1]]",24,96,6.14284e-08,0.320304,False
mp-7638,LiTa3O8,ok,,rotated,True,"[[1, 1, 0], [-1, 1, 0], [0, 0, 2]]","[[1, 1, 0], [-1, 1, 0], [0, 0, 2]]",24,96,5.77063e-08,0.0279535,False
mp-7650,RbScO2,ok,,aligned,True,"[[4, 0, 0], [0, 4, 0], [0, 0, 1]]","[[4, 0, 0], [0, 4, 0], [0, 0, 1]]",8,128,8.42818e-08,2.68686e-10,False
mp-766217,Sr4Cu2O7,ok,,rotated,True,"[[2, 0, 0], [0, 2, 0], [0, 0, 1]]","[[2, 0, 0], [0, 2, 0], [0, 0, 1]]",26,104,8.52294e-08,0.478097,False
mp-7664,Na6ZnO4,ok,,aligned,True,"[[2, 0, 0], [0, 2, 0], [0, 0, 3]]","[[2, 0, 0], [0, 2, 0], [0, 0, 3]]",22,264,1.10416e-07,3.79631e-10,False
mp-768223,Cs2CeO3,ok,,aligned,True,"[[2, 2, 0], [-3, 3, 0], [0, 0, 3]]","[[2, 2, 0], [-3, 3, 0], [0, 0, 3]]",12,432,1.49731e-07,3.32121e-10,False
mp-768232,Rb3SbO3,ok,,aligned,True,"[[2, 0, 0], [0, 2, 0], [0, 0, 2]]","[[2, 0, 0], [0, 2, 0], [0, 0, 2]]",28,224,1.26457e-07,4.28027e-10,False
mp-7688,Li2CdGeO4,ok,,aligned,True,"[[2, 0, 0], [0, 3, 0], [0, 0, 3]]","[[2, 0, 0], [0, 3, 0], [0, 0, 3]]",16,288,9.98156e-08,9.01482e-10,False
mp-768915,Na3AuO3,ok,,rotated,True,"[[1, 1, 0], [-1, 1, 0], [0, 0, 3]]","[[1, 1, 0], [-1, 1, 0], [0, 0, 3]]",28,168,8.69171e-08,0.414214,False
mp-768976,Cs3ScO3,ok,,rotated,True,"[[2, 0, 0], [0, 2, 0], [0, 0, 1]]","[[2, 0, 0], [0, 2, 0], [0, 0, 1]]",28,112,8.37151e-08,0.151457,False
mp-769271,Sr4Ta2O9,ok,,aligned,True,"[[3, 0, 0], [0, 3, 0], [0, 0, 1]]","[[3, 0, 0], [0, 3, 0], [0, 0, 1]]",30,270,1.53705e-07,2.04749e-10,False
mp-769971,BaGa4O7,ok,,rotated,True,"[[1, 1, 0], [-2, 2, 0], [0, 0, 3]]","[[1, 1, 0], [-2, 2, 0], [0, 0, 3]]",24,288,1.30623e-07,0.380925,False
mp-770408,Rb6Ti2O7,ok,,rotated,True,"[[3, 0, 0], [0, 2, 0], [0, 0, 2]]","[[3, 0, 0], [0, 2, 0], [0, 0, 2]]",30,360,1.95213e-07,0.401762,False
mp-770463,Cs3GaO3,ok,,rotated,True,"[[2, 0, 0], [0, 2, 0], [0, 0, 1]]","[[2, 0, 0], [0, 2, 0], [0, 0, 1]]",28,112,1.02014e-07,0.162716,False
mp-770771,SrSc2O4,ok,,aligned,True,"[[1, 0, 0], [0, 3, 0], [0, 0, 1]]","[[1, 0, 0], [0, 3, 0], [0, 0, 1]]",28,84,5.95041e-08,4.78487e-10,False
mp-770815,Cs3YO3,ok,,rotated,True,"[[2, 0, 0], [0, 2, 0], [0, 0, 1]]","[[2, 0, 0], [0, 2, 0], [0, 0, 1]]",28,112,8.88428e-08,0.127652,False
mp-770846,Ba3Sn2O7,ok,,rotated,True,"[[3, 3, 6], [3, -3, 0], [1, 1, 0]]","[[3, 3, 6], [3, -3, 0], [1, 1, 0]]",12,432,1.28776e-07,0.242641,False
mp-772185,Li6Hf2O7,ok,,rotated,True,"[[1, 1, 0], [-2, 2, 0], [0, 0, 1]]","[[1, 1, 0], [-2, 2, 0], [0, 0, 1]]",30,120,7.26816e-08,0.187364,False
mp-772261,LaAsO4,ok,,aligned,False,"[[0, 2, 2], [2, 0, 2], [2, 2, 0]]","[[2, 0, 2], [0, -2, -2], [2, 2, 0]]",12,192,5.62676e-08,3.6841e-10,False
mp-772290,LiAgO,ok,,aligned,False,"[[0, 2, 2], [2, 0, 2], [5, 5, 0]]","[[2, 0, 2], [0, -2, -2], [5, 5, 0]]",12,480,7.03776e-08,6.66356e-10,False
mp-774702,Li3BiO4,ok,,rotated,True,"[[2, 0, 0], [0, 2, 0], [0, 0, 2]]","[[2, 0, 0], [0, 2, 0], [0, 0, 2]]",16,128,6.44828e-08,0.366365,False
mp-778152,Sc2Pt2O7,ok,,aligned,True,"[[-1, 1, 1], [1, -1, 1], [1, 1, -1]]","[[-1, 1, 1], [1, -1, 1], [1, 1, -1]]",22,88,1.3289e-08,3.06814e-10,False
mp-779287,La2HgO4,ok,,rotated,True,"[[1, 1, 0], [-3, 3, 0], [0, 0, 1]]","[[1, 1, 0], [-3, 3, 0], [0, 0, 1]]",14,84,8.48864e-08,0.441957,False
mp-781505,Ca3WO6,ok,,aligned,True,"[[1, -1, 0], [0, 1, -1], [1, 1, 1]]","[[1, -1, 0], [0, 1, -1], [1, 1, 1]]",20,60,8.00554e-08,2.97192e-10,False
mp-782050,Ba4PdO6,ok,,aligned,True,"[[1, -1, 0], [0, 1, -1], [1, 1, 1]]","[[1, -1, 0], [0, 1, -1], [1, 1, 1]]",22,66,7.17976e-08,4.70304e-10,False
mp-7849,AlAsO4,ok,,aligned,True,"[[0, 3, 3], [3, 0, 3], [2, 2, 0]]","[[0, 3, 3], [3, 0, 3], [2, 2, 0]]",6,216,8.49239e-08,6.96053e-10,False
mp-7863,Rb2Sn2O3,ok,,aligned,True,"[[2, -2, 0], [0, 2, -2], [1, 1, 1]]","[[2, -2, 0], [0, 2, -2], [1, 1, 1]]",7,84,8.63302e-08,7.76436e-10,False
mp-7899,BaCdO2,ok,,aligned,True,"[[2, 0, 0], [0, 3, 0], [0, 0, 1]]","[[2, 0, 0], [0, 3, 0], [0, 0, 1]]",16,96,8.12566e-08,6.71698e-10,False
mp-7911,KCuO,ok,,aligned,False,"[[0, 2, 2], [2, 0, 2], [3, 3, 0]]","[[2, 0, 2], [0, -2, -2], [3, 3, 0]]",12,288,8.80689e-08,4.67411e-10,False
mp-7914,NaScO2,ok,,aligned,True,"[[5, -5, 0], [0, 5, -5], [1, 1, 1]]","[[5, -5, 0], [0, 5, -5], [1, 1, 1]]",4,300,1.15335e-07,3.01598e-10,False
mp-7958,KLaO2,ok,,aligned,True,"[[5, -5, 0], [0, 5, -5], [1, 1, 1]]","[[5, -5, 0], [0, 5, -5], [1, 1, 1]]",4,300,1.27216e-07,1.25363e-09,False
mp-7971,Ba4Li(SbO4)3,ok,,aligned,True,"[[0, 2, 2], [2, 0, 2], [2, 2, 0]]","[[0, 2, 2], [2, 0, 2], [2, 2, 0]]",20,320,3.88399e-08,4.78538e-10,False
mp-7972,RbLaO2,ok,,aligned,True,"[[5, -5, 0], [0, 5, -5], [1, 1, 1]]","[[5, -5, 0], [0, 5, -5], [1, 1, 1]]",4,300,1.41887e-07,9.94152e-10,False
mp-8000,SrSn(BO3)2,ok,,aligned,True,"[[3, -3, 0], [0, 3, -3], [1, 1, 1]]","[[3, -3, 0], [0, 3, -3], [1, 1, 1]]",10,270,1.30835e-07,1.42807e-10,False
mp-8042,ZrGeO4,ok,,aligned,False,"[[0, 2, 2], [2, 0, 2], [1, 1, 0]]","[[2, 0, 2], [0, -2, -2], [1, 1, 0]]",12,96,6.07825e-08,1.46152e-10,False
mp-8054,NaSc(GeO3)2,ok,,rotated,True,"[[1, 1, 0], [-1, 1, 0], [0, 0, 2]]","[[1, 1, 0], [-1, 1, 0], [0, 0, 2]]",20,80,6.88922e-08,0.406333,False
mp-8058,YAsO4,ok,,aligned,False,"[[0, 2, 2], [2, 0, 2], [2, 2, 0]]","[[2, 0, 2], [0, -2, -2], [2, 2, 0]]",12,192,7.21615e-08,5.90341e-10,False
mp-8070,Li2BeSiO4,ok,,rotated,True,"[[3, 0, 0], [0, 3, 0], [0, 0, 2]]","[[3, 0, 0], [0, 3, 0], [0, 0, 2]]",16,288,1.20911e-07,0.474428,False
mp-8075,NaBe4SbO7,ok,,aligned,True,"[[3, 0, 0], [0, 3, 0], [0, 0, 2]]","[[3, 0, 0], [0, 3, 0], [0, 0, 2]]",26,468,1.39503e-07,7.97672e-10,False
mp-8076,Na3SbO3,ok,,aligned,True,"[[0, 2, 2], [2, 0, 2], [2, 2, 0]]","[[0, 2, 2], [2, 0, 2], [2, 2, 0]]",28,448,1.02244e-07,1.5129e-11,False
mp-8184,Li2ZnGeO4,ok,,rotated,True,"[[3, 0, 0], [0, 3, 0], [0, 0, 2]]","[[3, 0, 0], [0, 3, 0], [0, 0, 2]]",16,288,1.66186e-07,0.474851,False
mp-8187,K2ZnO2,ok,,aligned,True,"[[0, 2, 2], [1, 0, 1], [2, 2, 0]]","[[0, 2, 2], [1, 0, 1], [2, 2, 0]]",10,80,4.763e-08,4.82238e-10,False
mp-8188,KScO2,ok,,aligned,True,"[[6, -6, 0], [0, 6, -6], [1, 1, 1]]","[[6, -6, 0], [0, 6, -6], [1, 1, 1]]",4,432,1.64447e-07,5.73222e-10,False
mp-8207,Zn(PtO2)3,ok,,aligned,True,"[[2, 2, 0], [-2, 2, 0], [0, 0, 5]]","[[2, 2, 0], [-2, 2, 0], [0, 0, 5]]",10,400,1.00945e-07,8.66526e-10,False
mp-8216,LaBO3,ok,,aligned,True,"[[3, 0, 0], [0, 3, 0], [0, 0, 2]]","[[3, 0, 0], [0, 3, 0], [0, 0, 2]]",20,360,1.1538e-07,5.95206e-10,False
mp-8271,Ba2Ca(BO2)6,ok,,aligned,True,"[[2, -2, 0], [0, 2, -2], [1, 1, 1]]","[[2, -2, 0], [0, 2, -2], [1, 1, 1]]",21,252,1.1242e-07,2.67459e-10,False
mp-8294,Cs2Li2TiO4,ok,,rotated,True,"[[3, 0, 0], [0, 3, 0], [0, 0, 2]]","[[3, 0, 0], [0, 3, 0], [0, 0, 2]]",18,324,1.41684e-07,0.455233,False
mp-8313,Cs2Li2GeO4,ok,,rotated,True,"[[3, 0, 0], [0, 3, 0], [0, 0, 2]]","[[3, 0, 0], [0, 3, 0], [0, 0, 2]]",18,324,1.38402e-07,0.455638,False
mp-8314,Cs2NaAsO4,ok,,rotated,True,"[[3, 0, 0], [0, 3, 0], [0, 0, 2]]","[[3, 0, 0], [0, 3, 0], [0, 0, 2]]",16,288,1.17936e-07,0.117185,False
mp-8335,Ba2ZrO4,ok,,aligned,True,"[[0, 3, 3], [3, 0, 3], [1, 1, 0]]","[[0, 3, 3], [3, 0, 3], [1, 1, 0]]",7,126,8.16303e-08,1.41055e-10,False
mp-8376,MgAlBO4,ok,,aligned,True,"[[1, 0, 0], [0, 2, 0], [0, 0, 3]]","[[1, 0, 0], [0, 2, 0], [0, 0, 3]]",28,168,6.64051e-08,1.09326e-09,False
mp-8409,KYO2,ok,,aligned,True,"[[5, -5, 0], [0, 5, -5], [1, 1, 1]]","[[5, -5, 0], [0, 5, -5], [1, 1, 1]]",4,300,1.17136e-07,1.21646e-09,False
mp-8449,Rb2Li2SiO4,ok,,rotated,True,"[[3, 0, 0], [0, 3, 0], [0, 0, 2]]","[[3, 0, 0], [0, 3, 0], [0, 0, 2]]",18,324,1.37478e-07,0.478257,False
mp-8450,Rb2Li2GeO4,ok,,rotated,True,"[[3, 0, 0], [0, 3, 0], [0, 0, 2]]","[[3, 0, 0], [0, 3, 0], [0, 0, 2]]",18,324,1.48233e-07,0.441187,False
mp-849527,Rb3InO3,ok,,rotated,True,"[[2, 0, 0], [0, 2, 0], [0, 0, 1]]","[[2, 0, 0], [0, 2, 0], [0, 0, 1]]",28,112,8.73053e-08,0.102455,False
mp-856,SnO2,ok,,aligned,False,"[[2, 0, 0], [0, 2, 0], [0, 0, 3]]","[[0, 2, 0], [-2, 0, 0], [0, 0, 3]]",6,72,4.5603e-08,9.64333e-10,False
mp-8603,RbAgO,ok,,aligned,False,"[[0, 2, 2], [2, 0, 2], [3, 3, 0]]","[[2, 0, 2], [0, -2, -2], [3, 3, 0]]",12,288,9.66442e-08,7.11081e-10,False
mp-8610,Li8PtO6,ok,,aligned,True,"[[3, -3, 0], [0, 3, -3], [1, 1, 1]]","[[3, -3, 0], [0, 3, -3], [1, 1, 1]]",15,405,1.42449e-07,5.9897e-10,False
mp-861868,KNaLaTaO5,ok,,rotated,True,"[[-2, 2, 0], [-2, -2, 0], [0, 0, 2]]","[[-2, 2, 0], [-2, -2, 0], [0, 0, 2]]",18,288,7.64692e-08,0.171573,False
mp-8624,K2Sn2O3,ok,,aligned,True,"[[0, 2, 2], [2, 0, 2], [2, 2, 0]]","[[0, 2, 2], [2, 0, 2], [2, 2, 0]]",14,224,1.40414e-07,4.94863e-10,False
mp-863678,KZn4(SbO4)3,ok,,aligned,True,"[[1, -1, 0], [0, 1, -1], [2, 2, 2]]","[[1, -1, 0], [0, 1, -1], [2, 2, 2]]",20,120,8.10667e-08,4.94018e-10,False
mp-8666,CsAgO,ok,,aligned,False,"[[0, 2, 2], [2, 0, 2], [3, 3, 0]]","[[2, 0, 2], [0, -2, -2], [3, 3, 0]]",12,288,1.24362e-07,4.51668e-10,False
mp-867300,Rb2Hf2O5,ok,,rotated,True,"[[3, 3, 0], [-3, 3, 0], [0, 0, 2]]","[[3, 3, 0], [-3, 3, 0], [0, 0, 2]]",9,324,1.11143e-07,0.242641,False
mp-867730,Cs2SnO3,ok,,aligned,True,"[[2, 2, 0], [-3, 3, 0], [0, 0, 3]]","[[2, 2, 0], [-3, 3, 0], [0, 0, 3]]",12,432,1.28929e-07,8.14947e-10,False
mp-8697,ScBO3,ok,,aligned,True,"[[3, -3, 0], [0, 3, -3], [1, 1, 1]]","[[3, -3, 0], [0, 3, -3], [1, 1, 1]]",10,270,1.23311e-07,8.96793e-10,False
mp-8710,Ca2Pt3O8,ok,,aligned,True,"[[3, -3, 0], [0, 3, -3], [1, 1, 1]]","[[3, -3, 0], [0, 3, -3], [1, 1, 1]]",13,351,1.63718e-07,3.89874e-10,False
mp-8727,Ba4PtO6,ok,,aligned,True,"[[1, -1, 0], [0, 1, -1], [1, 1, 1]]","[[1, -1, 0], [0, 1, -1], [1, 1, 1]]",22,66,8.4328e-08,1.89299e-10,False
mp-8759,Cs2ZrO3,ok,,aligned,True,"[[2, 2, 0], [-3, 3, 0], [0, 0, 3]]","[[2, 2, 0], [-3, 3, 0], [0, 0, 3]]",12,432,1.32855e-07,1.9435e-10,False
mp-8789,Ca4As2O,ok,,aligned,True,"[[0, 3, 3], [3, 0, 3], [1, 1, 0]]","[[0, 3, 3], [3, 0, 3], [1, 1, 0]]",7,126,8.40476e-08,3.60842e-10,False
mp-8809,BaLa2PtO5,ok,,rotated,True,"[[-2, 2, 0], [-2, -2, 0], [0, 0, 3]]","[[-2, 2, 0], [-2, -2, 0], [0, 0, 3]]",18,432,9.97968e-08,0.171573,False
mp-886,Ga2O3,ok,,rotated,True,"[[1, 1, 0], [-4, 4, 0], [0, 0, 2]]","[[1, 1, 0], [-4, 4, 0], [0, 0, 2]]",10,160,6.20636e-08,0.484412,False
mp-8871,CsNa2BO3,ok,,aligned,True,"[[2, 0, 0], [0, 2, 0], [0, 0, 2]]","[[2, 0, 0], [0, 2, 0], [0, 0, 2]]",14,112,5.4831e-08,6.69362e-10,False
mp-8872,RbNa2BO3,ok,,aligned,True,"[[2, 0, 0], [0, 2, 0], [0, 0, 2]]","[[2, 0, 0], [0, 2, 0], [0, 0, 2]]",14,112,4.62883e-08,6.87631e-10,False
mp-8873,LiGeBO4,ok,,aligned,True,"[[0, 3, 3], [3, 0, 3], [2, 2, 0]]","[[0, 3, 3], [3, 0, 3], [2, 2, 0]]",7,252,1.03335e-07,7.74517e-10,False
mp-8891,K2Zr(BO3)2,ok,,aligned,True,"[[3, -3, 0], [0, 3, -3], [1, 1, 1]]","[[3, -3, 0], [0, 3, -3], [1, 1, 1]]",11,297,1.45346e-07,2.81903e-10,False
mp-8922,Cd(SbO3)2,ok,,aligned,True,"[[2, 0, 0], [0, 2, 0], [0, 0, 2]]","[[2, 0, 0], [0, 2, 0], [0, 0, 2]]",9,72,6.09584e-08,6.1792e-10,False
mp-8957,Na5TaO5,ok,,rotated,True,"[[2, 2, 0], [-1, 1, 0], [0, 0, 1]]","[[2, 2, 0], [-1, 1, 0], [0, 0, 1]]",22,88,6.3702e-08,0.478065,False
mp-8979,TaInO4,ok,,rotated,True,"[[2, 0, 0], [0, 2, 0], [0, 0, 2]]","[[2, 0, 0], [0, 2, 0], [0, 0, 2]]",12,96,4.39376e-08,0.0529989,False
mp-9059,KLi6TaO6,ok,,aligned,True,"[[2, -2, 0], [0, 2, -2], [2, 2, 2]]","[[2, -2, 0], [0, 2, -2], [2, 2, 2]]",14,336,1.17375e-07,3.14506e-10,False
mp-9066,NaLi2AsO4,ok,,aligned,True,"[[2, 0, 0], [0, 3, 0], [0, 0, 3]]","[[2, 0, 0], [0, 3, 0], [0, 0, 3]]",16,288,1.12846e-07,5.92714e-10,False
mp-9113,CsBeAsO4,ok,,aligned,True,"[[2, 0, 0], [0, 2, 0], [0, 0, 4]]","[[2, 0, 0], [0, 2, 0], [0, 0, 4]]",28,448,1.37461e-07,3.94398e-10,False
mp-9125,Ca(SbO3)2,ok,,aligned,True,"[[3, 0, 0], [0, 3, 0], [0, 0, 3]]","[[3, 0, 0], [0, 3, 0], [0, 0, 3]]",9,243,1.31596e-07,6.48635e-10,False
mp-9126,Sr(SbO3)2,ok,,aligned,True,"[[2, 0, 0], [0, 2, 0], [0, 0, 2]]","[[2, 0, 0], [0, 2, 0], [0, 0, 2]]",9,72,6.12508e-08,2.68925e-10,False
mp-9127,Ba(SbO3)2,ok,,aligned,True,"[[3, 0, 0], [0, 3, 0], [0, 0, 3]]","[[3, 0, 0], [0, 3, 0], [0, 0, 3]]",9,243,1.3623e-07,8.55226e-10,False
mp-9157,K3AlO3,ok,,rotated,True,"[[2, 2, 0], [-1, 1, 0], [0, 0, 2]]","[[2, 2, 0], [-1, 1, 0], [0, 0, 2]]",14,112,6.82872e-08,0.488094,False
mp-9172,Li4TiO4,ok,,aligned,True,"[[2, 2, 0], [-2, 2, 0], [0, 0, 3]]","[[2, 2, 0], [-2, 2, 0], [0, 0, 3]]",18,432,4.92038e-05,5.8218e-10,False
mp-9197,Li3AsO4,ok,,aligned,True,"[[2, 0, 0], [0, 2, 0], [0, 0, 2]]","[[2, 0, 0], [0, 2, 0], [0, 0, 2]]",16,128,7.42098e-08,9.61302e-10,False
mp-9212,NaAlO2,ok,,aligned,True,"[[3, 0, 0], [0, 2, 0], [0, 0, 3]]","[[3, 0, 0], [0, 2, 0], [0, 0, 3]]",16,288,0.00039789,8.18205e-10,False
mp-9259,Ba2Mg(BO3)2,ok,,aligned,True,"[[3, -3, 0], [0, 3, -3], [1, 1, 1]]","[[3, -3, 0], [0, 3, -3], [1, 1, 1]]",11,297,1.56191e-07,3.48764e-10,False
mp-9297,Ba(AuO2)2,ok,,rotated,True,"[[2, -2, 0], [-2, -2, -4], [2, 2, 0]]","[[2, -2, 0], [-2, -2, -4], [2, 2, 0]]",14,448,4.95358e-08,0.171573,False
mp-9298,Sr(AuO2)2,ok,,rotated,True,"[[2, -2, 0], [-2, -2, -4], [2, 2, 0]]","[[2, -2, 0], [-2, -2, -4], [2, 2, 0]]",14,448,8.08786e-08,0.171573,False
mp-9309,CsTa(BO3)2,ok,,aligned,True,"[[2, 0, 0], [0, 4, 0], [0, 0, 2]]","[[2, 0, 0], [0, 4, 0], [0, 0, 2]]",20,320,1.04239e-07,1.04462e-09,False
mp-9338,Ba2MgSi2O7,failed,residual_above_tolerance,aligned,False,"[[2, 0, 0], [0, 2, 0], [0, 0, 3]]","[[0, 2, 0], [-2, 0, 0], [0, 0, 3]]",24,288,2.30543,2.49457e-10,True
mp-9595,NbInO4,ok,,rotated,True,"[[3, 0, 0], [0, 3, 0], [0, 0, 3]]","[[3, 0, 0], [0, 3, 0], [0, 0, 3]]",12,324,1.24695e-07,0.0533483,False
mp-9631,AlAgO2,ok,,aligned,True,"[[4, 0, 0], [0, 4, 0], [0, 0, 1]]","[[4, 0, 0], [0, 4, 0], [0, 0, 1]]",8,128,6.7147e-08,5.06112e-10,False
mp-9650,MgTa2O6,ok,,aligned,False,"[[2, 0, 0], [0, 2, 0], [0, 0, 1]]","[[0, 2, 0], [-2, 0, 0], [0, 0, 1]]",18,72,5.46867e-08,5.25314e-10,False
mp-9655,Na4SnO4,ok,,rotated,True,"[[3, 0, 0], [0, 3, 0], [0, 0, 2]]","[[3, 0, 0], [0, 3, 0], [0, 0, 2]]",18,324,1.3413e-07,0.487315,False
mp-9657,LiAsO3,ok,,aligned,True,"[[3, -3, 0], [0, 3, -3], [1, 1, 1]]","[[3, -3, 0], [0, 3, -3], [1, 1, 1]]",10,270,1.33877e-07,7.91087e-10,False
mp-971,K2O,ok,,aligned,True,"[[-2, 2, 2], [2, -2, 2], [2, 2, -2]]","[[-2, 2, 2], [2, -2, 2], [2, 2, -2]]",3,96,0,6.76592e-11,False
mp-972387,Sr2MgGe2O7,failed,no_bijection,aligned,False,"[[2, 0, 0], [0, 2, 0], [0, 0, 3]]","[[0, 2, 0], [-2, 0, 0], [0, 0, 3]]",24,288,,4.62999e-10,True
mp-974482,K4Hf5O12,ok,,aligned,True,"[[2, 0, 0], [0, 2, 0], [0, 0, 1]]","[[2, 0, 0], [0, 2, 0], [0, 0, 1]]",21,84,8.8067e-08,2.78591e-10,False
mp-9747,B4PbO7,ok,,aligned,True,"[[1, 0, 0], [0, 3, 0], [0, 0, 3]]","[[1, 0, 0], [0, 3, 0], [0, 0, 3]]",24,216,9.50356e-08,1.13484e-09,False
mp-9749,Sr(BO2)2,ok,,aligned,True,"[[1, 0, 0], [0, 3, 0], [0, 0, 2]]","[[1, 0, 0], [0, 3, 0], [0, 0, 2]]",28,168,9.047e-08,1.11415e-09,False
mp-9751,Al2Ge2O7,ok,,rotated,True,"[[2, 2, 0], [-2, 2, 0], [0, 0, 2]]","[[2, 2, 0], [-2, 2, 0], [0, 0, 2]]",22,352,9.17956e-08,0.451302,False
mp-9755,HfGeO4,ok,,aligned,False,"[[0, 2, 2], [2, 0, 2], [1, 1, 0]]","[[2, 0, 2], [0, -2, -2], [1, 1, 0]]",12,96,4.81978e-08,3.34544e-10,False
mp-978114,Sn5O6,ok,,rotated,True,"[[1, 0, 0], [0, 3, 0], [0, 0, 2]]","[[1, 0, 0], [0, 3, 0], [0, 0, 2]]",22,132,9.31138e-08,0.107856,False
mp-9783,Ba3(AsO4)2,ok,,aligned,True,"[[3, -3, 0], [0, 3, -3], [1, 1, 1]]","[[3, -3, 0], [0, 3, -3], [1, 1, 1]]",13,351,1.62232e-07,2.08368e-10,False
mp-9784,BaBAsO5,ok,,aligned,True,"[[2, 0, 0], [0, 2, 0], [0, 0, 2]]","[[2, 0, 0], [0, 2, 0], [0, 0, 2]]",24,192,1.15212e-07,5.95828e-10,False
mp-978857,SrHgO2,ok,,aligned,True,"[[5, -5, 0], [0, 5, -5], [1, 1, 1]]","[[5, -5, 0], [0, 5, -5], [1, 1, 1]]",4,300,1.30218e-07,7.7344e-10,False
mp-9793,Ba3BAsO3,ok,,aligned,True,"[[3, 0, 0], [0, 3, 0], [0, 0, 1]]","[[3, 0, 0], [0, 3, 0], [0, 0, 1]]",16,144,1.34765e-07,6.40984e-10,False
mp-981511,Y3SbO7,ok,,aligned,True,"[[2, 2, 0], [-1, 1, 0], [0, 0, 2]]","[[2, 2, 0], [-1, 1, 0], [0, 0, 2]]",22,176,7.63887e-08,4.78678e-10,False
mp-983061,Sr(AsO3)2,ok,,aligned,True,"[[2, 0, 0], [0, 2, 0], [0, 0, 1]]","[[2, 0, 0], [0, 2, 0], [0, 0, 1]]",18,72,5.65609e-08,8.88463e-10,False
mp-9870,K3Ta3(BO6)2,ok,,aligned,True,"[[2, 0, 0], [0, 2, 0], [0, 0, 5]]","[[2, 0, 0], [0, 2, 0], [0, 0, 5]]",20,400,1.01871e-07,1.39317e-10,False
mp-990440,Na2ZrO3,ok,,rotated,True,"[[2, 2, 0], [-1, 1, 0], [0, 0, 1]]","[[2, 2, 0], [-1, 1, 0], [0, 0, 1]]",24,96,4.8894e-08,0.347436,False
mp-996959,LiAuO2,ok,,rotated,True,"[[2, -2, 0], [-2, -2, -4], [1, 1, 0]]","[[2, -2, 0], [-2, -2, -4], [1, 1, 0]]",8,128,6.65256e-08,0.171573,False
mp-996962,LiAgO2,ok,,rotated,True,"[[3, 0, 0], [0, 4, 0], [0, 0, 3]]","[[3, 0, 0], [0, 4, 0], [0, 0, 3]]",8,288,9.58875e-08,0.47655,False
mp-996983,AgAuO2,ok,,rotated,True,"[[2, 0, 0], [0, 3, 0], [0, 0, 2]]","[[2, 0, 0], [0, 3, 0], [0, 0, 2]]",8,96,5.38562e-08,0.453265,False
mp-997002,KAuO2,ok,,aligned,True,"[[3, 3, 0], [-1, 1, 0], [0, 0, 2]]","[[3, 3, 0], [-1, 1, 0], [0, 0, 2]]",8,96,7.84057e-08,4.60771e-10,False
mp-997024,CsAuO2,ok,,aligned,True,"[[2, 2, 0], [-1, 1, 0], [0, 0, 2]]","[[2, 2, 0], [-1, 1, 0], [0, 0, 2]]",8,64,4.17952e-08,7.89062e-10,False
mp-997036,CdAuO2,ok,,rotated,True,"[[3, 0, 0], [0, 2, 0], [0, 0, 2]]","[[3, 0, 0], [0, 2, 0], [0, 0, 2]]",8,96,1.09315e-07,0.370947,False
mp-997041,NaCuO2,ok,,aligned,True,"[[3, 3, 0], [-1, 1, 0], [0, 0, 2]]","[[3, 3, 0], [-1, 1, 0], [0, 0, 2]]",8,96,6.47337e-08,1.02952e-09,False
mp-997052,RbAgO2,ok,,aligned,True,"[[3, 3, 0], [-1, 1, 0], [0, 0, 2]]","[[3, 3, 0], [-1, 1, 0], [0, 0, 2]]",8,96,7.46575e-08,8.35536e-10,False
mp-997086,SrAgO2,ok,,rotated,True,"[[3, 3, 0], [-2, 2, 0], [0, 0, 5]]","[[3, 3, 0], [-2, 2, 0], [0, 0, 5]]",8,480,1.02752e-07,0.0609467,False
mp-997088,KAgO2,ok,,aligned,True,"[[3, 3, 0], [-1, 1, 0], [0, 0, 2]]","[[3, 3, 0], [-1, 1, 0], [0, 0, 2]]",8,96,7.01455e-08,4.45148e-10,False
mp-997089,NaAuO2,ok,,rotated,True,"[[2, 2, 0], [-4, 4, 0], [0, 0, 2]]","[[2, 2, 0], [-4, 4, 0], [0, 0, 2]]",4,128,4.61891e-08,0.281771,False
mp-998552,BaHfO3,ok,,aligned,True,"[[3, 0, 0], [0, 3, 0], [0, 0, 3]]","[[3, 0, 0], [0, 3, 0], [0, 0, 3]]",5,135,7.20256e-08,5.09363e-10,False
mp-9986,CsAuO,ok,,aligned,False,"[[0, 2, 2], [2, 0, 2], [3, 3, 0]]","[[2, 0, 2], [0, -2, -2], [3, 3, 0]]",12,288,1.16978e-07,6.18252e-11,False
mvc-15350,Ca2Sn3O8,ok,,rotated,True,"[[1, 1, 0], [-2, 2, 0], [0, 0, 2]]","[[1, 1, 0], [-2, 2, 0], [0, 0, 2]]",13,104,5.55829e-08,0.352873,False
mvc-6622,Mg(CuO2)2,ok,,aligned,True,"[[3, 0, 0], [0, 1, 0], [0, 0, 1]]","[[3, 0, 0], [0, 1, 0], [0, 0, 1]]",28,84,6.69651e-08,1.33396e-09,False
