site_id,host_id,formula,site_label,vacancy_atom_index,row_sha256
Ag2BiO3_Va_O1_0,mp-23558,Ag2BiO3,O1,216,2d66e15edec99dfba02fe017b689efe2718d52ca82ed109bea792a5d6ba21c7c
Ag2BiO3_Va_O2_0,mp-23558,Ag2BiO3,O2,288,2f280a771a161334f450126293365749431cb5cb68c0d0c596b247ba3fe5322f
Ag2BiO3_Va_O3_0,mp-23558,Ag2BiO3,O3,360,21412807f7cad1194c3aff2abdaf67e80dda20c3ba8d49cfa230313ecc480db9
Ag2HgO2_Va_O1_0,mp-29816,Ag2HgO2,O1,192,32e38f38e5b0b38a2508f77fad7b682b0ec1ef7d36c987b7e80c449807fad68e
AgAuO2_Va_O1_0,mp-996983,AgAuO2,O1,48,67f3b8453a2f5a8394db0374283a5359ac63b9648726bc3c522715baf4ae7350
Al2Ge2O7_Va_O1_0,mp-9751,Al2Ge2O7,O1,128,ddcf92b7c34acda69d2ddb38a7f1da9ddfd3c7d0b7b1349519548b8dbe3b555a
Al2Ge2O7_Va_O2_0,mp-9751,Al2Ge2O7,O2,192,ecb666f296ca63497c1c55535da827392fec0eb2f4c249e49ced81def711e0bc
Al2Ge2O7_Va_O3_0,mp-9751,Al2Ge2O7,O3,256,39015270565b406438c8f3cbdcf8136ff1b06f545fa4fa0f37aafe297ab25554
Al2Ge2O7_Va_O4_0,mp-9751,Al2Ge2O7,O4,288,64b852568ca0c02e6e492ee21e8bee9106fc89ee20329d1d7c621026d24eda27
Al2O3_Va_O1_0,mp-1143,Al2O3,O1,108,adca273f8be9ea1b752ded86dbb9b8269ad897ea436100d96d034b09f4471454
Al2PbO4_Va_O1_0,mp-21892,Al2PbO4,O1,144,30ae239468021289984068847b3a5ed44a15cafe01afa0a4a8639d069899f618
Al2PbO4_Va_O2_0,mp-21892,Al2PbO4,O2,192,fa20fe5cd3ca156e26da134f9800d30f2527f7a2020c1de3ad7b7e37d14a1720
Al2PbO4_Va_O3_0,mp-21892,Al2PbO4,O3,240,c7f4501ffe03c9031f762af21514a529e07b4af8942f53b0c5d84a1d661bdaa3
Al2ZnO4_Va_O1_0,mp-2908,Al2ZnO4,O1,192,e3f8ebff3cda03f1b5e72da9675a219f048f1a3398f7280b6f12ded4c169caef
Al4Bi2O9_Va_O1_0,mp-23426,Al4Bi2O9,O1,144,4247ac92314373cc7b36809ad430f4001ffa170b76ddf3aa4304942a6dc43642
Al4Bi2O9_Va_O2_0,mp-23426,Al4Bi2O9,O2,192,49e0e747b37a5214abd4cae95a5ecc3f5b3957609e8eeb886df6b7cd101b9512
Al4Bi2O9_Va_O3_0,mp-23426,Al4Bi2O9,O3,240,d9521ca01d401e23e92b481b24818fb2f94f850ccf450801f3e723c6b581e7eb
Al4Bi2O9_Va_O4_0,mp-23426,Al4Bi2O9,O4,288,ad0a3fa8d359d7506a25b64a10933634d5e11a30d31abbe7f9a7be462ef8733f
AlAgO2_Va_O1_0,mp-9631,AlAgO2,O1,64,c4eb54378b4dc1623f51e337538dfff2de4b0ce5e180ca1a54a76f0a637421e6
AlAsO4_Va_O1_0,mp-7849,AlAsO4,O1,72,2f3c430b55fc1a5d21a00d4509f9c3827986fa863e6eb4062f6e7fa643bc98a1
AlCuO2_Va_O1_0,mp-3748,AlCuO2,O1,216,7741f895419152fac327143705d5d081b0a12389d186ee71eb3d57cb984e5515
AlSbO4_Va_O1_0,mp-676861,AlSbO4,O1,64,c0f8b2c74be141791569cdba8d37e156fe3e7186b4699e0b15182f75c323fd7e
AlSbO4_Va_O2_0,mp-676861,AlSbO4,O2,96,81bccd310622f1d984e63701e85b64fe80b780abd06f44ce6a601f1f40320c17
AlTl(MoO4)2_Va_O1_0,mp-18733,AlTl(MoO4)2,O1,72,dc68f675eafac4aede913145ce07f4a0adbc6faea90559f1756b742cbfb590ae
AlTl(MoO4)2_Va_O2_0,mp-18733,AlTl(MoO4)2,O2,144,9ba7ddc30928737ec6916508cbff5ab7ceba9644db0d7c7e0709f86fe189e60c
As2O3_Va_O1_0,mp-1581,As2O3,O1,192,09f316477e8ca409e7481d89d78b9fee2ef16b703e5c577f847b2c66883648d3
As2O3_Va_O2_0,mp-1581,As2O3,O2,288,55fecf4adc5a8f11355be7ef1f766642910f14f1812fba86344724f63f400faf
As2O3_Va_O3_0,mp-1581,As2O3,O3,384,28609d18a302c3a057748a2b92004056d790b55999d1dff92e4d0e9cf3677509
As2Pb3O8_Va_O1_0,mp-505368,As2Pb3O8,O1,180,3832605d2343d2edda01a27889203f974b981f7cf425221491f5f7131f6c49fd
As2Pb3O8_Va_O2_0,mp-505368,As2Pb3O8,O2,252,e1080b2e284621955e00dd8b9f4015ab1c24cb1eaee294463c242475ef449676
As2Pb3O8_Va_O3_0,mp-505368,As2Pb3O8,O3,324,4ff1e2a696cf663303fafb4015af5ce38a26df97c649b98ef9e178639ee98e95
As2Pb3O8_Va_O4_0,mp-505368,As2Pb3O8,O4,396,360a3a897bb44d7a7f634a1bd5e7e907447e67ab6bd23a4f542a635bbbdef9a1
As2PbO4_Va_O1_0,mp-28537,As2PbO4,O1,48,e1377b0da3de6c55bb87be95ff582deeb1e51f5888b57f5d98c590c6bf63e8a9
As2PbO4_Va_O2_0,mp-28537,As2PbO4,O2,64,152de1257145ef2a2f37673169e2269e15cb4c4b1d6cef0b303c1371c314c19a
As2PbO4_Va_O3_0,mp-28537,As2PbO4,O3,80,f66dde258a3a9ac863496eb211f91796e7aaea905dd65dc290134fed5be3efe5
As2PbO4_Va_O4_0,mp-28537,As2PbO4,O4,96,be7541a6618c443556f58d075415d47bdfbc4292ff19bba6da0397951a04278f
As2PbO6_Va_O1_0,mp-20015,As2PbO6,O1,81,24e31fc576ad06e90abca66add28e4924f3637c2c7be76ce14a43998c2faa453
AsAuO4_Va_O1_0,mp-1095378,AsAuO4,O1,96,e5ddb7d425378375ec261b1650ca0b63a9d13b713588d64b12de122eb28126f3
AsAuO4_Va_O2_0,mp-1095378,AsAuO4,O2,192,61766b71b417ec184129342a6b3f38d0cc39c077dfedd95792d5bc56a0cae91d
Au2O3_Va_O1_0,mp-27253,Au2O3,O1,48,260aecb2b4679de59337d878f9875418be907d37f9835210a0c4129dd812b463
Au2O3_Va_O2_0,mp-27253,Au2O3,O2,72,d571bdbce6d70505e2f3e7d6ec76ebf08cf8d7e914ae74182f19c0118db26f66
B2O3_Va_O1_0,mp-306,B2O3,O1,24,5c3f83d5fb4ea47a860cf2db5aa80394af6cb79fa539a93a50687cd62d4c2dab
B2O3_Va_O2_0,mp-306,B2O3,O2,36,a330dda98ea06393c3776876b8c24836f3155220a199fb824dfdc226caa3ece5
B4PbO7_Va_O1_0,mp-9747,B4PbO7,O1,90,312dc300d0d276e78f3efaa28c61bcaea53b067767c9a7a89d349dc62f36c4a0
B4PbO7_Va_O2_0,mp-9747,B4PbO7,O2,99,4adbb5de35ad4c5a5b8e521dcd51ca4058260251ba525faf6cfd984688cad755
B4PbO7_Va_O3_0,mp-9747,B4PbO7,O3,126,98f8f21d1f81c2130bd79dd6504b2d0187162548957b172ea5eec325a0158a9f
B4PbO7_Va_O4_0,mp-9747,B4PbO7,O4,180,bb9011494c3b933e7898176945e3721fcc0d42e6915bca815996158f896bd1da
B6O_Va_O1_0,mp-1346,B6O,O1,144,7987f4f520932e1717f6a0323907ec6681e996e92d418fb43d48f9a01250faf6
BAsO4_Va_O1_0,mp-3277,BAsO4,O1,72,0b22261dba821ccb657d2e77541ad66747ad8fef9949709384e1f5d454e9c10e
Ba(AgO)2_Va_O1_0,mp-1096838,Ba(AgO)2,O1,48,46b06664729b747e7c605c3adbe6f1887c7ce47d34fbbafad59ee44ece347573
Ba(AsO3)2_Va_O1_0,mp-1105233,Ba(AsO3)2,O1,144,7adfa9bf457e3c9570d21e72ea62e1fe06f0d6339dba13a7176c7bd958cafc9e
Ba(AsO3)2_Va_O2_0,mp-1105233,Ba(AsO3)2,O2,240,dc58d96806120cd6111f45a0637018b00f590b3053a602d49743f032fd69c0de
Ba(AsO3)2_Va_O3_0,mp-1105233,Ba(AsO3)2,O3,336,a7fd3e5232e7e2ea23d3485fc46cd458bdd5e738c3be3755ccfd2411cd48bc42
Ba(AuO2)2_Va_O1_0,mp-9297,Ba(AuO2)2,O1,192,19a5235216a04119552d92fb22c725bf563fbde3b030cf63ecaca45a574f65c5
Ba(CuO)2_Va_O1_0,mp-7374,Ba(CuO)2,O1,48,a41aad7f31b9df38d7329cf342999878e3e8c0be3e5070542914dff24057f4b0
Ba(SbO3)2_Va_O1_0,mp-9127,Ba(SbO3)2,O1,81,79c1c238a78f96a48a8e43dc786d41c76c00e16ebe94169726aec9bac44ff70b
Ba2Bi2O5_Va_O1_0,mp-28670,Ba2Bi2O5,O1,64,5c7059ffd723d6459f9de46672695a217205e15c6440fe30e58f9604be83997c
Ba2Bi2O5_Va_O2_0,mp-28670,Ba2Bi2O5,O2,96,a379587ec34964eb903816688a7b3c0151681e50d9002d40b1a2c424b3a6dde4
Ba2Bi2O5_Va_O3_0,mp-28670,Ba2Bi2O5,O3,128,110a17f56310e560cacab863454eecfcd2e735e8ea47bb0ec7168be50026861c
Ba2BiSbO6_Va_O1_0,mp-23127,Ba2BiSbO6,O1,144,ba3b45591c82205a6b335e66e1175bd2aa358ef513fabf3a5a98b371b5358164
Ba2BiSbO6_Va_O2_0,mp-23127,Ba2BiSbO6,O2,288,d8163a935de4fbad341d7ce64a6762423b0d88a6ac335362a9d82bc6242bd6b7
Ba2Ca(BO2)6_Va_O1_0,mp-8271,Ba2Ca(BO2)6,O1,108,52578879fb681e783baaa9ab9f62be4dcc73660e5953471de7fb5a806528ccc4
Ba2Ca(BO2)6_Va_O2_0,mp-8271,Ba2Ca(BO2)6,O2,156,4052aec97e2c68119d9f1f90a751d9bdf4929351c89a7194c2484f8bc236df64
Ba2Ca(BO3)2_Va_O1_0,mp-549737,Ba2Ca(BO3)2,O1,180,8eb5d40586780f70dcfac770301cd2c7598e1a7046f159f25844b17d07acc3b9
Ba2Ca(BO3)2_Va_O2_0,mp-549737,Ba2Ca(BO3)2,O2,216,2e853e75e77e68df4c4bf5faaca1a649fa7dd90eadc2640d366067e9904d2431
Ba2Ca(PdO2)3_Va_O1_0,mp-17380,Ba2Ca(PdO2)3,O1,96,5d086b4d9d4e927f4c04a6a0ab6aeda7c49cefba9cfab48c91ffb9abdd213185
Ba2Ca(PdO2)3_Va_O2_0,mp-17380,Ba2Ca(PdO2)3,O2,144,72665e1542b1a828d910fabbdff161d81fb1a0a40c0bd8d06db0d35716ec0ea6
Ba2Cd(BO2)6_Va_O1_0,mp-1190588,Ba2Cd(BO2)6,O1,108,1053b375724f9990092cae465822d7bbbfb885a7d0a16daa816a91044606df93
Ba2Cd(BO2)6_Va_O2_0,mp-1190588,Ba2Cd(BO2)6,O2,180,7f7ee2b580c730ccfcec7a47ec5f0846b5c70e2df43aaf3bc15e8bd393c2e269
Ba2Cd(BO3)2_Va_O1_0,mp-1102943,Ba2Cd(BO3)2,O1,180,859768b68fbdcdb229b7c5f5fb7be2d7eb464963a43400e7ec46cb3e1122f9e7
Ba2Cd(BO3)2_Va_O2_0,mp-1102943,Ba2Cd(BO3)2,O2,324,84e5435fa63b53bb4b4eb39f23ea2d1b8038c4a91dec3dde67576677d9032d7c
Ba2CdGe2O7_Va_O1_0,mp-1214739,Ba2CdGe2O7,O1,120,990fbfc90d225fce1ad498062de1b922f70f276a9b223b0f6aed71b536b2e49b
Ba2CdGe2O7_Va_O2_0,mp-1214739,Ba2CdGe2O7,O2,144,ffc16e70deb8bb099254ca944d6c7a6a0e85a6024a51335a120b74afc0797f4c
Ba2CdGe2O7_Va_O3_0,mp-1214739,Ba2CdGe2O7,O3,192,89e0b9a35d3ea209db54353bfb7e7f99e47c61191bb43de48b501790fb7a86ab
Ba2CePtO6_Va_O1_0,mp-21879,Ba2CePtO6,O1,128,41687c5f895fa9e6df7770e21f110d94d6aff70fcf8c925591e0b8384bcb6f75
Ba2HfO4_Va_O1_0,mp-754363,Ba2HfO4,O1,54,fbdc2e55341ba50091ba3f1f82f0ab5fc72e0f6f8e5a70c5d44d30a875801d66
Ba2HfO4_Va_O2_0,mp-754363,Ba2HfO4,O2,90,dc829fbaad583c8aa64238d3afcde5493e706d385a0c8506bb4ceefcfa746c2e
Ba2In2O5_Va_O1_0,mp-20546,Ba2In2O5,O1,144,30789a9fd0b683556aff91425d8f509bf7faa3e532c26f5e398e098e8a87e311
Ba2In2O5_Va_O2_0,mp-20546,Ba2In2O5,O2,180,347e99185b662a04d077317d5fe2f3cbe2a3d913649973357d43b2f13ff16a02
Ba2InCuO4_Va_O1_0,mp-1228360,Ba2InCuO4,O1,128,a53c5189a3f5371c76c5a0eb34219adced9da760db99103f9fecbff78302e276
Ba2InCuO4_Va_O2_0,mp-1228360,Ba2InCuO4,O2,192,6600a843de6e5e225d2726093c5b2d630ad6e22df0857e80b553a8dfb99ee84b
Ba2InGaO5_Va_O2_0,mp-1106089,Ba2InGaO5,O2,216,9a9d1abb4739fd61c47f78e0da455883562795abe04a273dce0e36f2ffec2ea5
Ba2InGaO5_Va_O3_0,mp-1106089,Ba2InGaO5,O3,288,24e9065173745ef4f7ac4f794727bdf271d1b37ba6bd27600aaccfa6a305842c
Ba2LaBiO6_Va_O1_0,mp-1078409,Ba2LaBiO6,O1,144,7c9d25cce35e6ba996489d2c197f81b58a70774b5c051fa59e3d63d7ba1d5cbd
Ba2LaBiO6_Va_O2_0,mp-1078409,Ba2LaBiO6,O2,288,209bd4a74e55d37f88a5f3e2c595799840b13a342ab7b6540c4ad9b738274fa7
Ba2LaSbO6_Va_O1_0,mp-551269,Ba2LaSbO6,O1,48,7afd178d908ecfe39a4a3d2b0948586a9a81fd1ba77f9ef804eb091d12063adc
Ba2LaTaO6_Va_O1_0,mp-13055,Ba2LaTaO6,O1,144,171a0a15f29d0fe09401407d70119358689e446d29d6cc6a2503f4a96467f5b2
Ba2LaTaO6_Va_O2_0,mp-13055,Ba2LaTaO6,O2,288,cb3456d2259982c1b1cde879384b76051b8d6b3044c46533ba587863f7fde4ac
Ba2Mg(BO3)2_Va_O1_0,mp-9259,Ba2Mg(BO3)2,O1,135,e85af3eba03a640c5c3fbc0bf03515c1a606b80f25ae215a8317b7aeeb0dfc01
Ba2MgGe2O7_Va_O1_0,mp-1190545,Ba2MgGe2O7,O1,120,61737c34419d59c68a6fdca7ebf381bd5ec45f071d99574a5d20dc13c56b1b85
Ba2MgGe2O7_Va_O2_0,mp-1190545,Ba2MgGe2O7,O2,144,daf8cd8062fdf0ee310289b287d89b2873fddf74fcaef989fd613b78b862e080
Ba2MgGe2O7_Va_O3_0,mp-1190545,Ba2MgGe2O7,O3,192,cf3ee13bac441bc12bac856242c1ad6bc7d7f5fd4078928a43e3ffebfdc9e758
Ba2MgSi2O7_Va_O1_0,mp-9338,Ba2MgSi2O7,O1,120,fffaaa3c6e5ff682726bed79779fede04f92b6afd79cc0f5e051729caa021a66
Ba2MgSi2O7_Va_O2_0,mp-9338,Ba2MgSi2O7,O2,216,0d4aa882f10d885f3ad8ff592c73d588aa83b949258de482b0c7f6b8307e08fc
Ba2MgSi2O7_Va_O3_0,mp-9338,Ba2MgSi2O7,O3,240,a47eef4ce735bf64884603aea625ef6640713579ae077b80392da8c156615b10
Ba2Sc2O5_Va_O1_0,mp-755950,Ba2Sc2O5,O1,48,c41a93dba408f330d392f6c0f21a19e26ea128cba060a4359902c367f3bb5dd3
Ba2Sc2O5_Va_O2_0,mp-755950,Ba2Sc2O5,O2,54,5456e1f05694435d7a2ab28bcf1b8465e7b05a958a4da37b194cb428c2389b10
Ba2Sc2O5_Va_O3_0,mp-755950,Ba2Sc2O5,O3,60,835992d8192c9cd871b5a9177c9b31582a903dbb1c84033280df7ac4b57d3616
Ba2ScCuO4_Va_O2_0,mp-1228350,Ba2ScCuO4,O2,192,3b44421b51f95552fe5d93423c5ef2cda9199c1792b587115284c42fa77f080b
Ba2SiO4_Va_O1_0,mp-17612,Ba2SiO4,O1,144,6eeaffd6ae70f63316bfb1d9b166849de633cb86a95cd7989a66b96964747471
Ba2SiO4_Va_O2_0,mp-17612,Ba2SiO4,O2,240,35657b3ca559e29bedfa85494d8e4a3d3fe84fc273d3dc7396639fd2795570e4
Ba2SiO4_Va_O3_0,mp-17612,Ba2SiO4,O3,288,2e4f9a5a836ee9a16a3bdc0fe97068ac7ff11ef6a8ecd878eab4d36112dec67e
Ba2SnO4_Va_O1_0,mp-3359,Ba2SnO4,O1,54,15add867e2ee9b6ae3388ec3f87b6dce645d99412c2d25fb6336cd180f28452b
Ba2SnO4_Va_O2_0,mp-3359,Ba2SnO4,O2,90,831cb6dcc52c5ac335dd13ffaf283f609fb75acfa625dca149c1383d3591fe91
Ba2TaBiO6_Va_O1_0,mp-545544,Ba2TaBiO6,O1,144,9c79eda9da5f57643707bdd31de70d4b133590f3e537cf1ff06d50cc75699b2f
Ba2TaBiO6_Va_O2_0,mp-545544,Ba2TaBiO6,O2,252,0b2ef9e5aca3a67fcd3859de5f80602d66ff6ce631bf095b9ad36993ed956e07
Ba2Ti(SiO4)2_Va_O2_0,mp-6081,Ba2Ti(SiO4)2,O2,144,e3096a0d9b0f6b723a381f439e7b9de45a2427ffa565e8b103b476bbe5764b30
Ba2Ti(SiO4)2_Va_O3_0,mp-6081,Ba2Ti(SiO4)2,O3,240,3d0ccccb01025d88e5d774750729dcf62d2da7aa5823d2cb70db6a32307fc19e
Ba2Ti(SiO4)2_Va_O4_0,mp-6081,Ba2Ti(SiO4)2,O4,264,6af6458713a6e1fd0b133e289944387cf11b144b61eb86100f8edef815f8c890
Ba2TiO4_Va_O1_0,mp-3397,Ba2TiO4,O1,48,0353d0cfd08d4b64c3909ae931a796f0017f4c6edd62fee1ce33173a9695c169
Ba2TiO4_Va_O2_0,mp-3397,Ba2TiO4,O2,64,f3f8107344e9c90e6f13b696d00abc91995846f0d49a124dd75866d31e1dbb26
Ba2TiO4_Va_O3_0,mp-3397,Ba2TiO4,O3,80,0ba7eece7be956c42f2f4a29595566d840bc9d7d8fb007f0764b2eaf9ef75fbc
Ba2TiO4_Va_O4_0,mp-3397,Ba2TiO4,O4,96,8a82c4f6386b77abae7192811bafa67f402c35a492077d09699e901a7acf0d8a
Ba2YTaO6_Va_O1_0,mp-12385,Ba2YTaO6,O1,128,ab2583e5f84440626f67b4b925b0c549b97cee61890276fe7d7dc2bbcb238a13
Ba2YTaO6_Va_O2_0,mp-12385,Ba2YTaO6,O2,256,7293519607cde0097142d3191152f682d34eaeb4bffe8d5a8f8888a4ecc55be3
Ba2ZnGe2O7_Va_O1_0,mp-1190949,Ba2ZnGe2O7,O1,120,ebcbe8e8f5df8166434bd27470f7e57202141574834bf0bbc099eeb66ebb8257
Ba2ZnGe2O7_Va_O2_0,mp-1190949,Ba2ZnGe2O7,O2,144,0ceddad49322f45869b8e89b8ad37d13253c44c71d3e4d2c7a084cd551781d94
Ba2ZnGe2O7_Va_O3_0,mp-1190949,Ba2ZnGe2O7,O3,192,42a0aae427b6e52c11f0fca66e26add97bc12c5febadc5828cf5103472691cd0
Ba2ZnO3_Va_O1_0,mp-17911,Ba2ZnO3,O1,48,658e4929f1bed9da17e23e1d67aaf18c49daf9738861b8511a23c82015c7b097
Ba2ZnO3_Va_O2_0,mp-17911,Ba2ZnO3,O2,64,af6fda6fab3d04366ac2c8819a60b1421edb0f652aa85f51790af55a1adc54e3
Ba2ZnO3_Va_O3_0,mp-17911,Ba2ZnO3,O3,72,c02858e2a32f078335b00d6d91fed1b8f0bd92c3d3f052536d046acb7eae9755
Ba2ZnO3_Va_O4_0,mp-17911,Ba2ZnO3,O4,76,8ed3104b541b0ede23e6d5210dd9c1d79dcc917441a301d92cc74eaec97df30c
Ba2ZnSi2O7_Va_O1_0,mp-558629,Ba2ZnSi2O7,O1,160,e383a77dc8830385b86304a6278bc1baec16a7f3a9d77f74cb7935a0f3ff082a
Ba2ZnSi2O7_Va_O2_0,mp-558629,Ba2ZnSi2O7,O2,176,e0a6b5fffadea1e80773c1e85728a4215b1d9d5fb04c50016550963472a6186e
Ba2ZnSi2O7_Va_O3_0,mp-558629,Ba2ZnSi2O7,O3,192,1c08906ab703cb569b06660bdc33f7abe87a371a63d7c4d1ef12a33d0dbab29f
Ba2ZnSi2O7_Va_O4_0,mp-558629,Ba2ZnSi2O7,O4,224,949e6a1283c4c4a3139b020cb00c0d72407b650e2fb68e237f6689c0f6f1d16f
Ba2ZrO4_Va_O2_0,mp-8335,Ba2ZrO4,O2,90,4d2bcff8d2f3ca21f30329b12e02238c3b5aaf549083b0705bf90b13d79ff572
Ba2ZrSnO6_Va_O1_0,mp-1228067,Ba2ZrSnO6,O1,128,fec9106c6b88ceff6dc19210e664b5eacbad229b165ece6b64a9244a582fcd4f
Ba3(AsO4)2_Va_O1_0,mp-9783,Ba3(AsO4)2,O1,135,5b7c5b6dcdb0fb5626a728bc99dda21c9dc43df521d8ec0fd70a53d13372c88e
Ba3(AsO4)2_Va_O2_0,mp-9783,Ba3(AsO4)2,O2,189,2a69c65fb6d0f9859f6b75c43193875154f9baa1458b8a6a4592fc37704d7b9c
Ba3BAsO3_Va_O1_0,mp-9793,Ba3BAsO3,O1,90,cd86a94c5d260b9a9a6ff4c5349839c440dd0621658e8aaa3ef0db32bbcfe299
Ba3CaTa2O9_Va_O1_0,mp-1228141,Ba3CaTa2O9,O1,108,1f0f0fad3a1da35cf435d06d1fa1e63e962d86c1544c8deb00050b6b7e42af57
Ba3CaTa2O9_Va_O2_0,mp-1228141,Ba3CaTa2O9,O2,144,aee8ec21861ffee24b16af8eb02ed98c188dcc6b0cfd6ba3e36bd43695688eb4
Ba3Hf2O7_Va_O1_0,mp-754128,Ba3Hf2O7,O1,180,caccf7b625a47860aff368a14873557118b9a97c43b479be088a285fc9e0abb8
Ba3Hf2O7_Va_O2_0,mp-754128,Ba3Hf2O7,O2,216,c8a17f4a5a6ad673fc0feaee5c921060d939cecedb59bb7b6688f835dc2d8d30
Ba3Hf2O7_Va_O3_0,mp-754128,Ba3Hf2O7,O3,288,4f55f5a44af41202f18b22d4bff7dd3e1a05218ccace39d88bfd97caca991f20
Ba3MgSb2O9_Va_O1_0,mp-16978,Ba3MgSb2O9,O1,108,1ac5d18ffa36b0c735118d3f99f1a9ad0406074afba834794a494ab1334b9080
Ba3MgSb2O9_Va_O2_0,mp-16978,Ba3MgSb2O9,O2,216,10a9574306654f2536c3acc7615783d3cf3559077b327a77b0bc2b2f0e8b0b29
Ba3MgTa2O9_Va_O1_0,mp-6325,Ba3MgTa2O9,O1,108,732fcac610f42f31e50e9c7972fd7cb2c47dc3312a98dbdb4530caadf866dd48
Ba3MgTa2O9_Va_O2_0,mp-6325,Ba3MgTa2O9,O2,216,0f9792988d10b5f919c0617b281ad9cf92242517242f0cc5c8227fec837133cf
Ba3MgTaNbO9_Va_O3_0,mp-1228058,Ba3MgTaNbO9,O3,216,9ce7ad0dcbe1fed4dffc4b3c693fbcde7818df8c8765f3d56d96b9638033f944
Ba3NaBiO6_Va_O1_0,mp-556316,Ba3NaBiO6,O1,30,2acc4c62bd1b9b0e81ca599dea6605849e28586fdd2675f827905bab4632f74a
Ba3NaSbO6_Va_O1_0,mp-1190024,Ba3NaSbO6,O1,30,58ee8ea0d07b950c0c3e61d01fecfe4d337576c99943e050da5687e88946f3d6
Ba3Nb2CdO9_Va_O1_0,mp-1214502,Ba3Nb2CdO9,O1,108,6cd992b511e6de971ea5798571cc0a1481d4cf56a46902fb1fc05ca681162e19
Ba3Nb2CdO9_Va_O2_0,mp-1214502,Ba3Nb2CdO9,O2,216,2cbc71ded3762802efd8f8b99dac941487882997f5b67a33314d185bfd7e551e
Ba3NbGa3(SiO7)2_Va_O1_0,mp-12881,Ba3NbGa3(SiO7)2,O1,108,2c6fcf5d2e19b9b1392f6673719e8d03e26fe7677bcad863f6f5b043050ab3e8
Ba3NbGa3(SiO7)2_Va_O2_0,mp-12881,Ba3NbGa3(SiO7)2,O2,180,322e9a60617f914f3d3e88c0b86b2e40cfa19152afbd903b7fc287cd138b2ecc
Ba3NbGa3(SiO7)2_Va_O3_0,mp-12881,Ba3NbGa3(SiO7)2,O3,216,d7fff9eade4325d2aa30a05e9a1540d4c205401fbc6c0ecdb58644c68a1b7485
Ba3Sn2O7_Va_O1_0,mp-770846,Ba3Sn2O7,O1,180,d198e9146056ed62056519af9457d35ad15a591c47580c95e5b22e6a74b628b5
Ba3Sn2O7_Va_O2_0,mp-770846,Ba3Sn2O7,O2,252,9122956de19d12691c3800100bcea364650aa542a91c161d4b723460a773aba3
Ba3Sn2O7_Va_O3_0,mp-770846,Ba3Sn2O7,O3,396,3d64bb48f72475b25d5ccf18ab08fa7e358fb200ba973b5a00be8515badbe4eb
Ba3SrNb2O9_Va_O1_0,mp-540949,Ba3SrNb2O9,O1,108,f73da29d705fe4f1385b556f00702beb1b43c0d8d59a5c31460de0d483d1e86a
Ba3SrTa2O9_Va_O1_0,mp-540950,Ba3SrTa2O9,O1,108,72b4850bc3c73c6ea404b05edad4bda0a14cb5874fc88ea61d4c3b338f91b5e0
Ba3SrTa2O9_Va_O2_0,mp-540950,Ba3SrTa2O9,O2,162,9949ec2104f1dda2aa2b55d237a3871f9e72801995b5387e156479be828262b6
Ba3Ta2ZnO9_Va_O1_0,mp-1214475,Ba3Ta2ZnO9,O1,108,ac5da2db2d553c977d0226aba093900180175cd397e55cfb47dad33417d9d2b6
Ba3Ta2ZnO9_Va_O2_0,mp-1214475,Ba3Ta2ZnO9,O2,216,aeb041125cdba1a5b65f2682fef76f440ff0398d54ef7b6b6c83bed98ad5c3dd
Ba3V2O8_Va_O1_0,mp-19365,Ba3V2O8,O1,135,a78482fbc35a305c296c0f9b97a879b1723898b1fb17642b63ccbc184676f94f
Ba3V2O8_Va_O2_0,mp-19365,Ba3V2O8,O2,189,f85de9b4e0a0d006d38822c237d2a9abdc71952b06a6e0984ca8e935f4365639
Ba3ZnSb2O9_Va_O1_0,mp-1214487,Ba3ZnSb2O9,O1,108,8dda926bc65f5748f903295e438927384c470f9d84350904761a0b7a19bc22c5
Ba3ZnSb2O9_Va_O2_0,mp-1214487,Ba3ZnSb2O9,O2,162,f3e7abc293dbd7ffee3ad8f9e7c421777ca601c821a3c56617e8a0746bbc36be
Ba3Zr2O7_Va_O1_0,mp-755895,Ba3Zr2O7,O1,180,db8facb8a8fe7fb910bc8f6cdd36c53341520358d2e4aad36e683125559ea14b
Ba3Zr2O7_Va_O3_0,mp-755895,Ba3Zr2O7,O3,252,fda814cbb578e73e648f6ed7ee2269f472d144000ac02b4634d7e12a0a955039
Ba4AgAuO6_Va_O1_0,mp-556896,Ba4AgAuO6,O1,48,79a18941a3df436e10b1a6066cbd948f05364d2a4bcf4fac14d9981cba2d7a8e
Ba4AgAuO6_Va_O2_0,mp-556896,Ba4AgAuO6,O2,52,44f465dcb0c48dbf60aff186196e0651ba31e3f3caf9ea54278b884022111892
Ba4AgAuO6_Va_O3_0,mp-556896,Ba4AgAuO6,O3,60,e1b23180ae4cdd302210e662d8532f6ea2fd1dd55cf6c8f7f7af765ab7239901
Ba4InSbO8_Va_O1_0,mp-1228129,Ba4InSbO8,O1,48,5bd7237e26f77bee34201cf2d13a4ce516975b82616d3063cf903efb84457baa
Ba4InSbO8_Va_O2_0,mp-1228129,Ba4InSbO8,O2,80,35bfffb8ca9d13850e88a25c98a2ba3d2ed74671a8e6d720518c9ebf1920005d
Ba4InSbO8_Va_O3_0,mp-1228129,Ba4InSbO8,O3,88,30b785af596a049b824ff56088d4e7497375d8866f99dc11ac4eab8bca7d314a
Ba4Li(SbO4)3_Va_O1_0,mp-7971,Ba4Li(SbO4)3,O1,128,d36eca8482404173c5bcd0b489e9f41ddf05c08a6eedb25d411b3a0230ddaa83
Ba4Li(SbO4)3_Va_O2_0,mp-7971,Ba4Li(SbO4)3,O2,144,2f85740df50a78bd1f451a83ec93d7d31f9177be8a79b8028ba84bd43424aced
Ba4Na(SbO4)3_Va_O1_0,mp-6273,Ba4Na(SbO4)3,O1,128,85a4306d0480b5357a8d0feaf72332ad3fb278cef792ee10d5724f3a0d68eee5
Ba4Na(SbO4)3_Va_O2_0,mp-6273,Ba4Na(SbO4)3,O2,224,c7a30cc51ca6881aafd3b23476a5c7f553b543d728a506c3465d2318017f40e8
Ba4Nb2O9_Va_O1_0,mp-1193166,Ba4Nb2O9,O1,108,8b54c38247b69ecad95e56d35e00bc95465106a72db8db57440398d9cb6e8e53
Ba4PdO6_Va_O1_0,mp-782050,Ba4PdO6,O1,30,db01eb4a194493ac98b072911b92a967671d83e6df14d48ec90dd456f38f100b
Ba4PtO6_Va_O1_0,mp-8727,Ba4PtO6,O1,30,ace5015697a94ec2dae368de30cd0a3e81cc1537deffe2caebbffa6850fae0e6
Ba5Ta4O15_Va_O2_0,mp-504554,Ba5Ta4O15,O2,40,05fab8bf154c98a4b349110a27d49ca6c0fc44577d4a790401a44b5ee99429a2
Ba5Ta4O15_Va_O3_0,mp-504554,Ba5Ta4O15,O3,56,a9140b0c9760d8936b6781c81aa867c5b03b2636d2ed8df8c774882e93bd78cc
BaAl2Sb2O7_Va_O1_0,mp-12885,BaAl2Sb2O7,O1,135,a63b73020b15c40dd8b9580483b058253f777f4ecb4389e4861265ea930384a1
BaAl2Sb2O7_Va_O2_0,mp-12885,BaAl2Sb2O7,O2,270,3139e5d555cc0f2d669fbb620c84298ee85944363ead6caeaabe341e4459074c
BaBAsO5_Va_O1_0,mp-9784,BaBAsO5,O1,72,cede7c6f48477c0d48f0711596f7484b7185b330501f513896c05668afdb1f4e
BaBAsO5_Va_O2_0,mp-9784,BaBAsO5,O2,96,00e60d249112ee188ef3b302b88610a60cbe844d2d43c23e2394e76ff83e69c9
BaBAsO5_Va_O3_0,mp-9784,BaBAsO5,O3,120,7bb7e04b134581b80525bc59c88d411ce68d5764781f4f501b41b58145d37321
BaBe2(BO3)2_Va_O1_0,mp-555070,BaBe2(BO3)2,O1,80,5bf8d5ee287050c23e40d30d1c3b66c6ad4069b29d266c91b1aa72727b1468b7
BaBe2(BO3)2_Va_O2_0,mp-555070,BaBe2(BO3)2,O2,88,e13ca5f487ef7f492d406b709b5074bef54f28e2b6900a28b7b1beb5588ddfbe
BaBe2Si2O7_Va_O1_0,mp-12797,BaBe2Si2O7,O1,40,b03e513eef4b29dda166994d5fc9b32472446e98fdaafdf5082526c1db0af3c3
BaBe2Si2O7_Va_O2_0,mp-12797,BaBe2Si2O7,O2,48,dcf5751f186fd0846d5eebbd8ea0613b3b805a9c601abdc4ec66c3cef8cf25cc
BaBe2Si2O7_Va_O3_0,mp-12797,BaBe2Si2O7,O3,64,ac7b4736d67023a3caafecfbb64add9f85a7a1ba7b2131b833c760da2868b223
BaBe2Si2O7_Va_O4_0,mp-12797,BaBe2Si2O7,O4,80,2511b7c71dfa53086f4ef86965e43a0b513ffc45f0cdbfceefed8c542596ade8
BaBeSiO4_Va_O1_0,mp-550751,BaBeSiO4,O1,108,146819f0307157eb558988043050446674ae9d25407cea8c15a9f576baa90757
BaBeSiO4_Va_O2_0,mp-550751,BaBeSiO4,O2,144,dfa681907a5d1b7554531f7f580ecd23f38a4b06284cb3fa7034f05f1e857090
BaBeSiO4_Va_O3_0,mp-550751,BaBeSiO4,O3,216,2105c18146571a95f87e7d784caa27d1fc6f83110ff5db959e7cff1bf69aa40d
BaBiBO4_Va_O1_0,mp-559186,BaBiBO4,O1,192,a268a4902907a8d5cf86e4ad2df5f031a4d39896ea580a85e278557dacc9e221
BaBiBO4_Va_O2_0,mp-559186,BaBiBO4,O2,208,117ed283c13a621199320e4ad04447bc78655345f1a31ab1ff1e4f2dddd61612
BaBiBO4_Va_O3_0,mp-559186,BaBiBO4,O3,272,f197bab32950a752136b220b6a723d741520a01c10c7e4d4a636d74cd552cf2b
BaCa(GaO2)4_Va_O1_0,mp-561446,BaCa(GaO2)4,O1,144,bf4dcf5a3a5d3a542068eead894e25d29bdf7f1d46dcedc802470bdcc022fdef
BaCa(GaO2)4_Va_O2_0,mp-561446,BaCa(GaO2)4,O2,192,651ff0cec4ae787751527db3d20b291fafff9ad0b21368c44b5c94378979f2e6
BaCa(GaO2)4_Va_O3_0,mp-561446,BaCa(GaO2)4,O3,288,4446b080ade9eccbfd8ec639511edf4bfb1ab3cbb2d97a7a046e8a6eba15b90f
BaCdO2_Va_O1_0,mp-7899,BaCdO2,O1,48,61fb90ae761c8569700902a74575c2867ef5b3d3f08f7df2e3b2114fb0f49824
BaCeO3_Va_O1_0,mp-3187,BaCeO3,O1,144,c2286ead06fdea5f5de6b8b58d2044dc905feef935e5124a1e3a881ea226983a
BaCeO3_Va_O2_0,mp-3187,BaCeO3,O2,216,2d1704202b0d5941d1876fa46126e374e89472671b33e050cd47d1ea4d149d8a
BaGa2B2O7_Va_O1_0,mp-560870,BaGa2B2O7,O1,40,c88f2a3d875c2bf665f588b147f4f2091046b8e9acf4e84ceb25258ca55868c3
BaGa2B2O7_Va_O2_0,mp-560870,BaGa2B2O7,O2,44,3c4e3263197bc2c34ae8a98913b1a08284202e2d35f6dd9dfa81a0ad789e02db
BaGa2B2O7_Va_O3_0,mp-560870,BaGa2B2O7,O3,52,0d78dceb4f6f2c9ae974bdd3b4ae4e88741f69904235cf3c717348a09644b026
BaGa2B2O7_Va_O4_0,mp-560870,BaGa2B2O7,O4,68,3dba3f207e5c4ba63911e5b25d85e2e84a287c3df0fb08a480cab15e4973e9cd
BaGa4O7_Va_O1_0,mp-769971,BaGa4O7,O1,120,724b4d8d7b0dc68bffd74870b34dc54362840190e4905d7cc38213a29e2101c9
BaGa4O7_Va_O2_0,mp-769971,BaGa4O7,O2,144,b5795fc5ddf56e394f03fdc70c671ba857a2d4ebebfda0c716d03ddbd2772d81
BaGa4O7_Va_O3_0,mp-769971,BaGa4O7,O3,156,d2e0dc9d1d405ea99ff2f95c97ff2c17b7efb32f000cf7d5be660cf61270eae1
BaGa4O7_Va_O4_0,mp-769971,BaGa4O7,O4,192,596acb03c0601586680b8e29476279f66c21d3a0ae03ce30910c8bb8581b5c12
BaGeO3_Va_O1_0,mp-13863,BaGeO3,O1,48,b7846ed719801ee5e866c3a533e01334231d23db0f68067763dc8fad0ef4a791
BaGeO3_Va_O2_0,mp-13863,BaGeO3,O2,72,4f2948cf7c44f653ee32ee8a10ffdc67644a9b11bf0ec95753accbe8e18008aa
BaGeO3_Va_O3_0,mp-13863,BaGeO3,O3,96,5932e76843445f827ea8e44ae0d5913703458c8db7b9c51088ee1ca7dc7b3631
BaGePbO4_Va_O1_0,mp-1192417,BaGePbO4,O1,144,c6aa240de98b324971f2e9cf07f53a84cf45c4f29ac31db5c1590c10fce912b6
BaGePbO4_Va_O2_0,mp-1192417,BaGePbO4,O2,192,0abe0944fb6ee7c794d1957492d70a32a7b63ac005676afcec4c5413f96d9ae0
BaGePbO4_Va_O3_0,mp-1192417,BaGePbO4,O3,240,0c9dea2eb29b3cd692b52f13010137261d21a2ed33e10d2d1e57ded2add64f75
BaGePbO4_Va_O4_0,mp-1192417,BaGePbO4,O4,288,7cd6717daca5ccb3fc7117c8a1f17fe8807d8534a0c1a145975beb3076b407f4
BaHf(BO3)2_Va_O1_0,mp-1105495,BaHf(BO3)2,O1,96,3409f2c9f1fe4c95676d0e0467c42d4f74faa58053d48a1c812fb7aab38b4934
BaHf(SiO3)3_Va_O1_0,mp-1194160,BaHf(SiO3)3,O1,40,0955e6d0121f1bb1cb8a3a49eedb46f55d2bf39bbaaaa96c6e1a862bf272bbbd
BaHf(SiO3)3_Va_O2_0,mp-1194160,BaHf(SiO3)3,O2,64,ab0063c8846b7d9e5fcbce383b16643f521cd2b92e572c257ee4e4b430d27458
BaHfO3_Va_O1_0,mp-998552,BaHfO3,O1,54,ab5122aeff02d4a69f9d6e8bd3c169722955a4b4c9c88f589579588ab574f5a9
BaHgO2_Va_O1_0,mp-3915,BaHgO2,O1,150,4d187ed543edd887a040e03cacbd387b64baf9de274bdcda66a2e6f7586381b7
BaLa2O4_Va_O1_0,mp-755558,BaLa2O4,O1,192,7f20d2f9598f8e89d1069625fb2371984e8a42a0bb954a37a04d19027e7dc351
BaLa2PdO5_Va_O1_0,mp-1105217,BaLa2PdO5,O1,192,5b5eecf2a77a5255b81c0cac75ac82b9feb27e9bc8a54fe2f154e0072244dcc6
BaLa2PtO5_Va_O2_0,mp-8809,BaLa2PtO5,O2,240,154c280564fff5316e4239ae362c75d1ba196983fb86ac648519e7e44f6a2296
BaLiBO3_Va_O1_0,mp-6499,BaLiBO3,O1,96,8b40e09f315e0aa72ef547e9c86a7e2815b7cbeb55150454c89f81f2a5e8f4b3
BaLiBO3_Va_O2_0,mp-6499,BaLiBO3,O2,104,262fca4d61f3ba64ac20a2c6d26c4e553c14fab804a2cf3ae5077d2c3e344e5d
BaLiBO3_Va_O3_0,mp-6499,BaLiBO3,O3,128,fe9abbe2bbddd49840d9359853081e266970dca489c49f20b3645b6dd9c17891
BaMoO4_Va_O1_0,mp-19276,BaMoO4,O1,32,435d3d5527d32176f4c2abf2052096b8fb138ec18e73284a93867ce021fb7b54
BaNaBO3_Va_O1_0,mp-6660,BaNaBO3,O1,216,83feacc8f0dd2e5cc03a0d6afb119221b123d231cfa9efef52133f858f28b55b
BaNaBO3_Va_O2_0,mp-6660,BaNaBO3,O2,360,61a9236c669155c329d3a33bb96e9c20401ab4527ef090bec2a1e4699d9d1b61
BaNaSc(BO3)2_Va_O1_0,mp-1182298,BaNaSc(BO3)2,O1,120,800c4f30ff66e048aef74cf9aa8d17bab9987f2fa9cbc0ae76520113ee271f56
BaNaSc(BO3)2_Va_O2_0,mp-1182298,BaNaSc(BO3)2,O2,192,a877a7ad9f302624ed844f1d5e97ef7713a1fe1dacf19d97eeef634af78368e6
BaNb2O6_Va_O3_0,mp-28150,BaNb2O6,O3,72,a964916931e2ce4067da60a67d922ef4f4e032909b69f597cafe6b462478ba6c
BaSi3SnO9_Va_O1_0,mp-18502,BaSi3SnO9,O1,40,0c01173a070178f6b91cfa45433a77e9fafca8f1aff6c5e20331d30e530641cb
BaSi3SnO9_Va_O2_0,mp-18502,BaSi3SnO9,O2,80,fdfe3727b1f9f11a72c080110c6615e0ef485589b77db161680ce684e67e5503
BaSn(GeO3)3_Va_O1_0,mp-540635,BaSn(GeO3)3,O1,40,7fd8a5c89a653bbb83348df5701fbd0cf8c6f5f121659bf5d522220e9bb220a1
BaSn(GeO3)3_Va_O2_0,mp-540635,BaSn(GeO3)3,O2,64,3f4240dbc69db5599d7d292f556d2879ae3a4ccffb241f57d6fb80a8ae78040b
BaSr2Mg(SiO4)2_Va_O1_0,mp-1019558,BaSr2Mg(SiO4)2,O1,108,c0f8b99d3a39bd703b53053a6cd0a9bd9a232ce80b59cceb4d7ded60f922da87
BaSr2Mg(SiO4)2_Va_O2_0,mp-1019558,BaSr2Mg(SiO4)2,O2,144,577661fe102c2bc2a2893583707c0e11ba567bb4072617d63568800fdbf8979e
BaTi(AsO4)2_Va_O1_0,mp-1214314,BaTi(AsO4)2,O1,96,e56efbd550bb61505c0c876c0e4711e88b24011d8c6a7cdcbc7536f365cf464c
BaTi(AsO4)2_Va_O2_0,mp-1214314,BaTi(AsO4)2,O2,144,0ccdc3fe00ad50632048baaa62975bd7bae9f1b77d4ae3defbb00780646ef6a8
BaTi(AsO4)2_Va_O3_0,mp-1214314,BaTi(AsO4)2,O3,240,3cd117cf282fad00bd7d514175fb95bb09ad0a5d2119e71a70112f21a8bd00af
BaTi(SiO3)3_Va_O1_0,mp-6661,BaTi(SiO3)3,O1,40,3770a95ac4069a59eaa1787ae0137c668675cda1f2e40d79420ea845683ef874
BaTi(SiO3)3_Va_O2_0,mp-6661,BaTi(SiO3)3,O2,72,b013a5fc2b51500a434e90f1d5a515db72828bc1378422809bf4db232fb4bc91
BaWO4_Va_O1_0,mp-19048,BaWO4,O1,32,5576526425a52cc050508ec7e0b8fc49a5bb1ddcf1acf976933febb0b97b0c30
BaY2O4_Va_O1_0,mp-3952,BaY2O4,O1,36,7a6b5488b05683e95350b8716fd05ace7f4922d0a11a304946b20505f820e845
BaY2O4_Va_O2_0,mp-3952,BaY2O4,O2,48,ca11aae72672b2e173fa5a1d245211744cb78bb56f8ed68169256505508429d7
BaY2O4_Va_O3_0,mp-3952,BaY2O4,O3,60,c2aee40e01a87a97cfaab4362720944d564f2e3f3b60163b467615c1e7ca7a0b
BaY2O4_Va_O4_0,mp-3952,BaY2O4,O4,72,3528624460f0cfcaa0af397c03a3e0559456ef602495da413610bac27df54ea6
BaZn2Si2O7_Va_O1_0,mp-560441,BaZn2Si2O7,O1,80,db95a6c749667863f8f813a3d7dbdc10e98a27f3568f2ae3a5ce9496fe7c12fd
BaZn2Si2O7_Va_O2_0,mp-560441,BaZn2Si2O7,O2,88,e107dfc61347ba7cf48fd85b5b84ddc944d9faa0438a0a2b4889747fab895dd9
BaZn2Si2O7_Va_O3_0,mp-560441,BaZn2Si2O7,O3,120,dd63c4813452706af2b72dab63eccb3df69877a548ecc7795fd1f983751d6bde
BaZnO2_Va_O1_0,mp-4236,BaZnO2,O1,162,88a6e12ac3b105e051ebe840656fca2aa22a4d0e3bda6493958ca4186313e655
BaZr(BO3)2_Va_O1_0,mp-559348,BaZr(BO3)2,O1,96,bfb66f0bd11aa41cc2e6740a4b08e36c3a2296df2e17da56d7622e2ccfe65c05
BaZr(SiO3)3_Va_O1_0,mp-1214228,BaZr(SiO3)3,O1,40,a6e642c139e4c95b22bd5f92fa3f2105c2dc893988d2db07d03f07841614f5b3
BaZr(SiO3)3_Va_O2_0,mp-1214228,BaZr(SiO3)3,O2,88,0c6d17030dfb00be57a1f660a3d287b79738ad85713657a6dfa2809e0bfb37f7
BeAl2O4_Va_O1_0,mp-3081,BeAl2O4,O1,48,dbadfe429cad4e5af02c117c65e90db6cceeec3b021c34e0e6cf6d231e7724e7
BeAl2O4_Va_O2_0,mp-3081,BeAl2O4,O2,80,19b0a07d92ddf7bb4beef943b625f5f547e6cda58ac9fadf0251a03a6e9d126c
BeAl2O4_Va_O3_0,mp-3081,BeAl2O4,O3,96,1a3cbcb150c4b6bd2e9d4a0f6a3cd6debe733ba1c7d915e5d7e681858f073b6d
BeO_Va_O1_0,mp-2542,BeO,O1,150,4635defeaa864e0657a9814188a060b4a32d31a4aad7d5106d67f504c3682275
BeTlAsO4_Va_O1_0,mp-1227475,BeTlAsO4,O1,192,438bbf1c6b7a1a05d288195114a55f36c6d5eceec65615674ed8de82b5905aa7
BeTlAsO4_Va_O2_0,mp-1227475,BeTlAsO4,O2,256,6f2ae9803f4387b3b483eb7c732908f83316f26eda8b601317b4fdca77f51542
BeTlAsO4_Va_O3_0,mp-1227475,BeTlAsO4,O3,320,e14d6308ae946129093d48cb0f5058c7814fc8894c59ba207907737fdb628507
BeTlAsO4_Va_O4_0,mp-1227475,BeTlAsO4,O4,384,91755c66a312ef5fe379b8c6b2e787a5c6ebdca295b59ae42079c2ec72128bec
Bi2O3_Va_O1_0,mp-23262,Bi2O3,O1,96,1b0d6ce177c009ed56538064a820fe25c79b05186e758ad8fbe0db6bbeb1d766
Bi2O3_Va_O2_0,mp-23262,Bi2O3,O2,144,5f298bac717d2482aaf57a2d91fe5545310f286fa10af1b3ba3ce1bda046a07e
Bi2O3_Va_O3_0,mp-23262,Bi2O3,O3,192,eab5a301b55b27ad21b4e811ad8f01232a51c60b2c9800ad618272ec8278d852
BiAsO4_Va_O1_0,mp-27911,BiAsO4,O1,64,494f0d18bbd0c8871ac88dff6bab35b23b486ce01b789cc89c2917065edeadc3
BiAsO4_Va_O2_0,mp-27911,BiAsO4,O2,96,c8fa3b198a37357aaa57fa12d22caeb8f813a7e4920946503f7201df7def67ba
BiAsO4_Va_O3_0,mp-27911,BiAsO4,O3,128,623bfc6c8745628c28a6b74a8976eadee4dc8e60abf20dad7d9ec2ed005b4707
BiAsO4_Va_O4_0,mp-27911,BiAsO4,O4,160,f84b2e780310bd0662dc6b9c2c75c1d5e813be92cc0c4840f90a9c6cdc6659fc
BiBO3_Va_O1_0,mp-31250,BiBO3,O1,192,e730eeddd482c6783d185b7bc53d0310be75cbfa819e9de2262c1abd9207d1b9
BiBO3_Va_O2_0,mp-31250,BiBO3,O2,288,90adae657e3be108388e1a5b2ce43a5908cbe265913b3f0152d5c07130a6566e
BiBO3_Va_O3_0,mp-31250,BiBO3,O3,384,daeb52f73dc01d0d63c80c458904b4982f5a67700664545d7f2694c06c8957ab
BiO2_Va_O1_0,mp-557993,BiO2,O1,32,d5be029154ad224b8143a3def72e373ea310499cffbc71f4c61e06795f88690b
BiO2_Va_O2_0,mp-557993,BiO2,O2,40,03e2df21486067240eae0c9df9f03a341f34cfadda6461b9f72f05a22c1708a7
BiSbO4_Va_O1_0,mp-23018,BiSbO4,O1,32,4409616711383800620b3505660f1b4770245efe0280e7bc87f24cdd2841fac9
BiSbO4_Va_O2_0,mp-23018,BiSbO4,O2,64,f1558d9d44a9856be865b1c24bedc3926c280065225bcc075f5d8fffd25b9be8
Ca(AgO2)2_Va_O1_0,mp-1540016,Ca(AgO2)2,O1,48,8860b89046cd504311158521c4f32e6d22a0956476289dec3ea40f1bbae97db6
Ca(AsO3)2_Va_O1_0,mp-4555,Ca(AsO3)2,O1,81,0a1b80e85344a46128e9981f3da7a5099ece14ad2beaf709c526b4f8c209b86b
Ca(AuO2)2_Va_O1_0,mp-2898,Ca(AuO2)2,O1,48,76928dbace905cbfe2a5e49fb5054724cfd2f3ea23c73bb21906b1b066683f28
Ca(SbO3)2_Va_O1_0,mp-9125,Ca(SbO3)2,O1,81,230b1683c4f2d0ed8f5ddd4978056d93d6b386c0780964a83aca514ebd31e0ac
Ca2BiAsO6_Va_O1_0,mp-557070,Ca2BiAsO6,O1,32,fc506c8c38b7042ec67b5078b6219a07ab6282bdb750fa821c9a077cb4a3e85e
Ca2BiAsO6_Va_O2_0,mp-557070,Ca2BiAsO6,O2,36,14bf0ad802832c7e087e8ce76fdb0d41f43176e0ade271cd5a9e56a8bc0dda65
Ca2BiAsO6_Va_O3_0,mp-557070,Ca2BiAsO6,O3,48,08dec07d1d28e5f0a3a025eeee40d6cf00cb24d4a55b421aa6aa9b2535f77166
Ca2BiAsO6_Va_O4_0,mp-557070,Ca2BiAsO6,O4,64,80cf15f306c80549228ea1a85c0bf4f3f0ba792090e3bd326fbc28abba3aa66b
Ca2GeO4_Va_O1_0,mp-560647,Ca2GeO4,O1,48,1083fbb82f31b4bc11d47ab4fb224ab42fdabe001367b0d922a234713d7f3155
Ca2GeO4_Va_O2_0,mp-560647,Ca2GeO4,O2,52,33c66c551a4ea9a90c4d0fcd4c2e859d8485f5d3d11f2c0f568d32b68eff4564
Ca2GeO4_Va_O3_0,mp-560647,Ca2GeO4,O3,60,c45b6c10e2656d2f022a2bf5870ac70c7484e33da034866b9f32a2bd5f056a9c
Ca2MgWO6_Va_O1_0,mp-19324,Ca2MgWO6,O1,144,7e0a3c6f1bf938d3cee972d1e7f451a482dd20c21c44cb137dca3eb2bdcb8815
Ca2MgWO6_Va_O2_0,mp-19324,Ca2MgWO6,O2,216,c713fcf1b636d861dfd24322771bcf3059bfdc7594d45f247d14feecc278faee
Ca2MgWO6_Va_O3_0,mp-19324,Ca2MgWO6,O3,288,d5e47ae55d67ff3b41b6eaa4eced14167ce3c93d74cbf4069c22710916679334
Ca2PbO4_Va_O1_0,mp-21137,Ca2PbO4,O1,180,2945c66c44ddf88a4e4fefbddb4d0d893b37c4b065aa38dc9230321b436d2b8a
Ca2Pt3O8_Va_O2_0,mp-8710,Ca2Pt3O8,O2,189,a890ac90486ba5e48afb7bd0258391a1c7252092222d74ae8c286fbd6ec451d6
Ca2Sb2O7_Va_O1_0,mp-16280,Ca2Sb2O7,O1,128,064fefb070549415ac43b9016356c3722258841fdded45d90039c505fb2163be
Ca2Sb2O7_Va_O2_0,mp-16280,Ca2Sb2O7,O2,256,29e8e95d4b5fb8165d3213e064ba8ebab9cd656683a587682b12da38b54256c2
Ca2Sb2O7_Va_O3_0,mp-16280,Ca2Sb2O7,O3,288,2723658fdbd9356c431811048f30013a04709ccc17ca364b80c7718bb2061e9e
Ca2ScSbO6_Va_O1_0,mp-1189528,Ca2ScSbO6,O1,144,bff1f3d5223e78ec6acd6f0d9b3eebbb08be180964efca25f368f3202a414a9a
Ca2ScSbO6_Va_O2_0,mp-1189528,Ca2ScSbO6,O2,216,fd9b9949101cfd0269aeecf6421808b330ea1dff04b75cb7db48e689aca92f0f
Ca2ScSbO6_Va_O3_0,mp-1189528,Ca2ScSbO6,O3,288,0ab53954beb669a97f30436cee606e9639ccb5014a93051027f5360e2c1c9ba3
Ca2ScTaO6_Va_O1_0,mp-1214081,Ca2ScTaO6,O1,144,98ba6fa4635fd2c8cb001c58b3807fa95c6fcec543bab91da9926833a1e125a0
Ca2ScTaO6_Va_O2_0,mp-1214081,Ca2ScTaO6,O2,216,9e34924205bd77daa65be651db130723965733bdab89a922d8e06754a928ae26
Ca2ScTaO6_Va_O3_0,mp-1214081,Ca2ScTaO6,O3,288,af6e36e2fc3339ea2907abe9443909edcd013b158f6d75e2c573b0e63ebf192f
Ca2SiO4_Va_O1_0,mp-4481,Ca2SiO4,O1,72,f3b47687cffd91177ff05de330bbd2f701ffcb406f597f059adbc8bab6b89b11
Ca2SiO4_Va_O2_0,mp-4481,Ca2SiO4,O2,120,d30cccbdd9dd81009d520aee4d942caa7c3127d6359b528d56e1dd3774f6527f
Ca2SiO4_Va_O3_0,mp-4481,Ca2SiO4,O3,144,19ee2d5a3d47bd715e72d87a0fcbc045dc35ad2a757183aa89682182876173bb
Ca2Sn3O8_Va_O1_0,mvc-15350,Ca2Sn3O8,O1,40,f7409f8ba75dc6b36baa02de701d5b46ca20b7cb663faf7153c0bb7bc918f1b3
Ca2Sn3O8_Va_O2_0,mvc-15350,Ca2Sn3O8,O2,56,22688488e907114c9a76d29fa9f8d42b903a25ebe0230ef9daa353e9a511a23f
Ca2Sn3O8_Va_O3_0,mvc-15350,Ca2Sn3O8,O3,72,efc22ac08429ba914ae3b1482105af4b288b503401069968a58aa270f5695505
Ca2SnO4_Va_O1_0,mp-4747,Ca2SnO4,O1,180,04693f25f8002ed08365cd9ee10398cb7ef11db6798f8a2096ac21cf841166b2
Ca2SnO4_Va_O2_0,mp-4747,Ca2SnO4,O2,300,e56aa59b62879a28a241abeef0e2aade328b9078b3d9276708e20b28d26bce5a
Ca2VBiO6_Va_O1_0,mp-554381,Ca2VBiO6,O1,32,53093a8b33fcfa99557fa44ac5e62dfb731b25f3dd46f4219aad9502a75ff985
Ca2VBiO6_Va_O2_0,mp-554381,Ca2VBiO6,O2,36,df012a8d7b8de8a60af81d367fe046437c8dbcb86f84979be659dbadaeebe1aa
Ca2VBiO6_Va_O3_0,mp-554381,Ca2VBiO6,O3,40,ae7fefe379dfdeb2ec70a6004bea3cf7ef6a30d273cf4afcf347ac6587170b28
Ca2VBiO6_Va_O4_0,mp-554381,Ca2VBiO6,O4,52,447876794d653fb94937ff59dc75071c963e70e7a8ac62c73ec188009a6423ca
Ca3(BO3)2_Va_O1_0,mp-3575,Ca3(BO3)2,O1,30,a634f522db6e44c303c0a6daca3ae5da981ddb6dcdc6b9dd1c579796afb76444
Ca3CdO4_Va_O1_0,mp-755287,Ca3CdO4,O1,240,352d10883f5ffd3270bd5c0dabf65b453530e6b7ca3f727a3b13463c436679fc
Ca3CdO4_Va_O2_0,mp-755287,Ca3CdO4,O2,300,9866548c6f57c7a8513ad52651cdd2492c95307aec15b388abad18a02d178e0b
Ca3TaGa3(SiO7)2_Va_O1_0,mp-6853,Ca3TaGa3(SiO7)2,O1,108,5c50ce6e1451a2da66e60a48e540147a947b2213f333af754dbd3b6c6c8d3c40
Ca3TaGa3(SiO7)2_Va_O2_0,mp-6853,Ca3TaGa3(SiO7)2,O2,180,b890f4d824aac44b57ee39f0831b11928cd1afa9e68b3cd71828cca0ebe71ae0
Ca3TaGa3(SiO7)2_Va_O3_0,mp-6853,Ca3TaGa3(SiO7)2,O3,216,2d00b01988d060a8dded46effde390644a48f6b4b60722c2efc310d2451c5a34
Ca3WO6_Va_O1_0,mp-781505,Ca3WO6,O1,24,d6c637be2493abaa0e8703328235d20401489600ed8e06f6782dfde67d4818f2
Ca3WO6_Va_O2_0,mp-781505,Ca3WO6,O2,30,0e34e338ebb99236835b0d884b531328f489f36a0e02208a97e235488cb25651
Ca4As2O_Va_O1_0,mp-8789,Ca4As2O,O1,108,dd77879845b76a46045751184218836865284bdea065f3c1ea65f6428f05f497
Ca4Bi2O_Va_O1_0,mp-551873,Ca4Bi2O,O1,192,1df3542c5765fb941359b11410c7bf21c54bbaa2a2346530800945c22c3a611c
Ca4PdO6_Va_O1_0,mp-10299,Ca4PdO6,O1,30,140a64a09c08179b659b22d0978585da0c961b4f8deb5171bc84f9b4f27f277e
CaAgAsO4_Va_O1_0,mp-1213950,CaAgAsO4,O1,144,2d5e39fee7a34b4efa20032a37ce71ec34939100bb169ccf502854ea0fc3669f
CaAgAsO4_Va_O2_0,mp-1213950,CaAgAsO4,O2,240,e49becd62bdc059ac2efacf207e9e58e8e9de20d8a834266e63146fa74cad461
CaAl2(SiO4)2_Va_O1_0,mp-1227323,CaAl2(SiO4)2,O1,90,8b6ceb1bf139d8aba8ad63ced87a3d86e515dec428ed6eafe819f8c609f0a6f3
CaAl2(SiO4)2_Va_O2_0,mp-1227323,CaAl2(SiO4)2,O2,198,ab268938b700570419a502acb361c4307e2309186568c338cfd53e8c294c48c1
CaAl4O7_Va_O1_0,mp-4867,CaAl4O7,O1,120,30b1ff54a3135ca1c6b0c5a6a9e0768baad66b0f203b5f1c41b9c15ecdb5571b
CaAl4O7_Va_O2_0,mp-4867,CaAl4O7,O2,168,f36d6ae3335b1d82d6479cc004aa8c1276f94cdfd23498b4eab0faad67821849
CaAl4O7_Va_O3_0,mp-4867,CaAl4O7,O3,216,8143a07f6e25d38ed9205a7b8334fb80d6852f15cb06479cdf8a8650530ed18c
CaAl4O7_Va_O4_0,mp-4867,CaAl4O7,O4,240,ece601a4230a580bec6311b4b89c7b152131f9b2b9958f4df1b340b7089a5ed1
CaAlBO4_Va_O1_0,mp-559759,CaAlBO4,O1,144,6432eb08f7b530270a47f734bf5024cb9f1c7327d51306181c6a77a26afe63c0
CaAlBO4_Va_O2_0,mp-559759,CaAlBO4,O2,156,229837af8c26b8d6082d132a0cad68d64047a1328f44d1164ada1d2ad1b9aa34
CaAlBO4_Va_O3_0,mp-559759,CaAlBO4,O3,168,140402bf29f4ae3aeacf306aab743d83ba7542400ec339152faa76fb18dfbb02
CaAlBO4_Va_O4_0,mp-559759,CaAlBO4,O4,228,a696b5645fbef4180c40ac3b2b3617ae65e9824e7558d3267014134c1e2cfe9f
CaGa4O7_Va_O1_0,mp-17914,CaGa4O7,O1,40,3446e2a2f9b463db9cc8eecd58924262d8c9a7c0dec2e7630041c89181d206f3
CaGa4O7_Va_O2_0,mp-17914,CaGa4O7,O2,48,e9fea3fc665d080b4aa319c37161756e7129f54144e218308f7162d8e2ef184c
CaGa4O7_Va_O3_0,mp-17914,CaGa4O7,O3,64,634178f3d0b00fe70b6af40f472cae039641099442031a8fe632a88a82e1b789
CaGa4O7_Va_O4_0,mp-17914,CaGa4O7,O4,80,6a58dc9abdd37a5d00b9283389b4f9c9235b25032f0b63bb3ef8b21ac418becd
CaGaBO4_Va_O1_0,mp-557855,CaGaBO4,O1,144,bf7628e6f56ff3993847c992490423d065e03cee308b7e504eb8b7f8f374c911
CaGaBO4_Va_O2_0,mp-557855,CaGaBO4,O2,156,51cf3ddfd7468696275cd50b3966a899dc92bbe38c7d994450b27c0d12a6b80a
CaGaBO4_Va_O3_0,mp-557855,CaGaBO4,O3,168,dab8f8cccceb17100cfaeee3606f089f3d2dba5ce60fdd506b64c783eb49d253
CaGaBO4_Va_O4_0,mp-557855,CaGaBO4,O4,204,5504c5e241aebd3f843ac4051a3dd9258c1494bfd2ffcbcd1e1703ecb7df262a
CaHfO3_Va_O1_0,mp-754853,CaHfO3,O1,144,e589fef294471bd3c12720906392bbbc953f4c7ef6d248ee9cf81c69640cd6e7
CaHfO3_Va_O2_0,mp-754853,CaHfO3,O2,162,55feb74ccbc6b4e05925f0b77c478913868ae501ffdd0c42253414cb275e8a0c
CaHgO2_Va_O1_0,mp-7041,CaHgO2,O1,150,7d325d62170bd5f51816665e4425564fc1bf02da58fc5b077b956b171fdaf979
CaIn2O4_Va_O1_0,mp-22766,CaIn2O4,O1,192,b769778ae0393bc0c743a6b765defcea9b2c0f1d36d676b4ae3b80e07ddd4ad0
CaLaGaO4_Va_O1_0,mp-559969,CaLaGaO4,O1,48,e57c365e3f96e705c2667465446c28d054370f71338e3c287be582f0e7fad696
CaLaGaO4_Va_O2_0,mp-559969,CaLaGaO4,O2,56,8d76fcaadf2144f466150b9722e1834870721b54d7513dc47187cb9b7ddfd423
CaLaGaO4_Va_O3_0,mp-559969,CaLaGaO4,O3,60,629eaa69f95501dcf7bc48cedde550f7b1e6d2c3745dc45aac0c86a289df1e58
CaMg(SiO3)2_Va_O1_0,mp-6766,CaMg(SiO3)2,O1,32,7228575a1124816afd82014aec2ca555602eb633919c684d25d5564b76a0cf90
CaMg(SiO3)2_Va_O2_0,mp-6766,CaMg(SiO3)2,O2,48,715ef96238ccebe082d2ac5122277d2058ef6e9fd4e51729215691cb1fa6e776
CaMg(SiO3)2_Va_O3_0,mp-6766,CaMg(SiO3)2,O3,64,e0ff78a36b82b3331a0753a72c0b5ec2f7a382fddbfb5668b834331027f09e04
CaMgGeO4_Va_O1_0,mp-558362,CaMgGeO4,O1,48,c22ea0663a97a4cba6df3d75cd8f38c0eee96ce9406caef2bf512e4700c80b4a
CaMgGeO4_Va_O2_0,mp-558362,CaMgGeO4,O2,56,948a67305982ad672c6cdd965dacd42aa84c11981d5435c3133549c17157d7c0
CaMgGeO4_Va_O3_0,mp-558362,CaMgGeO4,O3,68,b14de042dc205f967f6e4ff1a9f00ec21837db7d25cf4c22a42e167cb2f94dd7
CaMgSiO4_Va_O1_0,mp-6493,CaMgSiO4,O1,72,67c283f657bdaf94f1080aade599bb3658f3ebe86e04dbfe8c28c64770ddd562
CaMgSiO4_Va_O2_0,mp-6493,CaMgSiO4,O2,120,74e1b7c70543440d81309672a602ed85e36c81ca7d529b0a58efaf3c74e858bd
CaMgSiO4_Va_O3_0,mp-6493,CaMgSiO4,O3,144,9c427cc47bbc92a1ec39418c7ab3ddf7f616aad20dcd7e0f383a1d0df93f213c
CaMoO4_Va_O1_0,mp-19330,CaMoO4,O1,32,0945f5408b7542b9760bf4f8c127826b03305a02a98a9879158701316df8940c
CaNb2O4_Va_O1_0,mp-29792,CaNb2O4,O1,48,7482eb1b6839f9a8f9999f83d67c0319ff7c3cc51f8baddc6207eba88fe39727
CaNb2O4_Va_O2_0,mp-29792,CaNb2O4,O2,64,249593224c3e095e96cfb311665afd52e01961504ea523bfae2181323ac88676
CaNb2O4_Va_O3_0,mp-29792,CaNb2O4,O3,80,5df3486a8e4b8a9ba35c51294649b45d6a44e510e7ea44075b2c8de0f30af9aa
CaO_Va_O1_0,mp-2605,CaO,O1,32,2520eada30cbff9ee0e47725591c594a011f8a13e0d784c7d7163b015cd46ff7
CaSc2O4_Va_O1_0,mp-4056,CaSc2O4,O1,36,add0aaba036f7c11c2edf478a86b710e5f0debfee80458cad466257d3c2ddfc4
CaSc2O4_Va_O2_0,mp-4056,CaSc2O4,O2,48,ac3eebd50ea72a2e145ed95112f05dd73dae045391266412dcd0ec9e6d328cb1
CaSc2O4_Va_O3_0,mp-4056,CaSc2O4,O3,60,ca16f8236f82646b6e27840518b8044c121ee2deeb63aaf8497493e1643328ad
CaSc2O4_Va_O4_0,mp-4056,CaSc2O4,O4,72,7f854ade95f01a5585bf364ff580b28cec0f74bdc651901c9d599d513250369c
CaSn(BO3)2_Va_O1_0,mp-14398,CaSn(BO3)2,O1,108,4eff87c8594bb33a1445f2e910daf6f1f1e50f28e66668f2fcc107546a1eb407
CaSnO3_Va_O1_0,mp-4190,CaSnO3,O1,108,ea110f31eedd26c28b61c9816afae101379ef0858d3c5aacb9c63b886e405088
CaTaAlO5_Va_O1_0,mp-15733,CaTaAlO5,O1,144,64ab8a5a5c802b779a60e62d24005e3efb15395af159870ef05563cccffeac82
CaTaAlO5_Va_O2_0,mp-15733,CaTaAlO5,O2,192,28e3be4b8774870f1ee457374e05d486bc37e60cae900c525492380e198e3f9f
CaTaAlO5_Va_O3_0,mp-15733,CaTaAlO5,O3,288,45f7c89391edef82606fe60dc6483a9d38147f78ba9f81c9db87617d5433576d
CaV2O6_Va_O1_0,mp-27624,CaV2O6,O1,36,82e2fb0510b4964ab47dec18dba4ca0fc38fc082fe6797f5985e03ead6863112
CaWO4_Va_O1_0,mp-19426,CaWO4,O1,32,56af533575d0df654299e0f79adb47b06c9063058cdf2a725d05bfba2cebc135
CaYBO4_Va_O1_0,mp-1213894,CaYBO4,O1,36,8c781be4d6ca0e8784e83cb46e9ac91a1d5c44c49469cd352366f88abf21d06c
CaYBO4_Va_O2_0,mp-1213894,CaYBO4,O2,48,e6059f8c8f5167d739cb30a185e91459d7f23f9076ad59a8eed083a9bacfe435
CaYBO4_Va_O3_0,mp-1213894,CaYBO4,O3,60,af7923ef762e312d627f8a833d70259ae7919dc36243d85474c3c458c665e5a2
CaYBO4_Va_O4_0,mp-1213894,CaYBO4,O4,72,02d66e70ebbb0567dea2e9bbc0a4933ec275819d9c0cb96060246604d1c16a83
CaZrO3_Va_O1_0,mp-4571,CaZrO3,O1,144,c8b76b4a26c2916ef60de153f107702121914a56a8557bb83aa59489a35781b9
CaZrO3_Va_O2_0,mp-4571,CaZrO3,O2,288,58d1cffc8d034403082f021f8dbf39f48188116125342910567644d150af6b8f
Cd(AsO3)2_Va_O1_0,mp-7128,Cd(AsO3)2,O1,81,3a767f48a0a76ad8a7b348639a7254da49631469d215208936ecba57d6f43f15
Cd(SbO3)2_Va_O1_0,mp-8922,Cd(SbO3)2,O1,24,0203b447ad0205e085dc4f3a37ecf8f06cd068ec8752969b4bb065566eef9499
Cd2BiAsO6_Va_O1_0,mp-556653,Cd2BiAsO6,O1,32,fde4b63dfd22ed570676e60392c8bfd907d63a266ad165f5826472c7e205734a
Cd2BiAsO6_Va_O2_0,mp-556653,Cd2BiAsO6,O2,36,ea2287ee110b3a3fec204e0645e5b2e51726faf1cf5ffba484eddca0fa934f3c
Cd2BiAsO6_Va_O3_0,mp-556653,Cd2BiAsO6,O3,52,6b53e12aa5e1e91925b9521f972f899e090e381604b6c29b18213734e6d3a549
Cd2BiAsO6_Va_O4_0,mp-556653,Cd2BiAsO6,O4,56,9a8307f622e40398eb9c8b369dde9674a3a3060debb4fe83846f7ca04debde3c
Cd2GeO4_Va_O1_0,mp-3917,Cd2GeO4,O1,48,973ee737ffbf031615a5a08668beaafabe1b797361df252a45367d13a697d5a3
Cd2GeO4_Va_O2_0,mp-3917,Cd2GeO4,O2,80,e817f7f8c94879d83c2357c31af30272508546e5953f17c1decd7d26092e8354
Cd2GeO4_Va_O3_0,mp-3917,Cd2GeO4,O3,96,96a32e54d0e37cc5a01b6bcae9731a17825fc61f2ab77650b637d3b108bd7333
Cd2Sb2O7_Va_O1_0,mp-1191189,Cd2Sb2O7,O1,32,c20029f71f28dd73649357a292a3a6de2cd2bc711b0207d14740cf34fff020b5
Cd2SiO4_Va_O1_0,mp-4530,Cd2SiO4,O1,48,d44434b91e99e2ba4064a43c670334489ff54222deabceaf07206c47eafc0106
Cd3SiO5_Va_O1_0,mp-13820,Cd3SiO5,O1,32,d39e9beb6d39e021d94aa4a57f378c4a21b072e29cd2f6e23dc7f93b27ef2ab3
Cd3SiO5_Va_O2_0,mp-13820,Cd3SiO5,O2,40,b43b81dd2836776c129384aaf75ac74088d413618fc3dd1061896c718194222f
CdAuO2_Va_O1_0,mp-997036,CdAuO2,O1,48,2b7c144f0dba7221c6bcdee9125a095d358ab8ac025dabd3bf8b42e049c4dde1
CdAuO2_Va_O2_0,mp-997036,CdAuO2,O2,72,11310875297bb40f6c6b44f35f5faac6a191df41164f81cf4fa593f9734b555f
CdBiO3_Va_O1_0,mp-755478,CdBiO3,O1,108,6ff86009cb2dd2dd9219caf4a1ab6d9b84f6247eb7b6516328474e16b8c756e2
CdBiO3_Va_O2_0,mp-755478,CdBiO3,O2,189,500261ccdf8b901d4e2f13a46bc460e376262e4dd35480b93244500b141fee6f
CdWO4_Va_O1_0,mp-19387,CdWO4,O1,32,79941f539481e4aca374c49a0256690aeeeba63799d0b9988de0531c490b8346
CdWO4_Va_O2_0,mp-19387,CdWO4,O2,64,7a8a765ea0efccdf0a3f768054b901095afa95374eab1021b4748e1699fcdc39
CrCdO4_Va_O1_0,mp-18781,CrCdO4,O1,144,6f341f247374a4c82404babff31ad707f46a8eb109c6d998d08a8f43f961cdfa
CrPb2O5_Va_O3_0,mp-22373,CrPb2O5,O3,144,f8cb8a3ada0b83a3763b6c4167c00da5772f916b7abdb55f1ce4ad17e3b1665f
Cs2Al2As2O7_Va_O1_0,mp-554206,Cs2Al2As2O7,O1,144,41e4ec2b189be919a9a01c7daab528a30e3fc5c727cdda146f53d21281349ca1
Cs2Al2As2O7_Va_O2_0,mp-554206,Cs2Al2As2O7,O2,168,eb04a3ab98e38cb86b6d07f57e2a150aa055fec36ecb2e0ffc37d80e35faa1f2
Cs2Al2As2O7_Va_O3_0,mp-554206,Cs2Al2As2O7,O3,192,e82d0295361bbbee61629a4954b92c279acd5f60cfef14a7d96446c43b91cd9e
Cs2Al2Sb2O7_Va_O1_0,mp-557359,Cs2Al2Sb2O7,O1,108,06c7f2fa0059665a83e6f5d600c632e126979393f7944719e1af1f38937c088e
Cs2Al2Sb2O7_Va_O2_0,mp-557359,Cs2Al2Sb2O7,O2,180,8c403ae71288225bde4dd421810ae71a9f352229306b78d899776eb3d1028dcc
Cs2BeO2_Va_O1_0,mp-755292,Cs2BeO2,O1,288,68bc59c63bd16e827b2cec7b7b3c1022dfe9755540e77094648e830de03509cc
Cs2BeO2_Va_O2_0,mp-755292,Cs2BeO2,O2,312,88a7036429f6c38c52e4c1d1b8bd5a8c4aad27fa5bae0a2eafa833c58df98dd1
Cs2CeO3_Va_O1_0,mp-768223,Cs2CeO3,O1,216,55b382bd32c041290f0bd1e2f53df8ca24cba015b6823be3871b120aa4ed4f4e
Cs2CrO4_Va_O2_0,mp-647813,Cs2CrO4,O2,192,bdd624310bde170371138341c850275197f7c6f2c793fa371978b4dbbf7dd12c
Cs2CrO4_Va_O3_0,mp-647813,Cs2CrO4,O3,240,7edd8ab8fee48b44cc369961a11bea242329124d08ff6150718bd9aa80669e9b
Cs2HgO2_Va_O1_0,mp-7232,Cs2HgO2,O1,54,7d6f653ba56d62413d1aa496f2d308bd946d7a74b13f1fe0a381a1530df998ad
Cs2Li2GeO4_Va_O1_0,mp-8313,Cs2Li2GeO4,O1,180,b456d2208899fd2a544d5af2632aa296233e104a9473d1ffa9f9caf61e7473c7
Cs2Li2GeO4_Va_O2_0,mp-8313,Cs2Li2GeO4,O2,216,6418ce534cf86f1486614b033586a636eb49532d41a8111dcef57b150f6cc88b
Cs2Li2GeO4_Va_O3_0,mp-8313,Cs2Li2GeO4,O3,252,6cbd61dc8d49455679b8f1c80dfeba038043afb1cdf601595893b665e78901b5
Cs2Li2GeO4_Va_O4_0,mp-8313,Cs2Li2GeO4,O4,288,8b831bc7c36322cdf5fd481ce9f40c01a1d8f19d0802a9083f16a0589b273716
Cs2Li2SiO4_Va_O1_0,mp-504849,Cs2Li2SiO4,O1,180,28854ab253985c74ebf5827ff17ad7d1282dd7f6e16156110552a7d11e4d7620
Cs2Li2SiO4_Va_O2_0,mp-504849,Cs2Li2SiO4,O2,216,9d45232c039e8b1c74bbf056ea6c132cbb8994d7d965b75460a52492a82b1720
Cs2Li2SiO4_Va_O3_0,mp-504849,Cs2Li2SiO4,O3,252,2fa4dab4b054d0fdf14162b7b9717043e4ddcc622f678246b7e7512280b94d94
Cs2Li2SiO4_Va_O4_0,mp-504849,Cs2Li2SiO4,O4,288,04626049bf2f8b17d3ed2fde5e65c7a3eeeb7ddb894ce95783c36a1350bd4b16
Cs2Li2TiO4_Va_O1_0,mp-8294,Cs2Li2TiO4,O1,180,496354b1462fa015bd8329fe87ff7e32458212ce7621287c82ca0ddccab56cff
Cs2Li2TiO4_Va_O2_0,mp-8294,Cs2Li2TiO4,O2,216,ffe6d67c2108224f001b7c771be75ab5e96ca6c38754aff89b0ca2b3406214c0
Cs2Li2TiO4_Va_O3_0,mp-8294,Cs2Li2TiO4,O3,252,feedac76f47e179fddb2d6894db8f2a7e2f130d443bb9fe0f625a3752cb718ca
Cs2Li2TiO4_Va_O4_0,mp-8294,Cs2Li2TiO4,O4,288,fea9359d59fb92688dfd1a610ee7ac302137b609ecefe3ebd0cd2c148bc0f740
Cs2Li3GaO4_Va_O1_0,mp-555140,Cs2Li3GaO4,O1,48,acadec72e84027b1cfc8f15c04bc5901d6e9326eed5c491f99bb83f9e27407d2
Cs2LiAsO4_Va_O1_0,mp-14364,Cs2LiAsO4,O1,64,e56d4fd1b7f0252ccc4396fc8a9690ef2ec6c5d93ad29e94cb33505c0407ca91
Cs2LiAsO4_Va_O2_0,mp-14364,Cs2LiAsO4,O2,80,cb28b7059dfed1a2b8e24e71a2a992e8866b76c1e5243d50621a8689237e55f3
Cs2LiAsO4_Va_O3_0,mp-14364,Cs2LiAsO4,O3,112,0bebd388cd6b23b19b8cae67b53109cf998913081d0f1d2794d6f774c1963e66
Cs2LiVO4_Va_O1_0,mp-541190,Cs2LiVO4,O1,64,3f9faa62e8ce728a8ac02832448503f9e23da63f0293baf339d8d0e3bec7c958
Cs2LiVO4_Va_O2_0,mp-541190,Cs2LiVO4,O2,80,2d42e8580c3cded5a023278e9bbad3dbf43dcd3ea5bfed504580f9004a96f8be
Cs2LiVO4_Va_O3_0,mp-541190,Cs2LiVO4,O3,112,288c03277ec532c3bdc755eedd5c99d8d3c372bbd381dd0c6a90a6d7aae9e3c8
Cs2NaAsO4_Va_O1_0,mp-8314,Cs2NaAsO4,O1,144,0a41ac356f1e760c58ef383fad02e37a3d831c30216b082324acd06ffe4d0be4
Cs2NaAsO4_Va_O2_0,mp-8314,Cs2NaAsO4,O2,216,5dd8e481b4216ce73281d53109570526b0893c1dc509f0f4f37c91ce8bd14619
Cs2NaAsO4_Va_O3_0,mp-8314,Cs2NaAsO4,O3,234,4de1fd7ead4e468059ef2e516420d7fefc80a647d1001aaaea7c5bf04ed29850
Cs2NaVO4_Va_O1_0,mp-19447,Cs2NaVO4,O1,144,ed2cf65f52d448a8833730fe7ac23a150cd2a46755df82b778caefc7288b4f18
Cs2NaVO4_Va_O2_0,mp-19447,Cs2NaVO4,O2,216,284392472571ad998f62fff70cf9c64aa2767b58b3a1b4b3e49a8ab0f4151b7f
Cs2NaVO4_Va_O3_0,mp-19447,Cs2NaVO4,O3,234,9a60403c84220895f9f5b362b0095486ba98ae7d0e32356d2da1920b90d0a68c
Cs2Pb2O3_Va_O1_0,mp-1213706,Cs2Pb2O3,O1,128,9d448521bd918c5f75daeae338045e495cb6dd7fa77d6d28e014ea7afa454a4e
Cs2PbO2_Va_O1_0,mp-562263,Cs2PbO2,O1,216,6c8527a1f66f9e2451f2d65df94dd9b370d7a51c6fc4be04d487386bb42732a4
Cs2PbO2_Va_O4_0,mp-562263,Cs2PbO2,O4,324,3b1138c5a2f70ab495038c468ea7a47bfdd4dc2be248bca8b7ebd7f6f23436b5
Cs2PbO3_Va_O1_0,mp-21521,Cs2PbO3,O1,216,1d0ee03527b460674a12e0416be2d5d2084f8813bbf45fca9f9c80ad42aef145
Cs2PbO3_Va_O2_0,mp-21521,Cs2PbO3,O2,288,f95f8762b5de39ec41df6a9ed62a8a0e4510baa4a4da9090016399780412abfc
Cs2Sn(GeO3)3_Va_O1_0,mp-540707,Cs2Sn(GeO3)3,O1,48,6c09a1fc1a1ad8d83f8241d5d7e05b66b73b9549fb32a129faaf411c2c8062af
Cs2Sn(GeO3)3_Va_O2_0,mp-540707,Cs2Sn(GeO3)3,O2,72,726a96213bde0005fe310540fc0f984b4d3d68fb9b49ed910b4e2b0bfa3fe409
Cs2SnO3_Va_O1_0,mp-867730,Cs2SnO3,O1,216,f2533cddba49ca52fb9fdab5d17627844316bde458a53e769b2f1293a7e57c2c
Cs2SnO3_Va_O2_0,mp-867730,Cs2SnO3,O2,288,36735e4b35515f93e61509acbb0f1bb5e8a1917941d83b905fc62fa8c6ec43ae
Cs2SrV4O12_Va_O2_0,mp-18160,Cs2SrV4O12,O2,60,62739d2bb3938a7c4a7f9bc0ac5fde4930e212a26b89504c45452f2e6c3267b9
Cs2Ti(GeO3)3_Va_O1_0,mp-16805,Cs2Ti(GeO3)3,O1,48,bb7a927b34bd00094d5c37c32963b8cce0efe87d0fc7fdbfda71f905fd5d926a
Cs2Ti(GeO3)3_Va_O2_0,mp-16805,Cs2Ti(GeO3)3,O2,96,fcfc6bfbcf8d0cfd64be5feae7e826401b47b8edcec938471b975eebf7e9061d
Cs2WO4_Va_O2_0,mp-752508,Cs2WO4,O2,56,253efde2557760e12fb49b380c7086ccada5c7e822b88b24a9308b977cc59ca2
Cs2WO4_Va_O3_0,mp-752508,Cs2WO4,O3,64,8017c8d01cf5e946c8c217893e46e93f4567871b7d0d977b3f1e90f14b9fe979
Cs2Zr(SiO3)3_Va_O1_0,mp-6694,Cs2Zr(SiO3)3,O1,48,82db79e86bb82cdf26393f745eeaba3c397a44a0d24fa227b8e41630b0277243
Cs2Zr(SiO3)3_Va_O2_0,mp-6694,Cs2Zr(SiO3)3,O2,96,dd3b99b3e0a41f198a8c13129346915f283d25309b12e76e507610d40f8697ee
Cs2ZrO3_Va_O1_0,mp-8759,Cs2ZrO3,O1,216,36d808ffa5b6da0ee0c46bdfb36df28312e7f772234d9a6052dc2d5241dda399
Cs2ZrO3_Va_O2_0,mp-8759,Cs2ZrO3,O2,288,ccecacecff6369d9e5295e971fe4114899d6127259f60d9fc3c3e9b2156a3264
Cs3AlGe2O7_Va_O1_0,mp-561315,Cs3AlGe2O7,O1,96,b31e622dd29e8d795832383d8828b5ff279df2dcf6f869bceda860d5908f5314
Cs3AlGe2O7_Va_O2_0,mp-561315,Cs3AlGe2O7,O2,112,27f9b77b31a155ae09eb2ab3f79987903fe24de7d6a6459c1d5a32f323b1dacb
Cs3AlGe2O7_Va_O3_0,mp-561315,Cs3AlGe2O7,O3,128,30d92f3fc926732c5897ec9dc3f2112fe515e5e7ad5621a4f23696ac8c652b8e
Cs3AlGe2O7_Va_O4_0,mp-561315,Cs3AlGe2O7,O4,160,b00753ed40fbcb5646a47ab277a796908a595d1610188c9a5af421685054628f
Cs3AlO3_Va_O1_0,mp-562441,Cs3AlO3,O1,64,7510f373d7505bea470cffec295bfbb0122fba09d7765d99c347b65ba572e6a6
Cs3AlO3_Va_O2_0,mp-562441,Cs3AlO3,O2,68,ecdddc1f669cf07da627da9df6c3df1b0c60a51df6976e18f001a4e4cbcf99c3
Cs3AlO3_Va_O3_0,mp-562441,Cs3AlO3,O3,76,b0bd16b123aa70ec3d6265c2f656586dfb4b0ed34c89e9d50638da0985041a6f
Cs3As5O9_Va_O1_0,mp-30300,Cs3As5O9,O1,96,c28e58b140788ad98369d4b4f2862d16c1f7d214f35aefe4cebe49e8df43f3ee
Cs3As5O9_Va_O2_0,mp-30300,Cs3As5O9,O2,168,7eb6eed7ccc2d5b124b957b745c831916331b3eff90df9729db09ec207f579fe
Cs3BiO3_Va_O1_0,mp-29505,Cs3BiO3,O1,128,efd94236a38284f4a6a97193ce7cc055422744e7ec4852424c742b19d7bceb7d
Cs3GaO3_Va_O1_0,mp-770463,Cs3GaO3,O1,64,f0dba76ce58b17e46b1556f2deb42932986f32e8ad9702332761154ca40b5a2e
Cs3GaO3_Va_O2_0,mp-770463,Cs3GaO3,O2,68,5302807640ad1687ff42eb1cb72af87afeb8976f492b298d07b7e37bbaa8f212
Cs3GaO3_Va_O3_0,mp-770463,Cs3GaO3,O3,72,4e053fe12aa6ca5cbeeea38faa9e05f444eec67671b0f6bbd6d4b02c06a82f4c
Cs3InO3_Va_O1_0,mp-28381,Cs3InO3,O1,64,65f89e293362f19cfb0bcb3a7380565e8513c66bf6168429f13a4dd6bd645060
Cs3InO3_Va_O2_0,mp-28381,Cs3InO3,O2,68,d2a96fe4b4e1361f4903b67416408123b75cb6ff195640a6b24aa841d7640561
Cs3InO3_Va_O3_0,mp-28381,Cs3InO3,O3,72,73c6423690c5430c7862f2d4acaa88c336c8c211877d54be968c75febb0b86a9
Cs3SbO3_Va_O1_0,mp-562072,Cs3SbO3,O1,128,bc21008ad5b64b4e9d5d318f835ed7dbeb392a71fa3b9e5315db104860c8c854
Cs3ScO3_Va_O1_0,mp-768976,Cs3ScO3,O1,64,1fea982bfd1dd1c1097dc6011c583a6fd5aabfd0f6c9f0750123329fff0b5e4c
Cs3ScO3_Va_O2_0,mp-768976,Cs3ScO3,O2,68,961667cee0104f6bc98ad32721ef88ff43e4c002d06351e2f33122aebc067f0d
Cs3ScO3_Va_O3_0,mp-768976,Cs3ScO3,O3,72,f759ee40ab995f03e828c2b629a17ccd227adeb14e5bf75156b12bf4c1b272ac
Cs3TlO3_Va_O1_0,mp-756122,Cs3TlO3,O1,64,21b67282005d1747bfdd46fbe35e589deca755f7e79be18d4b2f3da3449aa39e
Cs3TlO3_Va_O2_0,mp-756122,Cs3TlO3,O2,68,3fa5aeaaf7f59a8f59a9095ad7318875bccd960af7403969ca0eee548b80693f
Cs3TlO3_Va_O3_0,mp-756122,Cs3TlO3,O3,72,c5813eee20bf310ef49e99fc54ad20513a5881187bddf38de76b018093b3efbc
Cs3YO3_Va_O1_0,mp-770815,Cs3YO3,O1,64,bf61a81e18c8d7ef0cfbd5e982836cec88b579b6484aca4f3bad64244d207c62
Cs3YO3_Va_O2_0,mp-770815,Cs3YO3,O2,68,dfe88f40a1b75a56777e20bae6c5660f0ec162395cb7d6967f5c5d2b9cc47788
Cs3YO3_Va_O3_0,mp-770815,Cs3YO3,O3,72,714887f0228cc8913f93cac7238caeeb6f048698b2a897edfb185d42b7c61c5c
Cs6Ge2O7_Va_O1_0,mp-1178450,Cs6Ge2O7,O1,192,725cfa28ae1001425b0be00bf1b22ee1c1102279b6883f473eea3b0d61f82a09
Cs6Ge2O7_Va_O2_0,mp-1178450,Cs6Ge2O7,O2,204,ab968e015b7ad11e967310fae053fbf456ba535f6f43a857f6cdb1c52b1c84be
Cs6Ge2O7_Va_O3_0,mp-1178450,Cs6Ge2O7,O3,216,17a30afe8db203e1fb55fed113d608284c7c950ac79cb834f10e46547d010dda
Cs6Ge2O7_Va_O4_0,mp-1178450,Cs6Ge2O7,O4,228,2bc6eb7052db65a40de875991c0347d0f101bd3120746bb1d7c4f5c4659034ac
Cs6Si2O7_Va_O1_0,mp-18315,Cs6Si2O7,O1,192,01eae83dd019f40cb75dafda7d6c06b6e2775c6ec7d6e9124b8deebff91cae66
Cs6Si2O7_Va_O2_0,mp-18315,Cs6Si2O7,O2,204,d5c2721897c7c8dd3f2b282e32cb8c26c56135fb66d46c247d9bc14527e6b2e3
Cs6Si2O7_Va_O3_0,mp-18315,Cs6Si2O7,O3,228,16be669ead4ddaaade79d65e1c779a8181b1b8f66fd187a4420173d29301678f
Cs6Si2O7_Va_O4_0,mp-18315,Cs6Si2O7,O4,276,1f7d4f2c2e129a42493f2b941f4b7e07928e7a5d8fef679c667f845d48684ded
CsAgO2_Va_O1_0,mp-1096933,CsAgO2,O1,32,977ab686a5c0a0c2c5144b591f23fab0a2bb8252264a91ac0c50c981d9f1b1c0
CsAgO_Va_O1_0,mp-8666,CsAgO,O1,192,72100417c2003ef5c94a601be763de6355e7b88dfd7d102868e03e559f0f8bc4
CsAlSiO4_Va_O1_0,mp-1192933,CsAlSiO4,O1,144,e1e80c8c0b9d8f7c6b2956e25f73f515a394d2109d63cb374a32cd435d5e6e7b
CsAlSiO4_Va_O2_0,mp-1192933,CsAlSiO4,O2,192,d9de7dd8046321976f8fd7194ef170d231f2bada987a4ad028ad489c2c52b745
CsAlSiO4_Va_O3_0,mp-1192933,CsAlSiO4,O3,240,760f10f03cf49675621d1cc47e3b9d13e2db8781e58579cce904f67bf3e56807
CsAlSiO4_Va_O4_0,mp-1192933,CsAlSiO4,O4,288,7543ba9f64af38f25955009a919a13936082d764a7bbf3cdee5bdf41aa75ca5c
CsAuO2_Va_O1_0,mp-997024,CsAuO2,O1,32,e79905f93eafa96eafcf10fd1819c1456f7c2e4114e4d3e0a3be8808ff8295d9
CsAuO_Va_O1_0,mp-9986,CsAuO,O1,192,b9d93ee50adea8b7615799d8d074787c8df96bab4c5ed73535fac2cac73fb65c
CsBO2_Va_O1_0,mp-561725,CsBO2,O1,72,973b2b7bb1eec2323be840e6e41e04813504583b226941cef70ffb4aedbf5d74
CsBO2_Va_O2_0,mp-561725,CsBO2,O2,90,a62975e0d727f164dda61637e75e1d568d3288c3cc8681bb8d7fc640a695217d
CsBeAsO4_Va_O1_0,mp-9113,CsBeAsO4,O1,192,38f3308540e240227b532668d05c6258fb0efad6939111a31a4e12364a00dde7
CsBeAsO4_Va_O2_0,mp-9113,CsBeAsO4,O2,256,7f9840aa89474d26186db0a1897c80319b769142b5621b6589dad6afa5cb60ca
CsBeAsO4_Va_O3_0,mp-9113,CsBeAsO4,O3,320,c9f7549e5a80a425cc323e8884625cc8e36182a9184cb8c2639aea94aaba06f4
CsBeAsO4_Va_O4_0,mp-9113,CsBeAsO4,O4,384,af36752bc6556e19e8ddfba16ebc2e9cbcd1b477d0e2755882bdb337bd95e5e4
CsBi(MoO4)2_Va_O1_0,mp-1213697,CsBi(MoO4)2,O1,96,7fe24b79392796148af6787f9cfb34aed63ec464c66829886ed6255656b78de6
CsBi(MoO4)2_Va_O2_0,mp-1213697,CsBi(MoO4)2,O2,144,6b3673ff532780b3f7ac0e424aa0143dbcedeaf754bf8efc7219750b489bd0cf
CsCdBO3_Va_O1_0,mp-1191636,CsCdBO3,O1,96,9d0ffd24c26785f4369e001528c575a2b40daaf22cf751c43d36e605f60d2406
CsCu3O2_Va_O1_0,mp-553303,CsCu3O2,O1,256,3ae0bf284054fd033b432d9e0f388ee770a245132bd414ff6953cdb2b13029b9
CsCuO2_Va_O1_0,mp-553310,CsCuO2,O1,32,866eef12b42b4fffbb39d71349a91d7f969b8fefeb216d8876b6cd6d9d3d317f
CsCuO_Va_O1_0,mp-541037,CsCuO,O1,192,e17577c78a44c363ee1ad80aba2adc01fc6106a41ea98a432e4fda21c368efa0
CsK2AuO2_Va_O1_0,mp-557807,CsK2AuO2,O1,64,a2d27039a64354c16e51f718564b8809dfb90d4b27dfc13df70ef320b7b601c0
CsK2AuO2_Va_O2_0,mp-557807,CsK2AuO2,O2,72,fc4c9c04038e80377e331699466f930d9c4f4a122b79f6355f969f677bdce8be
CsLa(WO4)2_Va_O1_0,mp-1213173,CsLa(WO4)2,O1,128,822d2fcca3fe65f3db86837d80a6effb2cefe3798e441c70f30f92046fd4de86
CsLa(WO4)2_Va_O2_0,mp-1213173,CsLa(WO4)2,O2,192,e4d73200f350be14612ef16b8a9c3059307e91c16f5d213be44d57360adde66b
CsLa(WO4)2_Va_O3_0,mp-1213173,CsLa(WO4)2,O3,256,0fd2230e40741e20e64b029ac38f35ebbca3049aae7add2b709e74eb4b55650d
CsLa(WO4)2_Va_O4_0,mp-1213173,CsLa(WO4)2,O4,320,65e6a5921a139430a31bb40af3f3a3f7bd13289e57867d8110ac8a63e92ebf2f
CsLi5(BO3)2_Va_O1_0,mp-555082,CsLi5(BO3)2,O1,256,b7d936dc21767846652d79492b944255bd98a93677f937cf121938e60fa789a1
CsLi5(BO3)2_Va_O2_0,mp-555082,CsLi5(BO3)2,O2,272,abf71224e34ff6afb5dd0f7e8d9ce0127d16f8ebb4c01add6e5c7249d450a1b5
CsLi5(BO3)2_Va_O3_0,mp-555082,CsLi5(BO3)2,O3,352,2051b960e51972c78dd96ce87067ed43100f4f201c906ebd420e0f55758f888d
CsLiWO4_Va_O1_0,mp-1178391,CsLiWO4,O1,96,dcd393908b5e9d67567ab332ea4bc540a11d58bcea04296f80a72f8fac8d2dc0
CsNa2BO3_Va_O1_0,mp-8871,CsNa2BO3,O1,64,dc37da06f8335ce84c3b2961a993fda7504958d34afd4f3092bec98741b2653f
CsNa2BO3_Va_O2_0,mp-8871,CsNa2BO3,O2,80,17c1026c2cf95986e34864054f1c94384643215e8a3de6af28df188da0b3c87b
CsNaTiO3_Va_O1_0,mp-560791,CsNaTiO3,O1,48,f3a81cbc07536f507532eb20430671d30df3bc94538b10dc7132e86e2c4af6ba
CsNaTiO3_Va_O2_0,mp-560791,CsNaTiO3,O2,56,7993d83b014591097859e701e020c539e9aa5ab3d07ce09d03a7d45843b80a34
CsNb2BiO7_Va_O1_0,mp-562854,CsNb2BiO7,O1,32,3bcd2d6fc385f71ec32a35395f6426ac1e17826bc66c900d8e2813a4c9ac06fe
CsNb2BiO7_Va_O2_0,mp-562854,CsNb2BiO7,O2,36,0dc5fded537b847c1c528168f12be35218304c9df0aea3f174c852a25d6f8239
CsNb2BiO7_Va_O4_0,mp-562854,CsNb2BiO7,O4,52,60453cc6d3d44397b44f2625b6a6927aeb52bef824434c907ddb01f2cdb229ff
CsReO4_Va_O1_0,mp-17621,CsReO4,O1,32,ebfe60a447d28ec2ce9278d027b89aa6c26b5f59443dbf54e26410e474685ba5
CsReO4_Va_O2_0,mp-17621,CsReO4,O2,64,e4dff4fcb72de5bb674db58fd0848a9b79aa349ca917b639923fa5c9e68a1e25
CsReO4_Va_O3_0,mp-17621,CsReO4,O3,80,a8550b6e7d69bc8972920890a60ce4399a960ac09ac28fac892a957a009b9e3f
CsSbO2_Va_O1_0,mp-510273,CsSbO2,O1,192,b95e3e33a63b243fb5239a4a7b1be9cdc271aab109e8315452d9f8e58d5168fd
CsSc(WO4)2_Va_O1_0,mp-1213157,CsSc(WO4)2,O1,72,d889359a336274b0f97c01769fa32c9553abb3f5d44294a81973700656839e9f
CsSc(WO4)2_Va_O2_0,mp-1213157,CsSc(WO4)2,O2,180,c10ab535e7a28c31a47653b5a4bd1966845a0dd05df8516728576813fe22f1af
CsTa(BO3)2_Va_O1_0,mp-9309,CsTa(BO3)2,O1,128,d46603e7a3477e9bf75223ac87c2a3cc281a008a9eafec311d5401995c37d8e4
CsTa(BO3)2_Va_O2_0,mp-9309,CsTa(BO3)2,O2,192,b883c79f9b0c0c30003fbe67c4457401de9c55bba1c8c6e4c3510bb1aecd7308
CsTa(BO3)2_Va_O4_0,mp-9309,CsTa(BO3)2,O4,288,1374f43e2f5e71bb352fba5e54ddea67d55931fff1a10875037419c9a53dbd0e
CsTlO_Va_O1_0,mp-1205877,CsTlO,O1,64,598af88be3a0685cd4d09aab53d726e68882ddd2e7e0f024d07d1cca0aca1c67
CsVO3_Va_O3_0,mp-504651,CsVO3,O3,64,c77486005c539bab1759122324cde634471ca0361526dc35c5ba7b80c3a209b3
CsY(MoO4)2_Va_O1_0,mp-1213231,CsY(MoO4)2,O1,72,4fdb59f8e73a8d90f8af7a2fa48045e3a833b62f429596c2a7092bbfcc4b8735
CsY(MoO4)2_Va_O2_0,mp-1213231,CsY(MoO4)2,O2,180,bd2d0b7211d20558f76d6af01bc217fe44bb07a520e1779c86f19bf1aba24be7
CsY(WO4)2_Va_O3_0,mp-1213335,CsY(WO4)2,O3,256,062db129f16e63afa24c7feb3c4c83e7b6851352c410280e901137d291a14b49
Cu2PbO2_Va_O1_0,mp-29396,Cu2PbO2,O1,144,5f413a0a247d605e877b520e3ecff327ce339f78d54b32c72ee44daa8e155df0
CuAsPbO4_Va_O1_0,mp-557871,CuAsPbO4,O1,108,a985ad8c312072f0e2c2c037c7c7405d2ad86b9d9a67850cec085c19e9bb2806
CuAsPbO4_Va_O2_0,mp-557871,CuAsPbO4,O2,144,3f963901a8a14c803ead85fbb4cdded96340c463accd347df7cf24e35417f5fe
CuAsPbO4_Va_O3_0,mp-557871,CuAsPbO4,O3,162,57265400f8132b62fa248e97ccf3e56a45988c3939096a0000b3f7162bc63937
CuAsPbO4_Va_O4_0,mp-557871,CuAsPbO4,O4,180,c021a5e25139591111c89172a24ab2a73b146cf0fd4232d780dcab901513599c
Ga2O3_Va_O1_0,mp-886,Ga2O3,O1,64,6d2a453afb307632ab1a649da0f5927cafa13cd1bfa87360b7bff8edd749f4be
Ga2O3_Va_O2_0,mp-886,Ga2O3,O2,96,39744f693837010f786bfd51aa4f4ae078d2a1d04e5a72626bffb1ba15fe8adf
Ga2O3_Va_O3_0,mp-886,Ga2O3,O3,128,d7ab6f581f5bec786aff13a3dd480ea989fc91baf539b057d8bc013ed7e65dd6
Ga2PbO4_Va_O1_0,mp-20496,Ga2PbO4,O1,144,364c41d5d786d743ab0f0c7b195b6adaf9db1ba045fca195610d765c063245b8
Ga2PbO4_Va_O2_0,mp-20496,Ga2PbO4,O2,192,dfe998902d64caa500144eb50fb54fa91781f20b24c1d309039f23e24be6cc5f
Ga2PbO4_Va_O3_0,mp-20496,Ga2PbO4,O3,240,4b9702738c98b0f5ee8aa0cb6c1ce62fe694b3a1651aeed38b97ee8fb3f716d5
Ga4GeO8_Va_O1_0,mp-29455,Ga4GeO8,O1,40,70b965ddf1349b57bf8d0ad5f73cf27ade0234462ce5936a6aaeced9c88cc4b0
Ga4GeO8_Va_O2_0,mp-29455,Ga4GeO8,O2,56,cbca6a0723662dabb71540ccc9a367fd160821af1ffa0e329f4d0e405d91c60a
Ga4GeO8_Va_O3_0,mp-29455,Ga4GeO8,O3,72,8ae71678ebb308fc43229fadd4a71d815bef9d015cd3f8ce6b46f70a6acde3ee
Ga4GeO8_Va_O4_0,mp-29455,Ga4GeO8,O4,80,bb7d5f5d4121da5745e823788d5c10e3d94723263c91be86573d8d71b207478d
GaAsO4_Va_O1_0,mp-3996,GaAsO4,O1,24,7d866f711807f1fc9843efbffab6e112f39d59d2f3e756dd21c30cf3de8dd68b
GaAsO4_Va_O2_0,mp-3996,GaAsO4,O2,48,d1b8500e4151a7041a9160122fc13222ec414b2f84a7ef32842e917af6294f24
GaBPbO4_Va_O1_0,mp-505743,GaBPbO4,O1,144,90f3e8ba77e1e4620659164c7ed4521e8c626328926dcb4a99285ec4e8222f13
GaBPbO4_Va_O2_0,mp-505743,GaBPbO4,O2,192,1e042e21c245a90b40caa1d6163ac63c096b47bb2ab274025a0c2fc134d9ac28
GaBPbO4_Va_O3_0,mp-505743,GaBPbO4,O3,240,7b35fef6aaa6148e76d2c3df034faf254eb173c26e0273d3de64f56721e399e3
GaCuO2_Va_O1_0,mp-11019,GaCuO2,O1,64,8df77c92e42fe92641fbb594695ab1515f4e2f1fb29383a5583ae19d5a0871bc
Ge3Sb2O9_Va_O1_0,mp-17708,Ge3Sb2O9,O1,40,1c53c81d4fea62c7d7673f9714afda7339b503c674d0882d339c026cd9a50b34
Ge3Sb2O9_Va_O2_0,mp-17708,Ge3Sb2O9,O2,88,0114aecdcbe569aeb165ad37796277cdf02a0aa34352b7144f7b594e2a99acf1
GeO2_Va_O1_0,mp-733,GeO2,O1,24,9f79110bdee279a895b2ce04b564211cfb79469a740023b50e321e124f7a1df5
GePbO3_Va_O1_0,mp-554699,GePbO3,O1,72,3829306f513497b9c20da7e55c8b919c7ceb993a55e73cffa05520f78d83ce90
GePbO3_Va_O2_0,mp-554699,GePbO3,O2,78,3487586e2f0cf517e3dfea95c769a7df1f73d973e4c5aef82db26d06fa51bda3
GePbO3_Va_O3_0,mp-554699,GePbO3,O3,84,133ed0481eaf78fb509513dd3af69294d178d81a132ed1f866361a99d53af912
HfGeO4_Va_O1_0,mp-9755,HfGeO4,O1,32,cd7afa770d3be38d6e45631b03031bb0cf9d424df57b47e265d77602cb3aac4b
HfO2_Va_O1_0,mp-352,HfO2,O1,108,8f5a93e8c69cf84ef4dc8e4e393daaa02b0504662c7aa7fe9d1f85afd982ea35
HfO2_Va_O2_0,mp-352,HfO2,O2,216,7255c49b7c618958a7655d1f74f3301bf456abba458b78398f291a064c969d12
HfSiO4_Va_O1_0,mp-4609,HfSiO4,O1,64,dcd01a4f1f46b4c984ec2a5f5ae8b1dbd905412441326f3d890ad74fcaa110b0
Hg2GeO4_Va_O1_0,mp-13995,Hg2GeO4,O1,48,e7e2c170423dbbfff7d6f5b761e053739afbf65c06f916fa3c5e03953e59dcbe
Hg3(BO3)2_Va_O1_0,mp-4710,Hg3(BO3)2,O1,120,3279256e1f391f4ce20cf40c5e8fa86f3af71c0415b9a6dde11ad24b6f8d9de1
HgMoO4_Va_O2_0,mp-19363,HgMoO4,O2,64,1159bb7c9d6e0a68ce22fcd18f869d258aae0993d0714c60544afd706240874e
HgO_Va_O1_0,mp-1224,HgO,O1,180,18c39b84d52a35a1d77d2d7777d39097d52a3d1406e74254258f356f8795b5d4
In2Pt2O7_Va_O1_0,mp-755116,In2Pt2O7,O1,32,4e5c18d6fef5d54757a77f7d93a5903607516f411867251fdc20f1283bb4da9f
In2Pt2O7_Va_O2_0,mp-755116,In2Pt2O7,O2,36,d99fed596e18d2636b5aeab7b45c3b45b8e20323c600456758d4408f04554725
In6Ga2PtO8_Va_O1_0,mp-21084,In6Ga2PtO8,O1,36,3e2441d7e6dbdbdbef9ae323b7d40136416675360088beee390b7c904e508023
In6Ge2PtO9_Va_O1_0,mp-22186,In6Ge2PtO9,O1,36,11473b853ed1db28667b5c066b520a8e6cc76a89365558217f9f9594b708568d
In6Ge2PtO9_Va_O2_0,mp-22186,In6Ge2PtO9,O2,40,2ba4a2cb51e94cf730865df81d5da60c8834e2dcd887e07225379dc4487655db
InBO3_Va_O1_0,mp-7027,InBO3,O1,108,2b10406349187405deeee285b757726db16127401afe9f35091fed1ce6d5efde
K2Al2Sb2O7_Va_O1_0,mp-554959,K2Al2Sb2O7,O1,108,821b7459676b68799971687a44436d164bf60690b919372e7158864275bb7bd2
K2Al2Sb2O7_Va_O2_0,mp-554959,K2Al2Sb2O7,O2,180,c2779cfa3486dfe8f35e976da3db39a8bc36e5b9de7889099efb60a709905de8
K2BeO2_Va_O1_0,mp-27915,K2BeO2,O1,288,cf33d7cded91a77e9f6dea568428b5b7fa19b48370ece88c8fd035cb2fd0e882
K2BeO2_Va_O2_0,mp-27915,K2BeO2,O2,312,a4170272ca749224bf2771cfbf215b418d6e9899c2e921819075eb5d3011f1f7
K2CdO2_Va_O1_0,mp-27742,K2CdO2,O1,216,bf0e25886f9d79ffbf54b987091a4778baa177e510e0aa175581ada890ca3bcd
K2CrO4_Va_O1_0,mp-19232,K2CrO4,O1,144,4dbf18d2134ef30891b650e2b09e4e0e9b490663948760215e6f1d7e6c1a0982
K2CrO4_Va_O2_0,mp-19232,K2CrO4,O2,240,1c83bcd01af93230666487d0908515d94be17987168bd21049efcd433db5defe
K2HgO2_Va_O1_0,mp-5860,K2HgO2,O1,96,0b7cd2c9f7d9807c0da25c832b593ecc8ba92608b978745b6fe9f677d44f1ff1
K2LiBO3_Va_O1_0,mp-557632,K2LiBO3,O1,192,36750021e790d74ffbf0c0787eacc24b26c542fd1f77d4a215a0788b71c73ac7
K2LiBO3_Va_O2_0,mp-557632,K2LiBO3,O2,240,e94b0eb5459229f9ae6cc118c11201e431c0064dd54aecee4b6bf5022e5464d1
K2LiBO3_Va_O3_0,mp-557632,K2LiBO3,O3,264,1ff5b6e5ab585ad6246f419853fa78b41784fbb8b5799bac073257fff64afabe
K2LiVO4_Va_O1_0,mp-558369,K2LiVO4,O1,128,f3f1b74cac1a3a8a14a9aea493e2a700d98de030f88b6c7c8404a2046dd42cf4
K2LiVO4_Va_O2_0,mp-558369,K2LiVO4,O2,144,7fbd0b5cf1ffc62285f9d3c6338413c18fb38398556a13eb662ad0d5ae5fc8cc
K2LiVO4_Va_O3_0,mp-558369,K2LiVO4,O3,192,532430ae18b2c1f4ea93e072b372a99dbf4e0e0d3e541b2224fae297cbf2421e
K2MgO2_Va_O1_0,mp-755802,K2MgO2,O1,48,821f1ebf82acf6c39e8533d4f82154b70028d0e1663f8fbf3bf7ea4d1a6a4336
K2MoO4_Va_O1_0,mp-18914,K2MoO4,O1,48,d30209c0dd09f3339be0609d82e70e566b60cc88acb2ca5934d5f10e2ebce81a
K2MoO4_Va_O2_0,mp-18914,K2MoO4,O2,80,c7b43325be5ab6be12a56775383ae7b2e1bb5212327dfb9f5cc94d6919f89569
K2MoO4_Va_O3_0,mp-18914,K2MoO4,O3,96,cd226ecc21b2152d0ca0c2aacab772dd1c33928e84d8fc2ad3421c8049d75309
K2Na4Be2O5_Va_O1_0,mp-14324,K2Na4Be2O5,O1,288,0dd3e99ba88f6fcdd7f99b828de658f57d65856642669d715e6f54c2649c4c64
K2Na4Be2O5_Va_O2_0,mp-14324,K2Na4Be2O5,O2,414,f71a8acdb6893bea69e028286817afc56b57e4945735c4d7f11d904cebda53f5
K2NaTlO3_Va_O1_0,mp-560950,K2NaTlO3,O1,64,f3359d7ed3f86d2a539778e98bf9b7e95864fa999c0a62205119c31b96c8e0e1
K2NaTlO3_Va_O2_0,mp-560950,K2NaTlO3,O2,68,e6c24ecaac71ef7a76e188d4160b2a7749d1113f2aa01d0ee7d43f7fbc9a19b8
K2NaTlO3_Va_O3_0,mp-560950,K2NaTlO3,O3,80,af51812187d98a130803bacdb5ed3432949cb95f66919c5d697a28500eee337f
K2O_Va_O1_0,mp-971,K2O,O1,64,5bf1e88607d66f133bbbf86bb1a556768bf908f0e8d9fa11aaac3ec27846f3e7
K2Pb2O3_Va_O1_0,mp-20694,K2Pb2O3,O1,128,feed5f90427639c977309906999c41b1717888e2bd7678a0af57deb873fa1b3d
K2PbO2_Va_O1_0,mp-556517,K2PbO2,O1,216,f87c4f6958095e82965a6b615b83f215ef3fa19fe185df21e7634431c1340648
K2PbO2_Va_O2_0,mp-556517,K2PbO2,O2,234,0d5197a67cc58632666b6eed878d686fe412c47d43b162449d8797b55e3c62b5
K2PbO2_Va_O4_0,mp-556517,K2PbO2,O4,324,fd51361ca87f9d61da53a771a3b871fe8f406050b48dc8bcbde53ebe93924ee8
K2PdO2_Va_O1_0,mp-540584,K2PdO2,O1,216,f10b15c83e18ae9e19f655147306ca2c209d37e3bad5649b09ef367e941eb4be
K2Sn2O3_Va_O1_0,mp-8624,K2Sn2O3,O1,128,72dc7926f5cab7e590d853a57445e7880e45e3c3f8e044015b85a78b7dd27b99
K2SnO3_Va_O1_0,mp-17730,K2SnO3,O1,216,34abbee5c12f42e9087dbc1b462232e5cb590e2958607614785297d95e232e8b
K2SnO3_Va_O2_0,mp-17730,K2SnO3,O2,360,78994102cbc43875dcd804d28b4789e258e8ab410b3bcb24b32e2bdd62ca9b0c
K2TiO3_Va_O1_0,mp-13133,K2TiO3,O1,216,3f29e22459f96be7f3aa0d8e983794ab1e3a9352a2a1a8b75f809d68af08cc7d
K2TiO3_Va_O2_0,mp-13133,K2TiO3,O2,288,6e0b80d49094e6e1ec3ae86f8b17b5b45ada029aa76a37e6667ab1039886bef0
K2W2O7_Va_O1_0,mp-19037,K2W2O7,O1,48,35ea93ad8e1246da478e2acb3dab8e6ac0ed125975c8406818c2657f1759b0e6
K2W2O7_Va_O2_0,mp-19037,K2W2O7,O2,72,ac4cd2ea5c167fda2cf99d714f04c3cffec95d9de1690337ecee03e930af8f0b
K2W2O7_Va_O4_0,mp-19037,K2W2O7,O4,108,e2a06010c4b0355389bd3c69aef07b506a0df94c80d9d08b4f53b7c3ae8d326d
K2WO4_Va_O1_0,mp-18780,K2WO4,O1,48,200b031bc4627442bb7e975bfc263bb3da5211616f84590234a7d33617d2e52d
K2WO4_Va_O2_0,mp-18780,K2WO4,O2,80,d886c4f41e6d0107c5f8264958fc40775de77a8704b8516260f15517e1410833
K2WO4_Va_O3_0,mp-18780,K2WO4,O3,96,e6c6669700a460126f864429ff1573c18a221411c1c2cfc3f3c11fa16052f9e7
K2Zn(GeO3)2_Va_O1_0,mp-560398,K2Zn(GeO3)2,O1,40,5e1d0764fd92d835469f07abc5344a0a53e15675dfdbfe34f01a769cbab86ff0
K2Zn(GeO3)2_Va_O2_0,mp-560398,K2Zn(GeO3)2,O2,44,1ca31ce063967f77de3c4c8fb185ccf7d6df23c9698f2b269594bfcc49259b94
K2Zn(GeO3)2_Va_O3_0,mp-560398,K2Zn(GeO3)2,O3,56,3c9c042b655d2734506712a334aff51227c6a063dd6b9c12d7cf2c983465b83c
K2Zn(GeO3)2_Va_O4_0,mp-560398,K2Zn(GeO3)2,O4,64,93b3b631bce7547a30d8272b94ebcbcbdf0745817a9616c336af07e69a93a66a
K2Zn(SiO3)2_Va_O1_0,mp-555318,K2Zn(SiO3)2,O1,40,d06c7f8447fdbc774c0fd98450a168c749e5bc785f300db524be41c6c37c6dd4
K2Zn(SiO3)2_Va_O2_0,mp-555318,K2Zn(SiO3)2,O2,44,775518e5ae99542d743c9aa35bb02f5eb96dc7ac24f676b5f5a4c2cb154f64d6
K2Zn(SiO3)2_Va_O3_0,mp-555318,K2Zn(SiO3)2,O3,48,596599d6c26992383d6b6cb98e94363f54ddd78548df497c2c2051b26d8a4ebb
K2Zn(SiO3)2_Va_O4_0,mp-555318,K2Zn(SiO3)2,O4,60,13032def30f6d52d7cc851d3ffe99926df17a803e56da353fa4150fefef649ff
K2Zn3O4_Va_O1_0,mp-28371,K2Zn3O4,O1,180,ed1ec8226ee7d2cb237bc492e654050b31c02e8c08e5ce7ec4f843ada4556a75
K2Zn3O4_Va_O2_0,mp-28371,K2Zn3O4,O2,198,8926546a16dc0d156c1c9c93717da273c48719a7359f5dc693555820e049f9cb
K2ZnO2_Va_O1_0,mp-8187,K2ZnO2,O1,48,5eb0654fc8801db70cc505205a45fe773183aa0f157fd27dbc852b7a4ffc1f18
K2Zr(BO3)2_Va_O1_0,mp-8891,K2Zr(BO3)2,O1,135,c2017bddb04638f9c215c9b7742bd34907180f492f767a7e6d22a8bfa7b9380c
K2Zr(SiO3)3_Va_O1_0,mp-6600,K2Zr(SiO3)3,O1,48,a7b0045945b96eb5a2cc15d31fdaaeb4e7f238922c3d65ee9f3b384e1bd9d54b
K2Zr(SiO3)3_Va_O2_0,mp-6600,K2Zr(SiO3)3,O2,96,f383010b24af11203f38fb3fd385e6dc922045097fa5ed1f6d67f2d7a8a9d520
K2ZrGe2O7_Va_O1_0,mp-16871,K2ZrGe2O7,O1,40,687aea8a91adf8aacb2248bdd7984a1dc3504c138734a428d2767c9121faefb4
K2ZrGe2O7_Va_O2_0,mp-16871,K2ZrGe2O7,O2,44,754f77355f876bdbca673ad30cc2093926533841497090f9e7422f91ba3c115a
K2ZrGe2O7_Va_O3_0,mp-16871,K2ZrGe2O7,O3,56,32f85db4f974fd34b4203b47b7792ffdaad1ac0ec080b34ca8ba5c101d2ba63e
K2ZrGe2O7_Va_O4_0,mp-16871,K2ZrGe2O7,O4,64,5148a5db3d4d10211727b74cab7ef8762b4e416dc87d6a7806b64633773d4c42
K2ZrO3_Va_O1_0,mp-18449,K2ZrO3,O1,216,f7ae1479454930f1f9f927136eb2f2d8b29ff65f3beeb42a210460320b00f9bc
K2ZrO3_Va_O2_0,mp-18449,K2ZrO3,O2,360,ad7bbede4901a06166e0e939438421aef261ab7fd17ed117c8fd0217385b7ffd
K3AlO3_Va_O1_0,mp-9157,K3AlO3,O1,64,6c0970898920fcb14f52997746674b5f3b7d76aa20e4b7ea0ce176e486c7c759
K3AlO3_Va_O2_0,mp-9157,K3AlO3,O2,96,2d8d889a94f6a2c71960cbb9b0d8d52f00bbb8e8c733cce12192763f27f34621
K3BiO3_Va_O1_0,mp-29524,K3BiO3,O1,256,f22c1460936245fd8befe6e11dc739258ac0ac387a84a221707b10165bc4b77e
K3BiO4_Va_O1_0,mp-30120,K3BiO4,O1,64,58fca41068a9f1ad9f5be382da3d7d529c39c9e8610ed6b0d8c4bc897488ebf1
K3BiO4_Va_O2_0,mp-30120,K3BiO4,O2,80,7bcb5374e0b7feedab6eea81237b770e32947cc75dbb7103814d96aaf85278ba
K3BiO4_Va_O3_0,mp-30120,K3BiO4,O3,96,29806b3cdba313f3435aa538573333db0ffbfc637aaba3b71aaa17cea4782daf
K3BiO4_Va_O4_0,mp-30120,K3BiO4,O4,112,e39be4e8ea0f21aa55bcba5941a9d903e3efefeeec1e81f5e35756d1a4ac6239
K3GaO3_Va_O1_0,mp-13743,K3GaO3,O1,64,4b39c1a190ef2c1348d2063a307e4cee1587fe2c0eaf3799c09063ccf1639878
K3GaO3_Va_O2_0,mp-13743,K3GaO3,O2,72,a60c208ec3074a6bdfc9abeab0d6b0e6c22372f67833317c756e7a2af79e4091
K3NaCr2O8_Va_O1_0,mp-18964,K3NaCr2O8,O1,144,857b21d1e9511a4af5e65f271d3783944f7ddc6a472eab8a4a5c7c4f040e8efe
K3NaCr2O8_Va_O2_0,mp-18964,K3NaCr2O8,O2,192,e0db3e5ebdecf7da8df6161d5342d9f634ebe93bbc21af5d77b0e8a0bed7964f
K3NaCr2O8_Va_O3_0,mp-18964,K3NaCr2O8,O3,240,7a2fbff6ec9fbb53ed9d3c370573da846bfef8438cdd90f69fbbf6b7e1d7fee5
K3SbO3_Va_O1_0,mp-17250,K3SbO3,O1,128,e4cc1b2a77a6c167156277aff284de3d72c524c0f7ea950058c9de69f8863652
K3ScSi2O7_Va_O1_0,mp-557577,K3ScSi2O7,O1,108,5061d36f61422ac8215b1e6552c8e965e384cb602c36be4d97c6e21b6cb21d5e
K3ScSi2O7_Va_O2_0,mp-557577,K3ScSi2O7,O2,216,664e4789669887c7500b131402c9534038e816fad0d09d7685dad2a68e2abf97
K3ScV2O8_Va_O2_0,mp-1104363,K3ScV2O8,O2,144,8a44e3fc4427b0847c5d76fb8934f3b46b74e7c667d2ba74e30370ffecc3e8ab
K3Ta3(BO6)2_Va_O1_0,mp-9870,K3Ta3(BO6)2,O1,160,2670a893878064067260c884482b72f35c9e895205ac8fb574e56a386fc8920e
K3Y(BO3)2_Va_O1_0,mp-555495,K3Y(BO3)2,O1,216,a41bd33cff1eaa118200523b119c8c026d6f6bc77e7fd67b3654673493be3061
K3Y(BO3)2_Va_O2_0,mp-555495,K3Y(BO3)2,O2,252,037628829cbd6cb5680083e1c87042535d74216340df435720d6005ba71a3ca2
K4Be3O5_Va_O1_0,mp-28158,K4Be3O5,O1,56,c7f31dd21898ffc3be5f06e0f838a3cc3e2478d941a888f253c9d5fc133e59e9
K4Be3O5_Va_O2_0,mp-28158,K4Be3O5,O2,64,cdce6c6a52012c116e8764d48ce93e91109ae707519ae9d714ec1d6c5bffdd75
K4Be3O5_Va_O3_0,mp-28158,K4Be3O5,O3,80,42d7273efe5fe852fd704406c6e17bdb032d432b205e4ce2c52d353c12ee1867
K4Hf5O12_Va_O1_0,mp-974482,K4Hf5O12,O1,36,ce4d96f326a458e5b50470b04b500db95010c246f09d1c335afb9237980b0c37
K4Hf5O12_Va_O2_0,mp-974482,K4Hf5O12,O2,60,dfcf57f37f34c53b958d0164285cf5752d1c7b6ad7772a32f975db5de520887c
K4HfO4_Va_O1_0,mp-1211649,K4HfO4,O1,180,80ee663a010d0169c14999a7287c756e04be2f4fe0daa8aee99f733684c5bb60
K4HfO4_Va_O2_0,mp-1211649,K4HfO4,O2,216,c4296ea4b15efe71174363c250a498d57d4bcb3b7e011e0407979b44318bd7d8
K4HfO4_Va_O3_0,mp-1211649,K4HfO4,O3,252,2fff4766595f218964563cb25e4242e69fe426eff31c80c0eb2cec2126538457
K4HfO4_Va_O4_0,mp-1211649,K4HfO4,O4,288,bc9686d952544237059735e18ac4b1f2ec9d0f73f253f34f08c3559574526d54
K4PbO4_Va_O1_0,mp-22328,K4PbO4,O1,180,1a472ca91f16c47035ebcdc3faa0dfdd48b1b54aa6b1da5b87fe064667d57e3b
K4PbO4_Va_O2_0,mp-22328,K4PbO4,O2,198,cf1fa068b4594956b6cd0e95bb8318b7b53a6353df26c782ed25b3bcfb713433
K4PbO4_Va_O3_0,mp-22328,K4PbO4,O3,252,9227b2f27813a5a0b5eb15e3360986a9492067b54420982b5b9fe7ed306a2782
K4PbO4_Va_O4_0,mp-22328,K4PbO4,O4,270,b36131b2e68b1903db9bd4c554a77ce804f5246287d824ff72e13df8e50f2069
K4SnO4_Va_O1_0,mp-7258,K4SnO4,O1,180,c64083854720e17f0886a9d5c47737479627a579e51c69d3968cc11297ac7834
K4SnO4_Va_O2_0,mp-7258,K4SnO4,O2,216,9609220d632f7300c1699628998359f85860c4aafe0077892649563627c9781e
K4SnO4_Va_O3_0,mp-7258,K4SnO4,O3,252,3f0cd280fe21de0674e3edcf2da1d9e3a3815da36beb15ba35ef03bd5320a509
K4SnO4_Va_O4_0,mp-7258,K4SnO4,O4,288,763f5629b3e422511690af12b774a88209fd411d878c373b54548e2913e35794
K4TiO4_Va_O1_0,mp-756510,K4TiO4,O1,180,a96e608e4ed0720895214aa3d61703dc485499cee909a9a410087d22be3df463
K4TiO4_Va_O2_0,mp-756510,K4TiO4,O2,198,d8131f903cfc731606c01b09294b230f935168a18a2bf77d4b060f3785bbbce2
K4TiO4_Va_O3_0,mp-756510,K4TiO4,O3,216,e80e5abbb67e32ff6e3ee18183dc32eea3aa9518809ec248ad3b44ae61bc3eaf
K4TiO4_Va_O4_0,mp-756510,K4TiO4,O4,234,e1d807ca75eb6099e79f7a624fa4837baaf843cb808ff5476aa68da329371071
K4ZrO4_Va_O1_0,mp-1211624,K4ZrO4,O1,180,0721822785a3dbcba10cb0b7cce5c556a029b974bfc5bef3ce65570d56c11b5e
K4ZrO4_Va_O2_0,mp-1211624,K4ZrO4,O2,216,d9abfc746346c50919a7f38af1e0c3c00c7ec7af5f0c8be8ba03f928e134dd6d
K4ZrO4_Va_O3_0,mp-1211624,K4ZrO4,O3,252,cd17cc289d16c8898c2de898e251da6784b76b9d491e639ec089b11591aa0b8b
K4ZrO4_Va_O4_0,mp-1211624,K4ZrO4,O4,288,14fcc775719284ed937f23142ddb26584a84966434074c4790ae16c865681767
K6CdO4_Va_O1_0,mp-17161,K6CdO4,O1,168,5752cbc8b5a5edb6d7ebe0935577b6b0b83bb67cc2008f32010d0392671a81cb
K6CdO4_Va_O2_0,mp-17161,K6CdO4,O2,240,2789f59704a5bd17ebe74abf815fb67f7aa8a227340ed8315036edac2500572f
K6Si2O7_Va_O1_0,mp-30990,K6Si2O7,O1,192,ba96fc60a1f6150af4fa2ae50853bd5c9c90bdeeb6d92094063b2558737aa9ac
K6Si2O7_Va_O2_0,mp-30990,K6Si2O7,O2,204,28958dc458a96cb696de96822c3c1db2bde1821cffbefacbce07b6ed58f9f141
K6Si2O7_Va_O3_0,mp-30990,K6Si2O7,O3,252,1ba3e3d3d82084296894dbdfa4effc8e43cc254cb3fe4ff314eea24d8d7d57c3
K6Si2O7_Va_O4_0,mp-30990,K6Si2O7,O4,300,5d2c71449ee415c71e75463d735dd437bc8938c3d56d05ae6b176f4bfa52bc10
KAgO2_Va_O1_0,mp-997088,KAgO2,O1,48,5fabd53a66356bb5a636e54dfa24e0e7eb4ee994a8a885b25591dc45abe755dd
KAgO_Va_O1_0,mp-3074,KAgO,O1,256,e0213bcd8c9ae0c5e8788ee4db76d6703b1c24642fc95b18ab3ccbbf5dac56fa
KAsO2_Va_O1_0,mp-30298,KAsO2,O1,96,47f5e8cc4426145f1fef87c8d15e2f5a4adc9d60abb667594ec1d7a0744c1640
KAsO2_Va_O2_0,mp-30298,KAsO2,O2,144,507d5b4885d88d8e9105be4d732cc5c329f07f84242fe74b335d6e335e851ddf
KAuO2_Va_O1_0,mp-997002,KAuO2,O1,48,99ee6d903311332b597e170ffe58c0db1889986f9d03e8d0ca2e044ea03905c8
KBO2_Va_O1_0,mp-3919,KBO2,O1,72,4a217dd0af9ed271f5648568dc4ff3456d23ca2195c3cb288cb35f65371c467a
KBaY(BO3)2_Va_O1_0,mp-1223458,KBaY(BO3)2,O1,135,412deaea9772c3bfab06cee22d669c25bdc84d8b58dac04388cef49dc27eb91c
KBaY(BO3)2_Va_O2_0,mp-1223458,KBaY(BO3)2,O2,216,1575f16da0ecf3109f4ff3eceedd1b0c7f72b6e9a4fa2d9d8e353f72301c005f
KBi(WO4)2_Va_O1_0,mp-23136,KBi(WO4)2,O1,128,1dde1d4287527b08698396975b1fb7cb8fc6464dd3df4a877601b99e86c85864
KBi(WO4)2_Va_O2_0,mp-23136,KBi(WO4)2,O2,192,1e6de59677ec0d29efbd761a2b3fc08e634030bab84469f139cfdb690142fbba
KBi(WO4)2_Va_O4_0,mp-23136,KBi(WO4)2,O4,320,719d80f09720ee7a37483b5627bd34b922d38423ff5b504b35a17f530a1c7bc1
KBiO2_Va_O1_0,mp-30988,KBiO2,O1,96,94796a16ca2f9196c3eb43d76d9d5e86a5d0ce368d661ac8e505bea12bbd2dbf
KCuO2_Va_O1_0,mp-3982,KCuO2,O1,32,cf4fd48a8bf72960d81887f6563001217d21e2b878b5763fbf9bca7e751a4ba7
KCuO_Va_O1_0,mp-7911,KCuO,O1,192,5ace6b11f58ceb7e03edcb87aa8c04a701f343050b7e28cc3aa3b511240fc5ca
KInO2_Va_O1_0,mp-1018031,KInO2,O1,216,f8e3a6babd60abdd1e1883ec4de70caf623ebbcfc1d949304feb8e9ae7f7987a
KLa(MoO4)2_Va_O2_0,mp-1211443,KLa(MoO4)2,O2,192,9593143df21025b14206d050d534001119235d85dcf918f3b0b0b729da20629e
KLa(MoO4)2_Va_O3_0,mp-1211443,KLa(MoO4)2,O3,256,4eb31f6a5a404812d09582eff538467bc11b60015b370953461c1725ae17e656
KLa2NbO6_Va_O1_0,mp-554034,KLa2NbO6,O1,32,eedc1ab1ea5b3dd5451943f7299e967c5872cb614fff3d008939622810178347
KLa2NbO6_Va_O3_0,mp-554034,KLa2NbO6,O3,44,7efac0a14ac3adfa40e74e35a0ed6b7559f5d5e009045fed06d6c70a47dd80a9
KLa2NbO6_Va_O4_0,mp-554034,KLa2NbO6,O4,60,0aa9147c10a0537cf05e6f890182fd4487f36177a558e8c8dfacc94cae91c1b0
KLaO2_Va_O1_0,mp-7958,KLaO2,O1,150,9c0dd752ec37d2f0a4399318536123fa8909bff9b60f897bbe584addcc8826cd
KLi2BO3_Va_O1_0,mp-558628,KLi2BO3,O1,128,ccbae7640cac53471dfb841bf1897d23e495e9f879e6a2ad661523b135c75b1a
KLi2BO3_Va_O2_0,mp-558628,KLi2BO3,O2,152,0584b265c07cd495e376c32cd6c2b3c13d20e0aa256079a388cd4af691e3eb65
KLi3PbO4_Va_O1_0,mp-559106,KLi3PbO4,O1,80,7cec11dd83e17a11763bd7ac7322d83d0d7a09a0d258aaeb51f3fcccd9c82f61
KLi3PbO4_Va_O2_0,mp-559106,KLi3PbO4,O2,88,d069099555ea799295999af6d7a6d20e60fafbe920ee3a668e36609862d7c688
KLi3PbO4_Va_O3_0,mp-559106,KLi3PbO4,O3,104,8ea6a9d41d0862973351a3487c01ff12533fbf618484c60cc9339594d76fd0d7
KLi3PbO4_Va_O4_0,mp-559106,KLi3PbO4,O4,120,97998ed05831cd81ee30f48eedb2eb8ff6227245a6250de731ee6c724b49fce3
KLi6BiO6_Va_O1_0,mp-23582,KLi6BiO6,O1,192,bd41c847bf70faec781b13ad475c3db6dc1404315cab468b3dc809668cf54985
KLi6TaO6_Va_O1_0,mp-9059,KLi6TaO6,O1,192,1a112b27c4ad96ca42606277950f1a01f0ed370852f022b51c9d1ed2ff08adcc
KLiZn3O4_Va_O1_0,mp-1223469,KLiZn3O4,O1,80,695c97c15db8158cda45552a810ded60938474ab366a7e7062839cbd27d6f2ab
KLiZn3O4_Va_O2_0,mp-1223469,KLiZn3O4,O2,96,c951de48976a3931e31436ab272dcf1506b109f4321d30c00880420edf4d1f69
KLiZn3O4_Va_O3_0,mp-1223469,KLiZn3O4,O3,112,514e0a5abedae6bca676e85c7e6c4cdb04aac5990ddddee6818e8c2c649f575b
KLiZn3O4_Va_O4_0,mp-1223469,KLiZn3O4,O4,128,baa025b12194ba66b5c3d9a29089ee7b8828695aaf620025c4eb63e8e75751a2
KLiZnO2_Va_O1_0,mp-551092,KLiZnO2,O1,36,01d20320e91841a05adc7153efaff1eb38a6cc3f3a51ff21cb220b8822ccae1f
KLiZnO2_Va_O2_0,mp-551092,KLiZnO2,O2,48,ad4c7a0a2a7116d0b290c9b6b0cd647c46660679c65d68e4a1acecc4aa321e5c
KMgBO3_Va_O1_0,mp-1191101,KMgBO3,O1,96,eb200f8a07bc21d0f903c359c75eb8ca5a784afb275fc41c002d46e4a8c623ac
KNa2AuO2_Va_O1_0,mp-559067,KNa2AuO2,O1,320,d51577305c3961e5934d5b701414d3a822261fb42871f9beb84f0718ac114ca1
KNa2CuO2_Va_O1_0,mp-545359,KNa2CuO2,O1,64,e5ca478a15dddbb30117fb79232c724dcb1438952690216e4979132c494ec320
KNa2CuO2_Va_O2_0,mp-545359,KNa2CuO2,O2,80,841a1e6633b42053e7100280d49ddb4f856878d54248ac216494f28eafcdc1c7
KNa2GaO3_Va_O1_0,mp-17785,KNa2GaO3,O1,64,8b3da3e96ca404471e010adbd912046d31c1669084cd0f4f1510ba99cc9ea187
KNa2GaO3_Va_O2_0,mp-17785,KNa2GaO3,O2,68,a08a94d0cec3ac1faf3a1a50621fb6055611936749cb127626041b76ae1101f7
KNa2GaO3_Va_O3_0,mp-17785,KNa2GaO3,O3,76,eabf4643fc2dc2ff9e3003e366e9f95c1888fead70d113a3501dba6cebd0dc9b
KNaGeO3_Va_O1_0,mp-558085,KNaGeO3,O1,72,d8d7baab55904df8ec8d2fcec8c21ddb258a796973b94553540a3bf7ec03f81c
KNaGeO3_Va_O2_0,mp-558085,KNaGeO3,O2,78,a2392ee18bbb228b5c35336e05f1a15c5e200e74435d6c5ab9cf3e5a4aeb7860
KNaGeO3_Va_O3_0,mp-558085,KNaGeO3,O3,84,3ad29e6404e22f76f2c6036ce861b36b3e3cb535c8b86c580a53441974f5c11b
KNaLaNbO5_Va_O1_0,mp-10942,KNaLaNbO5,O1,128,988042d20b67d89a1782619f72d270cce0e84d7d899865ecb056569b5a097414
KNaLaNbO5_Va_O2_0,mp-10942,KNaLaNbO5,O2,160,65eb3c494527a8a53ccc18c3408566c138aece51f72f6f7f20d931eb3a493b8a
KNaLaTaO5_Va_O1_0,mp-861868,KNaLaTaO5,O1,128,44e55ddb59d3e3145be41e44131b495ea4b51d83d74560e46b04057a03219f3a
KNaLaTaO5_Va_O2_0,mp-861868,KNaLaTaO5,O2,144,942011dbecf02e45eb98cfff26eb383c3d1f1faffb54c4eb3e4aa259ce5a69f1
KNaTiO3_Va_O1_0,mp-560767,KNaTiO3,O1,48,6e0c281630fef927ee1821d6c247810e1f48b84ceabaf6a26bc5f0067f316346
KNaTiO3_Va_O2_0,mp-560767,KNaTiO3,O2,80,896aa7aaea5331a2fb4bd9d4bfa229f89f5c278c2e7d150e95636cf80a1234a8
KNaV2O6_Va_O2_0,mp-19432,KNaV2O6,O2,48,888ac7ffcd6c722a02c4364ec1d670456d40bbd2c64584ce25e0210b18618aa1
KNaZnO2_Va_O1_0,mp-557183,KNaZnO2,O1,288,ca4e00b3643940d14358396d5d1968fee88d1e574eb477796af11d657aa720ec
KReO4_Va_O1_0,mp-4757,KReO4,O1,32,7e94590e9f7da04ede93dc59c2becdf32f21652261e15ddbeec60266b8cf1f6f
KSbO2_Va_O1_0,mp-10417,KSbO2,O1,96,1a8ebffa25fa02cef69d2b09493b976b32845d8d44024119c84112dab9877c71
KSbO3_Va_O1_0,mp-547792,KSbO3,O1,108,e17d6dc6e6e7bf069ae295e70072620e2252c07200b353b2ed6a234d4dbc360e
KSbWO6_Va_O1_0,mp-1223347,KSbWO6,O1,144,99a86818f213d6c79a68cc8689b914e6aa4f97739de55f1d2ec65e638bdfab48
KSbWO6_Va_O3_0,mp-1223347,KSbWO6,O3,192,b51d1647ed29da52fdf0c2ee2eeeb34b1b83694a239b4f9eedeeed2ab0fbe474
KSbWO6_Va_O4_0,mp-1223347,KSbWO6,O4,216,f94e58a348c528518d73d7fd36377bc2429fbffac0c25de17d955caf407c66ff
KSc(WO4)2_Va_O3_0,mp-1211497,KSc(WO4)2,O3,256,af44104de30a49beb60713bce695c0afdf23bdeff73eb407d96ac45fa88762e0
KScO2_Va_O1_0,mp-8188,KScO2,O1,216,c1592d2a133f2b83ea69b992e585672ed3d3e9236cf003569d5012987aeccb3e
KSrVO4_Va_O1_0,mp-556966,KSrVO4,O1,144,e17b839aed23b65ac89fe2904470bee16727e54e16cd1ae1df998f7526783d89
KSrVO4_Va_O2_0,mp-556966,KSrVO4,O2,156,fa30070622c7d12e2e324dd5aced257e91a1b27142696ac950aafa1d9523ffbd
KSrVO4_Va_O3_0,mp-556966,KSrVO4,O3,180,626f531f99ba9cedeee3677e2d79df724de7e8f38bac53f35ab5e74c1394b664
KSrVO4_Va_O4_0,mp-556966,KSrVO4,O4,216,c9f221e4b3a9529aaab221e0beba6c00c3d7e1ef369ad171380fe01deb0030bd
KTa(GeO3)3_Va_O1_0,mp-540631,KTa(GeO3)3,O1,40,09fb873aa3e3b47f38cd4c3a0c27970d7bc928aa7e5b031ad87ffd1a58ce268a
KTa(GeO3)3_Va_O2_0,mp-540631,KTa(GeO3)3,O2,64,f0e02c07ca05dd99b05544500a41a5ddd80c6c439b46ff18ad150b78f6580a72
KTlO_Va_O1_0,mp-27716,KTlO,O1,64,790e7331eae26caab88fec890bb3c880d0001b66b625921e8d46f3d1ce2cda20
KVO3_Va_O3_0,mp-18815,KVO3,O3,64,ee62aebf82cfd0ea4212403ed9da3cf48e230d69d1100fa93bd61687c2842340
KY(WO4)2_Va_O1_0,mp-510264,KY(WO4)2,O1,128,b69f3d7dab7f123ae853a7f22f38145c4c45086785651f1c5ff33d9436da0e59
KY(WO4)2_Va_O3_0,mp-510264,KY(WO4)2,O3,256,1f3a39f0187c1c6e7151e0adb41129983801ff99d0ac6542179cd0ecf12a5567
KY(WO4)2_Va_O4_0,mp-510264,KY(WO4)2,O4,320,5115c4893eabe272cbc637379ebc5a3b068f3b1dc84a25719005c63ca6147e1d
KYO2_Va_O1_0,mp-8409,KYO2,O1,150,e99ec82dc0b3def215cabce477b831b4caed36c5594c57cd21ae252b175381b4
KZn4(SbO4)3_Va_O1_0,mp-863678,KZn4(SbO4)3,O1,48,87dc1f94a96092d88b94cd61bc454c09f99edb144301dac95af9b53cf6998721
KZn4(SbO4)3_Va_O2_0,mp-863678,KZn4(SbO4)3,O2,60,29b638447a72668f109be698e07af480c7080557f0a1a327ce8058553642cd08
KZn4(SbO4)3_Va_O3_0,mp-863678,KZn4(SbO4)3,O3,84,1611fc88cdeb40e86070cda67d8d7b9ab5637453b404af5ae3181ce9356febda
KZn4(SbO4)3_Va_O4_0,mp-863678,KZn4(SbO4)3,O4,102,89fea9c6a1e6364d143965812ec15790633aaadb53ccfab15bf0b665332156cb
La(SbO3)3_Va_O1_0,mp-31418,La(SbO3)3,O1,32,cc6f9551b113cf3ff5d9f49030100fa5c2704518156741b540e3ee2dcc0d2b6f
La(SbO3)3_Va_O2_0,mp-31418,La(SbO3)3,O2,40,b81559dac65e068834d9439952b2ff811c06b8d4a4b9460ec6e0b7b76b053318
La(SbO3)3_Va_O3_0,mp-31418,La(SbO3)3,O3,56,57c2edc7de0a5be950de9562a50a74b431375eb6e2b5285571c840319cd9131a
La(SbO3)3_Va_O4_0,mp-31418,La(SbO3)3,O4,64,90a1666cdb100fccc785595d36a0006d1fe418c9ef1881025ddf53b59bed850e
La2Be2GeO7_Va_O1_0,mp-19926,La2Be2GeO7,O1,120,764fddbfe48270fa04798042c5a1be2158e8b910e02dd2b9f8a572c5d99ea51b
La2Be2GeO7_Va_O2_0,mp-19926,La2Be2GeO7,O2,192,c2bbed06c591bfbef5b8103d1c91a07ac157d9a167878b879b8bf1173e9f9f71
La2Be2GeO7_Va_O3_0,mp-19926,La2Be2GeO7,O3,216,a4db4faabd3026256a64020206dead206e56a881f2865772a76b8a8c06afc8bd
La2CrO6_Va_O3_0,mp-556104,La2CrO6,O3,128,1075a6299271e30fa306e135ff96e2c96b8b5786a774edfe2366fc94ebcc2166
La2Hf2O7_Va_O1_0,mp-12533,La2Hf2O7,O1,32,63032250ab134b54ff4bf74aa453ae0c26f35f1af3a90062aa8726e00901b936
La2Hf2O7_Va_O2_0,mp-12533,La2Hf2O7,O2,40,a9f30fdffc0f93698b3f29509b81051bee1c4b87d9a8e9958263cb8f900e5412
La2HgO4_Va_O2_0,mp-779287,La2HgO4,O2,42,4f523fccbf709dc7e1632d041b432c61d6cd19119ebe1154e0fc9564f7d76fc5
La2HgO4_Va_O3_0,mp-779287,La2HgO4,O3,48,965a4c7a6e655845fc858d80ad213d041208250ac3b2839f529d121c75c77fd4
La2Pd2O5_Va_O1_0,mp-560340,La2Pd2O5,O1,192,6e7816c5d9193689a47546cb94d234a45adf6528ba2cea57387c43541d408039
La2Pt2O7_Va_O1_0,mp-755026,La2Pt2O7,O1,32,722b08044fa02abe73510d46ee67d3d36927b3221a06a0c4e176c8a3dd9aa5e0
La2Sn2O7_Va_O2_0,mp-4086,La2Sn2O7,O2,40,e50610387240a2498c69ecd8801b9cbf2c6f0804738ff37a0db125d395704f13
La2Zr2O7_Va_O1_0,mp-4974,La2Zr2O7,O1,32,4c74cc837da7ab265a04554721cf3031074b3259addd07a3cc32ad94b1f3dd76
La2Zr2O7_Va_O2_0,mp-4974,La2Zr2O7,O2,40,daa49ee78c3bd18df0abffcf902bcc2cc494fa9795f985d273422dfa067ce1a8
La3BWO9_Va_O1_0,mp-554773,La3BWO9,O1,120,6d50ddaba09c9ab4febc6104dbc3277858526f38aa65f2829b089d13609fa47b
La3BWO9_Va_O2_0,mp-554773,La3BWO9,O2,144,fc16e09fd476aaf02ea3d9bfd7b06f9c15c1640223f05dbf14cab1e844e127f0
La3BWO9_Va_O3_0,mp-554773,La3BWO9,O3,156,9bee52f1989773f1048c0b59a39ff86e54aa7486709b563f54c3438256f16aa0
La3HfGa5O14_Va_O1_0,mp-1211281,La3HfGa5O14,O1,108,1f6683fb2b2b900df68969d3d9fd44923d5d23628db34abce382d99a7deab204
La3HfGa5O14_Va_O2_0,mp-1211281,La3HfGa5O14,O2,180,e7abe51df023169bee85d3c0f8215cefbf7ed29827a80c9e389a37fc24b8ba9a
La3HfGa5O14_Va_O3_0,mp-1211281,La3HfGa5O14,O3,204,4a93562ce05af1121d8363d74189cecf5a8ab289dbf1047745bf350d84e44355
La3SbO3_Va_O2_0,mp-1104307,La3SbO3,O2,60,a15ef24a0b05f4d225a053a7fb0c58187595b078c5998b089f65946bc0759dac
La3TiGa5O14_Va_O1_0,mp-1211258,La3TiGa5O14,O1,108,94d6c64ce0fcae885549049b2a6136828792dce3d0523d01cd2affd23c547d86
La3TiGa5O14_Va_O2_0,mp-1211258,La3TiGa5O14,O2,180,4f83360af0161b7afe156811a511096096fd0edcc24ff9aa6e7dedb808120fa6
La3TiGa5O14_Va_O3_0,mp-1211258,La3TiGa5O14,O3,204,788d4913372153972139cc3f1dd4a03ccb0a3263e06fa889613ed7f0682a5a53
La6WO12_Va_O1_0,mp-755135,La6WO12,O1,168,cd75454378c077567a0a4e42fe9a830067cab7c5ae1cc6435e663fca0762aa4a
LaAgO2_Va_O1_0,mp-754535,LaAgO2,O1,36,cde8d280154045f5b54da8fbf2b8f89ba71046c8ad93f1b1ebabe2ee68c156b5
LaAsO3_Va_O1_0,mp-1079050,LaAsO3,O1,144,749282c11b2be7eed29322a3235cfc6e6c54f1eef7676d33920bcdc63a45503a
LaAsO3_Va_O2_0,mp-1079050,LaAsO3,O2,216,81e86bc386d3f3412a4bd5d48911e681091d5ec15399aa5f49bf330178d9fc6b
LaAsO4_Va_O1_0,mp-772261,LaAsO4,O1,64,e5edc4e8ac1a9693e1c0ec1c308e16294601c0bbcf377b21d8b5609ed6ac8a5a
LaAuO3_Va_O2_0,mp-28853,LaAuO3,O2,72,3dbac961978aec9c401decd97735cadc17ed19d14f5a1fa03b04d277d215cf94
LaBO3_Va_O1_0,mp-8216,LaBO3,O1,144,91855f66e5176a56c5b95347a4d3ec07f805b6b80df9123e601f0936e711c904
LaBO3_Va_O2_0,mp-8216,LaBO3,O2,216,b9cd4a0cdc138d7b6603b40d475f8ab4745281b3c93798e17581a216f1391e24
LaCuO2_Va_O1_0,mp-20072,LaCuO2,O1,96,a68266b3896168761c6a8171dcd5f0f3fb80db52f760b88a20e288b4e7545255
LaNbO4_Va_O1_0,mp-5295,LaNbO4,O1,32,1b0c2aa38d7344e4e1862003a058968b68290b4158c469739c8fe3d072f3f66e
LaSb5O12_Va_O1_0,mp-31419,LaSb5O12,O1,72,4a0c429a6e499b9452893d9cbfa620b88d99c18a29c99e39094c929066b86796
LaSb5O12_Va_O2_0,mp-31419,LaSb5O12,O2,144,c094ee00d4f3a3ba5212135645e458fae64c1f752eccf84673aec504cb1d2dd1
LaSbO4_Va_O1_0,mp-1190427,LaSbO4,O1,72,a3501f310d37e6b54c1fe45795993b509436788021c0f717d9cb0720ef1f0c50
LaSbO4_Va_O2_0,mp-1190427,LaSbO4,O2,108,2c8561fa81e9a8f5f2d39cc3f424e6fb8c91edbc6fd4efe52dd1cd9881630b36
LaSbO4_Va_O3_0,mp-1190427,LaSbO4,O3,144,be4003d8e14921bdd0a0cdc87333bc3253baad213c5b2ba35e453a4d1e1d1024
LaSbO4_Va_O4_0,mp-1190427,LaSbO4,O4,180,5219b7ddbb4b6f698907b8b469f2b071ca8f37ebe899eb56cad966c4f65f06ac
LaScO3_Va_O1_0,mp-31116,LaScO3,O1,144,f6076a6624bc95ab7cf0ff8e79ccb78ee8f2c58cf67d1eb045e51e8a8a62ccd8
LaScO3_Va_O2_0,mp-31116,LaScO3,O2,288,1c46482de372ac33adfae083167bb7675cb3f1a365d8e595748a6a09924e844f
LaTaO4_Va_O1_0,mp-4421,LaTaO4,O1,96,89c2461e5b17918e3b17d99125ebaf43f9c7ea01da680556591c24cbb57e1a19
LaTaO4_Va_O2_0,mp-4421,LaTaO4,O2,144,56ef3092c52e81116a0b759407ed4240ddacdc80f6fbe6d5ae720604f63880b2
LaTaO4_Va_O3_0,mp-4421,LaTaO4,O3,192,e61ad671779ac0b55f23221055c8698f631c029317b574c34eae5e85aa02e558
LaTaO4_Va_O4_0,mp-4421,LaTaO4,O4,240,ed510ba0a23460fae2f829f9046a81e2cf03fd81839555f874ed62868f5406bf
LaTiSbO6_Va_O1_0,mp-1222719,LaTiSbO6,O1,81,b1bb22b00b766476e483e42b033cda09368e4819011d7b86f9582071ce7c4629
LaVO4_Va_O1_0,mp-19162,LaVO4,O1,64,71324a21a3297f75c40d3fbde4da939eeb39def9a94341d4f123bf187c880582
Li2BeSiO4_Va_O1_0,mp-8070,Li2BeSiO4,O1,144,8fc9887e8bd57658906d3bb10c57c53822f6303ffd76ebfd1ec1193b21f3b965
Li2BeSiO4_Va_O2_0,mp-8070,Li2BeSiO4,O2,162,6b0029f6ada86d9c3668f88cf39d241a930bac47d43b376088c07be7545a48e2
Li2BeSiO4_Va_O3_0,mp-8070,Li2BeSiO4,O3,180,c365cdbc13e1696d478591da14650c2a7271f400fd9b74014ee46a528e841e40
Li2BeSiO4_Va_O4_0,mp-8070,Li2BeSiO4,O4,234,7164adb51bf4508acd69bcd34c3ae5ebf92712ed47e8c7c76ea31cc5488b1a7e
Li2CaGeO4_Va_O1_0,mp-7611,Li2CaGeO4,O1,128,7527eb1ae0875ce1335ba058b898da8bd5e10d4280b1ece7e7626609c926506f
Li2CdGeO4_Va_O1_0,mp-7688,Li2CdGeO4,O1,144,cd5718d51e6358a400214473fb28e59f227ac791372a3c3b9c16a02a5a99124f
Li2CdGeO4_Va_O2_0,mp-7688,Li2CdGeO4,O2,162,19fa349f1971309984053482f9fdb83502f1ad878f58da31ca948d767fc7e4ff
Li2CdGeO4_Va_O3_0,mp-7688,Li2CdGeO4,O3,216,e2480978138e919232e6dc8b35729563055827dea67243b6f96b1e99cdaf6c84
Li2GeO3_Va_O1_0,mp-15349,Li2GeO3,O1,48,b2f28a6799cb3f0370c68c8fda969332a51c919ce481060369e829457de6e56b
Li2GeO3_Va_O2_0,mp-15349,Li2GeO3,O2,56,dbc016594921223b72494b51f070b575faffdbdc92b3f1e71e7f72b279208223
Li2HfO3_Va_O1_0,mp-755352,Li2HfO3,O1,216,d5e80bd2ba8e4e69cdaae34b8e6aadf32e81088116c7bd6f2e893ed6e3b04337
Li2HfO3_Va_O2_0,mp-755352,Li2HfO3,O2,288,3c436b0b88aa321aaa9204fe0313cc8f9ef37df46e0e3ec42a28278ed5bde7d2
Li2HgO2_Va_O1_0,mp-1206880,Li2HgO2,O1,108,f601bd10ab97215c7aca078e526b37bdf2705a21f10ba94c8e6cf2cf2e25540f
Li2MgGeO4_Va_O1_0,mp-1210797,Li2MgGeO4,O1,216,997321f2de92a32df61f5690e1609dfd3dfaa199ae452802acc974d2b2cb12cc
Li2MgGeO4_Va_O2_0,mp-1210797,Li2MgGeO4,O2,270,3b26c6ba5f6ee420b679aeb1cd20ba94789f3e68be35e73cf96cab9e4511931c
Li2MgGeO4_Va_O3_0,mp-1210797,Li2MgGeO4,O3,378,087485f3043252ca4f6d2631f7394ccbef3949049baf5e6daea54087c21478f4
Li2O_Va_O1_0,mp-1960,Li2O,O1,64,f1fa314a4956b77afa7cd2641ca0037918d80f557d5e92aaad182a5f86894d2f
Li2PdO2_Va_O1_0,mp-7608,Li2PdO2,O1,36,59aa0d8eede5d3af09b01d84dd11a162e97778311725cbd3afc5281f3bf407ca
Li2PdO3_Va_O1_0,mp-760483,Li2PdO3,O1,48,fb641058d661c8a7e023f69373432bf3ff92da4d5efb936b6ff64af754c00d3a
Li2PdO3_Va_O2_0,mp-760483,Li2PdO3,O2,56,037cf6ea6d2c77bfa237a1e3399c359d7434c77261eb672a3d6db05bc5a9c1ef
Li2Si2O5_Va_O1_0,mp-4117,Li2Si2O5,O1,144,c700961e69953bd4ba57036e5890cc5887a4a2015af3f86f764afd7818a07c15
Li2Si2O5_Va_O2_0,mp-4117,Li2Si2O5,O2,180,917a6c347c712b0c10f43c93f32856258a5b9c95e098a3ca738916ceb465094a
Li2Si2O5_Va_O3_0,mp-4117,Li2Si2O5,O3,234,498267b6d7e912ee697d968d2dd2b9f2c10d8f9319f359daea7ecc3004cccb78
Li2SiO3_Va_O1_0,mp-5012,Li2SiO3,O1,48,f7ebae3842d356205b33e429e761697e118cd8a1dd82855b0cc9285c3bf8ed3c
Li2SiO3_Va_O2_0,mp-5012,Li2SiO3,O2,56,780a2164f5c6da223ea07eea23688324cbcf6e9199dd2b21bf194eb0bfa925ce
Li2SnO3_Va_O1_0,mp-3540,Li2SnO3,O1,48,f9c589fed70437490196014ade41cdd83b6b35013bbb10b8cf579bf3f7f90e61
Li2SnO3_Va_O2_0,mp-3540,Li2SnO3,O2,52,ebac0b5cff9bd2412c66c6ea34d554392eff5b740c496f821201bcf56d1da592
Li2SnO3_Va_O3_0,mp-3540,Li2SnO3,O3,64,4e2c4d4b2a2db7a7acb06f651aa1ac724ac0fc16bae9f69d4755722a2ce20a99
Li2WO4_Va_O2_0,mp-19260,Li2WO4,O2,64,48c953d8f6f8a58d209a5bf90a944251b9201f64e4b6c6d4dfc06483ab059cd8
Li2ZnGeO4_Va_O1_0,mp-8184,Li2ZnGeO4,O1,144,de00341d8c11980d3f57c900714d5737778d8c116b193d65b9827fa793da6702
Li2ZnGeO4_Va_O2_0,mp-8184,Li2ZnGeO4,O2,162,3404de81d13a8bf0313d826d25018fd1c2b6830166b0ed93c3e6b833c1c06c47
Li2ZnGeO4_Va_O3_0,mp-8184,Li2ZnGeO4,O3,216,a426f1cdca8133871e419139774d5472756469a3fe6eb5dbf32f55706155ede2
Li2ZnGeO4_Va_O4_0,mp-8184,Li2ZnGeO4,O4,252,1bed9070c92cd758e7df88831771e4038a78659c17092aae71a19622efdbaf85
Li2ZrO3_Va_O1_0,mp-4156,Li2ZrO3,O1,216,520dd5fb3f978af3bff0c9802159b259c3fb1d277804d5ce91d5ad07d3f6f88e
Li2ZrO3_Va_O2_0,mp-4156,Li2ZrO3,O2,252,16ef01f07ecd05e74b887535dcc858fabf0d0a0d74f57e9d1c86550775a97ab8
Li3AsO4_Va_O1_0,mp-9197,Li3AsO4,O1,64,52d76c5872430ca045403f81ddbbfb13bbc3e4456e0989f21cc9f7d3ea6271c6
Li3AsO4_Va_O2_0,mp-9197,Li3AsO4,O2,80,097ff0bf111470a0a2e557f61428f8283793706892649829d61ab2df01437121
Li3AsO4_Va_O3_0,mp-9197,Li3AsO4,O3,112,69e9d084c78b62a0312fd56ffe7f58b9a33084bcfbd28462a7ed6bba2533564c
Li3AuO3_Va_O1_0,mp-7471,Li3AuO3,O1,128,c071b45a744631f472aea32ca5daa628e5129109b17341c06ece0f20d9439483
Li3AuO3_Va_O2_0,mp-7471,Li3AuO3,O2,160,4a0442f045cb41597c917ca7da061c3425d14127665e82fac94f8871679e78ab
Li3BO3_Va_O1_0,mp-27275,Li3BO3,O1,48,99163dca95ac11bfbd69b7d029b39aeb59d242c31d3790dd9168cfb94699b19c
Li3BO3_Va_O2_0,mp-27275,Li3BO3,O2,60,e5a2e21a1787b4823ca85c1b006b6091d3feee1eb49a7e8ca07b9d09ac7acafa
Li3BO3_Va_O3_0,mp-27275,Li3BO3,O3,72,39d86a6cd14827337b51b691de9befb62a2032cbfa2072fa45d7170a59613141
Li3BiO4_Va_O1_0,mp-774702,Li3BiO4,O1,64,df853a862163192478ab67a372550470a1904cdad8d71f139723b12a48e58e79
Li3BiO4_Va_O2_0,mp-774702,Li3BiO4,O2,72,17f0d14378603813a3c0af382bdabc881be053a5c4eba052c8546de8bbe6371d
Li3CuO3_Va_O1_0,mp-19970,Li3CuO3,O1,96,337f92a75b268ede1f10bcb23c451a6fecda6f6d4002413d499514cdb68d339f
Li3SbO4_Va_O1_0,mp-5769,Li3SbO4,O1,216,5e6f251239f0d969bf819f0eea9d61885b95ffd99c94bdc8d9fc7b05a95442e7
Li3SbO4_Va_O2_0,mp-5769,Li3SbO4,O2,243,44d05b8e829d75f132e613a64d340a54eed77fb74fabecff2a6c6f29e180a4bc
Li3VO4_Va_O1_0,mp-19219,Li3VO4,O1,216,5a3d3515e943c8e1646bc1bc0c6b8ee43979935bd5365ec3635edf410d478aff
Li3VO4_Va_O2_0,mp-19219,Li3VO4,O2,243,01ae3452aada7d606d999855832c81c0c96ceee61918b8b6449d83a206118d11
Li3VO4_Va_O3_0,mp-19219,Li3VO4,O3,351,e8a3aaa6b92dac367ef8b17cefa55bb7b8e4a26d75e74419eb63a92ed62a30fc
Li4Ca(BO3)2_Va_O1_0,mp-557467,Li4Ca(BO3)2,O1,42,ab5e2eb68af8e85b73ed3baa705edd88e9c622bd911881708e8515fd62240780
Li4Ca(BO3)2_Va_O2_0,mp-557467,Li4Ca(BO3)2,O2,54,8d13a3485ea7c61610dabd70d2021d807fc22575127defb368aa161634236f9f
Li4Ca(BO3)2_Va_O3_0,mp-557467,Li4Ca(BO3)2,O3,66,36c9a359cb93ef02e447ede00898d172902ed1672333d967ff073372232aba5d
Li4GeO4_Va_O1_0,mp-4558,Li4GeO4,O1,240,74d69c8df80e72fad0eb09b49530423e07a156b7b453afec454c6c1285fa5f2e
Li4GeO4_Va_O2_0,mp-4558,Li4GeO4,O2,288,f950fb3e0d0526c742dd008a191d2201000dda90c4a134e380a0132af61d84d5
Li4PbO4_Va_O1_0,mp-22170,Li4PbO4,O1,160,79b72400ac229703025dcf2cbbfdf277a872a285d2e7ccdf45ef040542a353fa
Li4PbO4_Va_O2_0,mp-22170,Li4PbO4,O2,192,aaf30d410397f9fe1556dbd7f7ec92409d9130f3b9149259e1474cc0ef804586
Li4TiO4_Va_O1_0,mp-9172,Li4TiO4,O1,240,6948789b42d8a58c37d5d2805a069ecabc680193c89721047cbe942fda07499a
Li4TiO4_Va_O2_0,mp-9172,Li4TiO4,O2,288,1454ac29934c0aec391e264d01f44524051dc418c3340364ae866024b24d92e6
Li5AuO4_Va_O1_0,mp-1222442,Li5AuO4,O1,48,dbe730c4267d1e6d8fbeeaff77be34ffc46d9c179494c553e517aab24ef891c1
Li5BiO5_Va_O1_0,mp-29365,Li5BiO5,O1,72,12c350d1fd56de7de83e289517aeb833de5d8a6e35f74e8e7a1982e80246515c
Li5BiO5_Va_O2_0,mp-29365,Li5BiO5,O2,84,67a8b3f58442a7e271bf892a97f2dec9d7fc185ab7ede9e7de73e76750ea3e23
Li5BiO5_Va_O3_0,mp-29365,Li5BiO5,O3,96,dd24077741b216980ab73f29d944336f48ddb7caa5aeb27596f490d8926f020a
Li5SbO5_Va_O1_0,mp-29364,Li5SbO5,O1,72,14416fd316b415ae5b2bffc8e505de1d3a4a0bf4a1006d98c37d7826d18d8431
Li5SbO5_Va_O2_0,mp-29364,Li5SbO5,O2,84,77e24dde24c9380a9399674da2ae4750260a13b75de3a375c664e89677782e47
Li5SbO5_Va_O3_0,mp-29364,Li5SbO5,O3,96,80e7090bf8b2a9bc3efea0f65035b15b2f2d1e8dbf93398c1f3ec386ba841e65
Li5TaO5_Va_O1_0,mp-755013,Li5TaO5,O1,72,4956767dc23bcf6931e23c3679b0c5a08fda7b70008c0756da8cc794fb6621ed
Li5TaO5_Va_O2_0,mp-755013,Li5TaO5,O2,84,aac55f926fb040334e196c9777246128c5e39a9916fa67ba8946fa6f335e620d
Li5TaO5_Va_O3_0,mp-755013,Li5TaO5,O3,96,1a2f1c03869d8544175a1d80fde8fa57bcacd8e948a646100e554cd4efe4d299
Li6Hf2O7_Va_O1_0,mp-772185,Li6Hf2O7,O1,64,310bf71118bc90949d0e60ec94da29e8168c7b1e224d8ce2dfaf5b0fb8c0e545
Li6Hf2O7_Va_O2_0,mp-772185,Li6Hf2O7,O2,68,c10b8bfcb110491f19d4ffb4d1fa4ebd144cd2b63da31af854364a70aa09cbb6
Li6Hf2O7_Va_O3_0,mp-772185,Li6Hf2O7,O3,80,d9447a49866a4624b9ad1c870c72dd07fc6fe0997bbe8bf8181dae54da219364
Li6Hf2O7_Va_O4_0,mp-772185,Li6Hf2O7,O4,84,29b9c654743980b22457aca197cf20002b059acdc8c9101c681e7ee83ca3c1fa
Li6ZnO4_Va_O1_0,mp-14495,Li6ZnO4,O1,56,d99d03f41eff121f03c4e4b42ba232687ea969232e942665b1d46744d978640b
Li6Zr2O7_Va_O1_0,mp-5418,Li6Zr2O7,O1,64,210fc310e7f3121f2270d29aba7f1cd71e9774056fe64376a830cc95e9dd0a3d
Li6Zr2O7_Va_O2_0,mp-5418,Li6Zr2O7,O2,80,c880a9ad07f0ff5382d9abf104b3df6d7295176fe81707f68a4a5315de873bba
Li6Zr2O7_Va_O3_0,mp-5418,Li6Zr2O7,O3,88,0b7e41a54e58fc0fbb84f9f41934a0d286861308f0cbedfc0310f383c5fbb44e
Li6Zr2O7_Va_O4_0,mp-5418,Li6Zr2O7,O4,104,363bcc2fd0522e22e783a04f136a073be1ea0889cd00ff6625e1e7232d3f233f
Li8PtO6_Va_O1_0,mp-8610,Li8PtO6,O1,243,945a950fe5b64221d3ceec3d0dd5bbd029544bf141f269320af535e20bc9a322
Li8SnO6_Va_O1_0,mp-4527,Li8SnO6,O1,243,838e2aeb897d91e5dffef0c1f66f12e82356dcb3e9ada3239bc1bcfe4def8b28
LiAg3O2_Va_O1_0,mp-27227,LiAg3O2,O1,288,ed9fc7a7150984357d9ff93f45bb11059fc8615184d50923a026395578078404
LiAgO2_Va_O1_0,mp-996962,LiAgO2,O1,144,c8d9e9633dde86b21d0b77a62327f2f90efd1711a2e7cc6f752014245f4b3893
LiAgO_Va_O1_0,mp-772290,LiAgO,O1,320,89017b5ead60c19bc77234c3455301faafb72aa2c06ba24050307da2fa791f5d
LiAlO2_Va_O1_0,mp-3427,LiAlO2,O1,128,0a61233a401d48dcf7f03c36c177b10f491b1fc1f4bb07453a91df5ba4cda222
LiAsO3_Va_O1_0,mp-9657,LiAsO3,O1,108,61f7f51df6b1875803a163ebb4a7ade81b810c1e0e7abea50de6336e400fee49
LiAuO2_Va_O1_0,mp-996959,LiAuO2,O1,64,f1ac2ed3c7cba2f885b685f54856de6f66064bca4bef01beb4221f8a77922172
LiBO2_Va_O1_0,mp-3635,LiBO2,O1,96,21c0fa5cd5a19b432d4321d1f8f1793ccc01472ca9a56d71cee4fc12fc3a91d2
LiBO2_Va_O2_0,mp-3635,LiBO2,O2,144,e12c0729078732be0da22839fdbf5e916da48986b2410c4510d806c57d02a22e
LiCdBO3_Va_O1_0,mp-6126,LiCdBO3,O1,180,51f1e84b942ad0be533c5360091bc24389ab33d689950f0e590d24652d2e3d7e
LiCdBO3_Va_O2_0,mp-6126,LiCdBO3,O2,240,4f7c0ac3ae74ddabe1305aea2626f00a2c1fdc34d120b00ebf3af8cf391865b5
LiCdBO3_Va_O3_0,mp-6126,LiCdBO3,O3,300,6792c9852d8d92e46a0620ccb30b7041c6c9f8867cb55325450d81243eccb56b
LiCuO_Va_O1_0,mp-5127,LiCuO,O1,96,43e7312e3ba3f99cc9b13418ad516a3bfafb94fc7976d446e187e66ef5bfc1d1
LiGaO2_Va_O1_0,mp-5854,LiGaO2,O1,144,46d7f036b91f77bfef5dbccbbca355eee88b81fe77c7f82b1eebd928678aeb3f
LiGaO2_Va_O2_0,mp-5854,LiGaO2,O2,216,734da0ad9eb50f2519e5062c6f284b58c693d94cc3ccabf2f92ef8b29d3724b9
LiGeBO4_Va_O1_0,mp-8873,LiGeBO4,O1,108,69ed63889872f67f2f73f18f50f556f42ace23a6bf658596c987cfc34d62514d
LiIn(WO4)2_Va_O1_0,mp-1190195,LiIn(WO4)2,O1,32,862caca9b7f4bef8e32fbffe9142f47d3d6124fb34bc257c0ac95bc84b9071f1
LiIn(WO4)2_Va_O2_0,mp-1190195,LiIn(WO4)2,O2,48,9ba7227175ba9cb3ec6e63f5e603c5ef7293124f4011597cee65b0cf5e3b1d96
LiIn(WO4)2_Va_O3_0,mp-1190195,LiIn(WO4)2,O3,64,11fc3b2c8902de95e628c34bcb1af20adbd69a9970f2219fe39077a15b6196c0
LiInGeO4_Va_O1_0,mp-17854,LiInGeO4,O1,48,9bbde4ecec4e40fdbbc9d2199b9ed7dfde05fae52aeb1d6f3179f24d14fda260
LiInGeO4_Va_O2_0,mp-17854,LiInGeO4,O2,68,c7fe46f340e36c003d6a616a721a1805937cb316b8c259ac8f1b187d393dcd68
LiInGeO4_Va_O3_0,mp-17854,LiInGeO4,O3,88,21b9d35f5873c26f63149f872fbcd6f439cdb2996ca4d0701c333afc7b510b93
LiInO2_Va_O1_0,mp-5488,LiInO2,O1,32,9eb1feb55ffa69a97c95d9abd973bd5307e68d20aa1a7546429b083759a9b4f0
LiInSiO4_Va_O1_0,mp-7205,LiInSiO4,O1,48,114210f4a6f99a14f3fe66c2a2c82b64f8c258667fbde35bd5f5438560f56e2d
LiInSiO4_Va_O2_0,mp-7205,LiInSiO4,O2,68,c406ad10fe1a64548d2789071e20358df64918b8db8df7535392743ae7692e78
LiInSiO4_Va_O3_0,mp-7205,LiInSiO4,O3,88,5d4593fbdde99e85a9a85258f9490acc35cba75eb1fa22e0ce4e43338064583d
LiLa4AuO8_Va_O2_0,mp-560605,LiLa4AuO8,O2,72,722c2b4bf7ebd891d7dfc277ce39676c12f7ce43ba0fbbc7b144d6ff13f39429
LiMgVO4_Va_O1_0,mp-560157,LiMgVO4,O1,144,8b95d296415feff348680f9b177efba23429a81091e7168e2f58e6a8fc27a332
LiMgVO4_Va_O2_0,mp-560157,LiMgVO4,O2,168,aeee305797478ae36231c163ee5630275ea33d6ee12a0a884b203662d7b11de7
LiNbO2_Va_O1_0,mp-3924,LiNbO2,O1,64,549ec0dd232e1f6cef34176aaa604d49d5a687da66e300d534df8ba8cdda8355
LiSb3O8_Va_O1_0,mp-29892,LiSb3O8,O1,32,2cbc0c74630abd3b19fd59b83b608f0a511a1099ce203326ae384efb7f73dad3
LiSb3O8_Va_O2_0,mp-29892,LiSb3O8,O2,48,58a4e503c110d38ae03db0bcba5d4d08bee12c3cd627200376e433d3dfdc696d
LiSb3O8_Va_O3_0,mp-29892,LiSb3O8,O3,64,4b0e71914662ffa17cb224af1f67031b89807aa40cf3075e7b47c86709c45a9a
LiSb3O8_Va_O4_0,mp-29892,LiSb3O8,O4,80,70221846fa63186121d74942afb0f874ab34d86a0b5a0f8bfd15a90770835330
LiSbO3_Va_O1_0,mp-4995,LiSbO3,O1,144,8772c5f6740bc24e3f2357f2e6c8ea926f2d0a3a70556d3b147001c85b0ac430
LiSbO3_Va_O2_0,mp-4995,LiSbO3,O2,198,be809e17ba342b8be511504f792a31eaca03cef78443bb4a63f9d9fee4e9e8bc
LiSc(WO4)2_Va_O2_0,mp-1211126,LiSc(WO4)2,O2,48,6b4475bcc25f5b567cf60038252a1fc4d4b44ef156a5c5258fb4430911b63f2f
LiSc(WO4)2_Va_O4_0,mp-1211126,LiSc(WO4)2,O4,80,13f9e698157496415eb17537eab4093a829b37b2b358993bce65a6601fc8b69f
LiScO2_Va_O1_0,mp-5840,LiScO2,O1,32,83cdb60a529f3add0f50b6f8e9a2035e6148c0b685da268dfecbfdc5da151cfa
LiScSiO4_Va_O1_0,mp-6224,LiScSiO4,O1,48,dcbf61b6ff24da2b097917e91649e17383eb12f6dd9b74600de744b62afc3357
LiScSiO4_Va_O2_0,mp-6224,LiScSiO4,O2,68,ef41f9113b5bd5045a8625781fa757da924fefee942e656c6e8d7a8a58ca4f6f
LiScSiO4_Va_O3_0,mp-6224,LiScSiO4,O3,88,4276ff92d06a876a4639ee1ad9c527717ff62e34bbb55045a3d16a0e2e68261c
LiTa3O8_Va_O1_0,mp-7638,LiTa3O8,O1,32,b24e0ead3e3f591b9e8753797a13937ac73fb110ceec68037431849e18dbb4e3
LiTa3O8_Va_O2_0,mp-7638,LiTa3O8,O2,48,1728a4041dcf5a589578fe7e24f9b0acc563fc269d37cc9de241d1b49a5f669a
LiTa3O8_Va_O3_0,mp-7638,LiTa3O8,O3,64,3d64f55346b283a897f8a72f88c7980754449f24788913488abec6bfeebb6805
LiTa3O8_Va_O4_0,mp-7638,LiTa3O8,O4,80,a523ac23171e2ee71bd6a1c148a347220081b942aadef4a346e871e351c054b5
LiTaO3_Va_O1_0,mp-3666,LiTaO3,O1,108,472beb90490a3b6f36049fd81b374c279a1b2c1b6a1790338dc243bb6e31b493
LiY(WO4)2_Va_O1_0,mp-1191085,LiY(WO4)2,O1,32,1a19cca9fd8ff7d5b450b3915c34349a78eccafee357984591d18a420c48f57c
LiY(WO4)2_Va_O3_0,mp-1191085,LiY(WO4)2,O3,64,383000967d67eceb3105841c66889c67e3bb5e8284ee59d905164fb2da5ac786
LiY(WO4)2_Va_O4_0,mp-1191085,LiY(WO4)2,O4,80,268db45a96ef592ed10804d02aa1a580199beeb89f24a4edcc25eedfb7278ee8
LiYO2_Va_O1_0,mp-7020,LiYO2,O1,64,e4d31a0f33828dd18cf61f82930fc262de46cf5de906ad06989dfc481f897430
LiYO2_Va_O2_0,mp-7020,LiYO2,O2,72,602dee48b979d69319cdacfeaf5d5d8f06c8b8fdcb382b9c594ccf928d3b820d
LiYSiO4_Va_O1_0,mp-558941,LiYSiO4,O1,48,7024b6803493a8e4d6d64d7b53433b84d0ac1e6ef8cedf84113362cf305f53c3
LiYSiO4_Va_O2_0,mp-558941,LiYSiO4,O2,56,b82aba344b754937e92b2853a6bb1fb62f10896cb77649f5504765b772c39b55
LiYSiO4_Va_O3_0,mp-558941,LiYSiO4,O3,60,e4118591e73d2e5e16a23880acdbb888136323bc007bb233ce685879145a086d
LiYSiO4_Va_O4_0,mp-558941,LiYSiO4,O4,68,4365f052ac485cde73af9bd4b307078b2a2dba29eefd246520d00019df7d05e0
Mg(CuO2)2_Va_O1_0,mvc-6622,Mg(CuO2)2,O1,36,1f1dabd3c0b3989179d41920a7840eb5b48c49bdf1f4c726cfa24940abef7c69
Mg(GaO2)2_Va_O1_0,mp-38951,Mg(GaO2)2,O1,48,c5eaa72aad9114ba2f69358bcec92b2a859c17effbc6281e42c1a820d726fb1f
Mg(GaO2)2_Va_O2_0,mp-38951,Mg(GaO2)2,O2,64,db9a2c37c404fb48209938fa33505a625b644253e342114e5670fe94c8b4579e
Mg(ReO4)2_Va_O1_0,mp-1541458,Mg(ReO4)2,O1,81,8998a4f7c4fb8b8d883c06b94fa8e19263241991d47da16346d811a5688f4ed9
Mg(ReO4)2_Va_O2_0,mp-1541458,Mg(ReO4)2,O2,135,28ee538c38454043d8760e74379d354b9c82af9ca96d138f7e1b3ff016d58291
Mg(SbO2)2_Va_O1_0,mp-27219,Mg(SbO2)2,O1,48,7f562fd2693f9010286150f077226de7ae721f14eb8bf853ff707e775fa9d17c
Mg(SbO2)2_Va_O2_0,mp-27219,Mg(SbO2)2,O2,80,4ef29d46db20e1aa75ee091e63c40c3156cab982ff7ccbbc57a7078a1bde01a6
Mg(SbO3)2_Va_O1_0,mp-3653,Mg(SbO3)2,O1,24,e67581f14f16405e4f78b2e9680f233c6f6fd074e3603a2e3f764f96aeea382d
Mg(SbO3)2_Va_O2_0,mp-3653,Mg(SbO3)2,O2,48,59895b776f2cbd9f4a807321a5760dfeb72556960b44d4fec231dd93f1e6860e
Mg2GeO4_Va_O1_0,mp-3051,Mg2GeO4,O1,48,28d60542767d391c7f49e552e41413f7d582e4e813e7797b9a7974f801fb5f3b
Mg2GeO4_Va_O2_0,mp-3051,Mg2GeO4,O2,80,75c6f2f562323bc0518e6fe675356275e83f6e91a037c411aaa928837d8c9fb1
Mg2GeO4_Va_O3_0,mp-3051,Mg2GeO4,O3,96,f9b77d9b0b754d246c29c0af7349dc112aa66e6989b587c5fa014eae89f77df5
Mg2PtO4_Va_O1_0,mp-33940,Mg2PtO4,O1,144,8a5496b9e77ce4e2e804a2e7309c9c856ae8d94be4d269e0edc33c31996e5085
Mg2PtO4_Va_O2_0,mp-33940,Mg2PtO4,O2,192,4fae1a5f55cdd26fbfeae1b1c48fdc37895c00db0eb260e502c50cd61f2ea72b
Mg2SiO4_Va_O1_0,mp-2895,Mg2SiO4,O1,48,ae4508af24c7366fb2d0b5334ce35cd8a08225ec1af9bd2c5e9f0bf64a231c51
Mg2SiO4_Va_O2_0,mp-2895,Mg2SiO4,O2,80,70ff55019aa2e6fe16ec536a27ae088889959d82c80578df43e184c5df166ca2
Mg2SiO4_Va_O3_0,mp-2895,Mg2SiO4,O3,96,e100393defb101c6a64a83cd9e871576bbf4e5c6fbb677160bf0333a2ac41c57
Mg2SnO4_Va_O1_0,mp-34022,Mg2SnO4,O1,144,22f15aadef4c39f24ed1ac6d220d3308dc488e03365b2a74f53928568b3d94f4
Mg2SnO4_Va_O2_0,mp-34022,Mg2SnO4,O2,168,a91467c57e9f4edf24a8fe1b46c2d43721b3125065796af45f7c3ceaf60716db
Mg2TiO4_Va_O1_0,mp-757031,Mg2TiO4,O1,192,f146816d4c77d91ceea7bf6915d91088ddb28459b847050c5b84fce80a5a9cef
Mg2TiO4_Va_O2_0,mp-757031,Mg2TiO4,O2,224,28cd101f242f210b94cf73c85b8a62d5d41f44d053acb597f5c40899287d62ab
Mg3(AsO4)2_Va_O1_0,mp-756919,Mg3(AsO4)2,O1,120,4a711a16c4f7b6b53b21af0c2140809d6c250fbde26689fb922f279648877732
Mg3(AsO4)2_Va_O2_0,mp-756919,Mg3(AsO4)2,O2,132,8654f6aeac4b4b31649dd46b640720ec42f61d9215fac9e1b2452d2fea6ad02b
Mg3(AsO4)2_Va_O3_0,mp-756919,Mg3(AsO4)2,O3,144,90559f59fd548808787f50d45d3dd31cb941ca9f123719e73396722e2e1ef433
Mg3(AsO4)2_Va_O4_0,mp-756919,Mg3(AsO4)2,O4,156,577ffdb3d2135359d0bbc041c91fd31a90f5bbcbf1a30c3bf045f0a8c3799e36
Mg3(BO3)2_Va_O1_0,mp-5005,Mg3(BO3)2,O1,180,c5a6d4743b87c7c33fb14018659b853432ad71b1373b482a571f4eb02b35a579
Mg3(BO3)2_Va_O2_0,mp-5005,Mg3(BO3)2,O2,288,4aaede00d7ae78892b01a33acc1738eb9e003c1d3dd3b8cce292d49cced8e54b
Mg3V2O8_Va_O1_0,mp-19034,Mg3V2O8,O1,40,5dd303b272a1ffc3a83b8e3e00dbdcae19f374b038f03a9ca7ff3c2eeaccfe96
Mg3V2O8_Va_O2_0,mp-19034,Mg3V2O8,O2,72,bc44238377d11f9c898ee525e0c22ea525f19fecaf9b81f3f36895b290f6b451
Mg3V2O8_Va_O3_0,mp-19034,Mg3V2O8,O3,80,be2f1a80c0fb65d7659236c1d630f367f236dc9d9df00339cbc7b0ad46c02449
Mg4Nb2O9_Va_O1_0,mp-17841,Mg4Nb2O9,O1,108,cb0ab3cc9be4343d5c217bc70c33d865f2c7b22458de9984b586c9a7b4e70457
Mg4Nb2O9_Va_O2_0,mp-17841,Mg4Nb2O9,O2,216,b37f500cc41ed245ae5f653678a9c0945b34145b2857dffd03984d9f994bb788
Mg4Ta2O9_Va_O1_0,mp-17481,Mg4Ta2O9,O1,108,f31e51bb04d17146121474be2acfaf0384c7d5dec934efe66e8b4c5758612ba3
Mg4Ta2O9_Va_O2_0,mp-17481,Mg4Ta2O9,O2,162,2ea7fc57aa9376f13075686533409bc1c67b7e5ff110c3ac4f1924a3472a2d26
MgAl2O4_Va_O1_0,mp-3536,MgAl2O4,O1,192,99f7ea4da2e32568ee314584f301891068f1fecd3382313de432f8a67c42546f
MgAlBO4_Va_O1_0,mp-8376,MgAlBO4,O1,72,2f9abc892453cfd2f5518f327b7da4e8fd51b54d8ab23b339e3236ad56502d6d
MgAlBO4_Va_O2_0,mp-8376,MgAlBO4,O2,120,3fcc2580a5a8b90cdfedc3a04d16c57bb153fb7e5c72652da934bb15fe7214f5
MgAlBO4_Va_O3_0,mp-8376,MgAlBO4,O3,144,d7e0b7e66375aa54bcd21dbb37791b8bd38d19ea239f3bac2d18cd9be934d5a3
MgGeO3_Va_O1_0,mp-4819,MgGeO3,O1,32,84e2f317cd4c01dc18f21f5adc18b28b19695cfccb6f29f725690d6cc5c6c1ae
MgGeO3_Va_O2_0,mp-4819,MgGeO3,O2,48,a7320d10760e120d8699bfbb0df5a9bd13b1404e89b3ec6e22fcce63b3209d5c
MgGeO3_Va_O3_0,mp-4819,MgGeO3,O3,64,31419be62062242081c74c8b8bc6c10d1ee79158df69e646be4bb50b4cdf3356
MgO_Va_O1_0,mp-1265,MgO,O1,32,4b7e35160ba0396707eb283f16990e836ae7e69ab5637355db102d4bd9223bb5
MgSn(BO3)2_Va_O1_0,mp-11715,MgSn(BO3)2,O1,108,39bd53f141622373fff797665cf848e08966dfa663d28ee2ffd6b951e9586483
MgTa2O6_Va_O1_0,mp-9650,MgTa2O6,O1,24,97abe517f6ee45eac6fa1916b1dff40277b14cce8196ffbcc076c1e4a81485b4
MgTa2O6_Va_O2_0,mp-9650,MgTa2O6,O2,48,123c46b4a2881e6a66f7229edd00b4d49cf7f1c6ebb7c6d06b0823dc18e28ad3
MgTi2O5_Va_O1_0,mp-28232,MgTi2O5,O1,36,7371feb5264db1a793d14f0f2d6ae564c1efeed9efeeacf9ceb570a4db7d3ec3
MgTiO3_Va_O1_0,mp-3771,MgTiO3,O1,108,36eec9071f4fc4a140db913dd4062864505587911655f3562311682b9da8daad
MgV2O6_Va_O1_0,mp-504510,MgV2O6,O1,144,d048b0327b666ee0efea701c5a4cdb2c02b30e300c4df358340e871906c45b47
MgWO4_Va_O2_0,mp-18875,MgWO4,O2,64,1e5c56baeb4b66858f15de1cc481a1dfbe1bfb040e49f61d8bf387d361846f73
MgZn2(AsO4)2_Va_O1_0,mp-1210656,MgZn2(AsO4)2,O1,120,ff193c91f0b9a0e2bfbce403b90fb577e24ff863c6c6bfc287604cbb16285f43
MgZn2(AsO4)2_Va_O2_0,mp-1210656,MgZn2(AsO4)2,O2,168,657a076aaf1096f150c0cb7fc893b24489f644ee04528fcd19356263eb1c2f6a
MgZn2(AsO4)2_Va_O3_0,mp-1210656,MgZn2(AsO4)2,O3,216,89bd84d2c2aa503ec8e1dc3651f74061cf42e86734395da5541564e86f6a5b66
MgZn2(AsO4)2_Va_O4_0,mp-1210656,MgZn2(AsO4)2,O4,264,a2dcb1d690590eead7dc30076f36d475225552d516f08ba7369fdbbb5cc33aa2
MoPb2O5_Va_O1_0,mp-21138,MoPb2O5,O1,72,b2e6fd312e6c2e86e47f1bbcb930b45d663186df5c2135467d2e8b904128f795
MoPb2O5_Va_O2_0,mp-21138,MoPb2O5,O2,96,0a6222e925132cb523c08c1517a917369f3cccb32b48ba157a9b45d18bc552d2
MoPb2O5_Va_O3_0,mp-21138,MoPb2O5,O3,120,ac635f029fbaa62f123be8a4b8df5f57cd87d572cb5683ec4931d4c5380be352
MoPb2O5_Va_O4_0,mp-21138,MoPb2O5,O4,144,c83010e4266e7f140fb4207e12d21d1bf45789c88446c2f5b54013a96c43313c
MoPbO4_Va_O1_0,mp-22169,MoPbO4,O1,32,15161b612fc4b6a91c5d161d6bbc936a6a1a84c3252eb95b2d2e6eadab4888f8
Na14Cd2O9_Va_O1_0,mp-27559,Na14Cd2O9,O1,288,b7b056713cb487c64989ddea7d5a88968b23c690d3ff384303053f8e2dd0bf71
Na14Cd2O9_Va_O3_0,mp-27559,Na14Cd2O9,O3,414,33850c52f039499dace74c41751b3e54ead63c4d7df0c520f9c1cdf07c906979
Na2BeB2O5_Va_O1_0,mp-16737,Na2BeB2O5,O1,240,6b757f7c350a3373bdad16003c8e50b355abbd425f24abd743c57220c46108f2
Na2BeB2O5_Va_O2_0,mp-16737,Na2BeB2O5,O2,288,5ba4f6ecc0a94cdeeee7d63001275ed8882c0dfe2e7091c9997a5bd692630504
Na2BeB2O5_Va_O3_0,mp-16737,Na2BeB2O5,O3,384,00a391e6595fb7a4342442b37fbed7599a615d7e6e965cb30504d316baa40cc3
Na2BiO3_Va_O1_0,mp-761686,Na2BiO3,O1,48,fa56e0c6edac9a40e39619525d9bb4aa968c5a0894613ab00ad4b95332197bfb
Na2BiO3_Va_O2_0,mp-761686,Na2BiO3,O2,52,eea1e3539469aef95f19f712b0fbf2faf3d390a9c18e3c6192aa042984c9459a
Na2BiO3_Va_O3_0,mp-761686,Na2BiO3,O3,60,2374bfe7a47ca4ccbb0ecf5c3cb07b121af5ce7ba8a7aa5f0150f6e09954c9ba
Na2CrO4_Va_O1_0,mp-18779,Na2CrO4,O1,144,2255571af410bd6f4202ba6a7b08e92c84687ac5151a1c7895262de3bfdf871a
Na2CrO4_Va_O2_0,mp-18779,Na2CrO4,O2,240,1517de1aa58a73131c44dbcbdee567a42cdffc364a5c3b1d7c9cada29b2a2cf5
Na2GeO3_Va_O1_0,mp-5784,Na2GeO3,O1,48,ef06f20d0047531d21d273ac233064d112fb6b84f298f6b67e1ccc6fcdef5251
Na2GeO3_Va_O2_0,mp-5784,Na2GeO3,O2,64,6c0a10d371422d2bc2832ff135c6047a24b48a70c03300dbdff9e23ead11d5ac
Na2HgO2_Va_O1_0,mp-4961,Na2HgO2,O1,96,56778e2c76da7ccb508fa54b7aca0d816b544dde7e8e0b9f69e47c2f42460ab1
Na2MgGeO4_Va_O1_0,mp-1210431,Na2MgGeO4,O1,144,6fb8b2ff296852897e39bcef5929f4df9f935b7128c2de556e27473a429fb866
Na2MgGeO4_Va_O2_0,mp-1210431,Na2MgGeO4,O2,180,d69b4cd0b6f026a6b76c45bc2de29b20bc2a86a4433173cbdf280dac5b91ad6f
Na2MgGeO4_Va_O3_0,mp-1210431,Na2MgGeO4,O3,216,e5078335ce187d790146fcb636424ee2e09a6ec32fba14c4d3c57f2424b395e1
Na2MgGeO4_Va_O4_0,mp-1210431,Na2MgGeO4,O4,252,693017155dcf6077484939e03d5dea71c4770f18994838f8a44dc2262faa533a
Na2MgSiO4_Va_O1_0,mp-6406,Na2MgSiO4,O1,144,e28e7ddde05315b2e2391d3f7fcae39cdb151ec771f1f7c273884b56c8b5abbd
Na2MgSiO4_Va_O2_0,mp-6406,Na2MgSiO4,O2,180,c46e02d0636acccd0b8af5d6e52a5179310fc1b15695f3306e72aa05df25defc
Na2MgSiO4_Va_O3_0,mp-6406,Na2MgSiO4,O3,216,406ad1d36647246ed286fc0c20115ad1db86545f6a40c6da07b79db5cb019643
Na2MgSiO4_Va_O4_0,mp-6406,Na2MgSiO4,O4,234,9ab1e6b95c99f2e92832579a57bf1dfdcbd5e2fa387784fe69cdb23ab59fda6a
Na2MoO4_Va_O1_0,mp-18852,Na2MoO4,O1,192,62f276c0f8544dff01952d324c986bf72df17fe4a9711c95bfbff981684396d6
Na2PbO3_Va_O1_0,mp-1210368,Na2PbO3,O1,48,4306bf9b6e6b3f1d36197a207530cf5c56638bd444dfb691089e9258d8e96317
Na2PbO3_Va_O2_0,mp-1210368,Na2PbO3,O2,64,a6bf83fa42b8af4236c56b21b8caee5ec936386fc6727747602268b4fe1742bc
Na2PbO3_Va_O3_0,mp-1210368,Na2PbO3,O3,80,1d788c4a2675b8c9d4888c8bab5930339bf202bba114bd003ea5f647fccb8037
Na2PtO2_Va_O1_0,mp-22313,Na2PtO2,O1,36,033a19a1a7da00ef093d57be4db6e6763d936ae3e42128494964aa4956c3e4a2
Na2PtO3_Va_O1_0,mp-560860,Na2PtO3,O1,192,001e2d799066fde901591ef812b9a20c91f1baca94978a6d2fd33808509a5d81
Na2PtO3_Va_O2_0,mp-560860,Na2PtO3,O2,208,256fee6505cd812c737c05331b927a7ec5b2e0148982d718f558eb027e5959ab
Na2ReO3_Va_O1_0,mp-1210286,Na2ReO3,O1,48,7ec9993d468349798a71534c16d27abf19c1669c41c1ac275a3c28d32ac63e6f
Na2Sb4O7_Va_O1_0,mp-30972,Na2Sb4O7,O1,144,f8cc8ac424c3458ff42387ff2ae65bc4cd6cbd58a2c5664d0c8dea863df9e44a
Na2Sb4O7_Va_O2_0,mp-30972,Na2Sb4O7,O2,156,0eef8752c07c984344270a86832e1707bbb5d32cc9af7d899cf7990ee6b34fb8
Na2Sb4O7_Va_O3_0,mp-30972,Na2Sb4O7,O3,192,1d25a84f8fb9730fe77401154858467a4df66caf3a1305a24c114f109746ea39
Na2Sb4O7_Va_O4_0,mp-30972,Na2Sb4O7,O4,252,453517a7247feecaa32e727b391cd4525df2c6508939838af59e1c5c55b3153c
Na2SiO3_Va_O1_0,mp-4533,Na2SiO3,O1,48,54998e46af9a6dd32d65782378e59fe2d2ee008270ef9619f931188938580d90
Na2SiO3_Va_O2_0,mp-4533,Na2SiO3,O2,64,f5b711ea5f7c9b50da2e6aaac761a788bd1714196d0ef8d27626a3ef9c7d3f46
Na2SnO3_Va_O1_0,mp-761184,Na2SnO3,O1,48,4c94216e9ce4222f1b2349063ff15dd48276dbc3d3771428696c137c31cbc8da
Na2SnO3_Va_O2_0,mp-761184,Na2SnO3,O2,52,02175795f2c357fcbe01cd03e5f884ed5170a486ffb1897d055b5d0d7c8d7ad9
Na2SnO3_Va_O3_0,mp-761184,Na2SnO3,O3,60,d692607d6bc7015eebc07db4f4810ffddc841c8aa8541961bb793b966f807d4f
Na2TiGeO5_Va_O1_0,mp-6228,Na2TiGeO5,O1,32,7529ba296da303aa2dd4efcad30e2f192762def2f1c4c3d4dcc440210399e618
Na2TiSiO5_Va_O2_0,mp-6138,Na2TiSiO5,O2,40,42aaa83790e73233c0a2de85e5d98a77510a912dea91dd31e82c72110004dfa5
Na2WO4_Va_O1_0,mp-18803,Na2WO4,O1,192,fbd7011b83ef92d89737d444f6a67e29ca1589bdcc3926afd11fd65906434572
Na2Zn(SiO3)2_Va_O1_0,mp-6675,Na2Zn(SiO3)2,O1,160,81f3a12f99e2b43dd87ee7ddc7f260f40cabad2e9ce1144a209a9ba6e5348c2f
Na2Zn(SiO3)2_Va_O2_0,mp-6675,Na2Zn(SiO3)2,O2,224,56d53cf1499caa1ee81a547c84efda0841baac900b6982b85cbbe74e14c5b00a
Na2Zn(SiO3)2_Va_O3_0,mp-6675,Na2Zn(SiO3)2,O3,288,febe7483568063bbefa3d6e86f98bf93e512d7d517c93010f2c91ec06de21746
Na2Zn2O3_Va_O1_0,mp-554845,Na2Zn2O3,O1,256,af171d668ae08102a1f2b7987a43736079658f1f3927724f5a43fe6db4310d1d
Na2Zn2O3_Va_O2_0,mp-554845,Na2Zn2O3,O2,272,5980699ff250872a9439ebfc5a9cb14b71bfcda782909f962f8dfc771348bbe9
Na2Zn2Si2O7_Va_O1_0,mp-6507,Na2Zn2Si2O7,O1,144,ac69245e1f35aae9e8b4ec9ee96e49fe14bfa39f1a58b2f8ed841b893e7ce335
Na2Zn2Si2O7_Va_O2_0,mp-6507,Na2Zn2Si2O7,O2,192,1653c3f90a7390baccf77351c86420a2856a1f86281a4cf5828d54c18cbbfbfe
Na2Zn2Si2O7_Va_O3_0,mp-6507,Na2Zn2Si2O7,O3,240,b044ac43cbfcbc755061e04f4f2d78b5b48e1508f203e42e4e353e2ef03f27d3
Na2Zn2Si2O7_Va_O4_0,mp-6507,Na2Zn2Si2O7,O4,288,ec3377e5db428705f34bf0d49af97cb44cf96d1ad9195da001c3faacf713b480
Na2ZnGeO4_Va_O1_0,mp-6402,Na2ZnGeO4,O1,144,77a29901b5b93cf4f7242120b334bcc0772219a75356568a8fef22767cab79eb
Na2ZnGeO4_Va_O2_0,mp-6402,Na2ZnGeO4,O2,180,1cc4ac391e951a42d42ca4abef38a625692e182e5f282ca17cad8934b6014978
Na2ZnGeO4_Va_O3_0,mp-6402,Na2ZnGeO4,O3,216,ee185322b2d8ded7731607e1157e1c4d3ce4b850d16b94b43d988091c0b6a9ae
Na2ZnGeO4_Va_O4_0,mp-6402,Na2ZnGeO4,O4,234,4855d7f3e3b2ea35a2dd694b17b97ef11c21730bacdbfe0df2514f1ca306f9f5
Na2ZnO2_Va_O1_0,mp-29488,Na2ZnO2,O1,216,a516a83a1aafb2be5da549a5e7cf734f1691f20223eb34f31f2c2e31df75d12e
Na2ZnO2_Va_O2_0,mp-29488,Na2ZnO2,O2,288,68efa832ae50e33b2a31fcb50e9952bdc567ef27953f54d2ee48b570089234ee
Na2ZnSiO4_Va_O1_0,mp-6391,Na2ZnSiO4,O1,144,be59d0441c11d597662633d9275462f3c8c8ba19b8bc007b6c1c8d3ead690573
Na2ZnSiO4_Va_O2_0,mp-6391,Na2ZnSiO4,O2,180,ed8a83dea9a15696745670eaa8e021be53fcf7490a86abb5c773e410c001e415
Na2ZnSiO4_Va_O3_0,mp-6391,Na2ZnSiO4,O3,216,1fa8abe4771972accb09eb797830c4a15049940fa2c687e9338cf24e51432de3
Na2ZnSiO4_Va_O4_0,mp-6391,Na2ZnSiO4,O4,234,3468dc3aa057d490e67f37a16614d133ec109d84a3a78fa5d2e59a146d11a11e
Na2ZrO3_Va_O1_0,mp-990440,Na2ZrO3,O1,48,b425c897e3fa522974eb85227b000b40e76114db77b9ea33014f8e040cd5a62c
Na2ZrO3_Va_O2_0,mp-990440,Na2ZrO3,O2,64,ca360ce67eeb07e3b3e771ebc3fb9940694fcd133147ec7f7d8f144233b3d3f8
Na2ZrO3_Va_O3_0,mp-990440,Na2ZrO3,O3,80,6b1a55b664b62d8e59aa37a388e6bb5e8631885bbece35fe7cf9f8f1723ae5c4
Na3AgO2_Va_O1_0,mp-3527,Na3AgO2,O1,64,168521fb31e0c0bd51deb0a24ea837f510f7f3d26809dad777ebd572fa326030
Na3AsO4_Va_O1_0,mp-756044,Na3AsO4,O1,64,699d11cd8fa082cacb59b2cc0784062fc394d220ca8e968fd7071a9d2014e4d6
Na3AsO4_Va_O2_0,mp-756044,Na3AsO4,O2,72,ad7deadc15ef750c1ddf63f2f9c3d9c95b049bd17bf1156443adb9ec1f32c7d8
Na3AsO4_Va_O3_0,mp-756044,Na3AsO4,O3,80,0d4b7ca8aff63c68d557ecab6789238454d5f8ca9526fb6cafbfe100e05a246f
Na3AuO2_Va_O1_0,mp-28365,Na3AuO2,O1,96,9ac1ffdb9d1c6f2327d9d47f0bede8e3ab26caf848f79704fe25ee87950b5250
Na3AuO3_Va_O1_0,mp-768915,Na3AuO3,O1,96,2ac0643d185493128f414d302551759ad3ed0439497a114e72a4b07e1ab519e9
Na3AuO3_Va_O2_0,mp-768915,Na3AuO3,O2,102,c6e7ff608c1440f9244b8bfee2c1fb31d75be2792f5815468e88673663ee8669
Na3BO3_Va_O1_0,mp-30975,Na3BO3,O1,192,0ad60ebf07760c39172ebc904292e034e65bfa31f83c5c9105c3fc40600d899a
Na3BO3_Va_O2_0,mp-30975,Na3BO3,O2,204,08159283590544061193a95046e962ba37e0e11e83004fa1ab147dd65540eae9
Na3BO3_Va_O3_0,mp-30975,Na3BO3,O3,240,7f3b56c66d086d9c5dad3acab712c282ab315e40b8921501df07d3a4ba83a5c1
Na3BeAl(SiO4)2_Va_O1_0,mp-556258,Na3BeAl(SiO4)2,O1,112,6ff887468089b713a8e52e5edca451f1f95cd763da0373f9013d5681e02f9408
Na3BeAl(SiO4)2_Va_O2_0,mp-556258,Na3BeAl(SiO4)2,O2,120,17179bd49068be9f6e08e8a1de936f200f315cf28260e7a1089ea7c0d6b267ee
Na3BeAl(SiO4)2_Va_O3_0,mp-556258,Na3BeAl(SiO4)2,O3,128,fa0f14906d8b894891b43130806122d5e2266e49b8ed3d35f5f175d3f1ca6228
Na3BeAl(SiO4)2_Va_O4_0,mp-556258,Na3BeAl(SiO4)2,O4,144,2b2abd0aa9b710e224ee74400f9328487513a7dc66e34b5e3d77d48bf4a833b0
Na3BiO3_Va_O1_0,mp-27914,Na3BiO3,O1,256,f54d9a596fdd7492678d14fef16d088fc1ba854a0eb6a7c8da7ae4d307c077be
Na3BiO4_Va_O1_0,mp-27345,Na3BiO4,O1,64,f367c06e1f804e7f24879ac22a4a5b901c0a8bab3398f8b531a317ee038ad485
Na3Ca2BiO6_Va_O1_0,mp-557506,Na3Ca2BiO6,O1,192,96ec1af939637c57927e8cf5b0c8b8677f2f7453435d3babdc84646f7cc91393
Na3Ca2BiO6_Va_O2_0,mp-557506,Na3Ca2BiO6,O2,256,d3050aef3af0dc0dec2bb1e279a4c0c8f9f2ef6039845dd68b8017af51b295ca
Na3Ca2TaO6_Va_O1_0,mp-18480,Na3Ca2TaO6,O1,192,4888f32358f307c914e20acf32de2788570583b490ed64090e3fa5b97ec3e084
Na3Ca2TaO6_Va_O2_0,mp-18480,Na3Ca2TaO6,O2,256,5615fbc8cb6adb13f734666e72acbcfc98f88644ea190e9794ee52d70138a9b4
Na3CuO2_Va_O1_0,mp-755401,Na3CuO2,O1,96,078de34134de9e54e3d0a24ddfb176b6019fc9f7b764f302abba66d387bac370
Na3ReO5_Va_O2_0,mp-28205,Na3ReO5,O2,135,ddf3d7e416fa152e72afc826a6487bfe316217eafb740e4ce3baa044f7d82e7d
Na3ReO5_Va_O3_0,mp-28205,Na3ReO5,O3,189,949c8ea0c8031957d62cde9eb42593bb4d7499724c95ba2e0cafa92c8e546368
Na3SbO3_Va_O1_0,mp-8076,Na3SbO3,O1,256,1e20c4c1ce67571de98caec6b2847da224bfa4d59d82536f61649b19211f80ad
Na3SbO4_Va_O1_0,mp-7404,Na3SbO4,O1,216,6224c57e67800bfe3e41eb05de7f39e9e34c9851f110aea3d362eb25ae6e3cc8
Na3SbO4_Va_O2_0,mp-7404,Na3SbO4,O2,324,d0f369469812695038e9000787305cac6238e8d2bf7cb5e876dd772d7a98d363
Na3Sc(BO3)2_Va_O1_0,mp-1191513,Na3Sc(BO3)2,O1,144,d492be751f136bdd142088d79d82626af1c682d08354e63bd2944a905c90332e
Na3Sc(BO3)2_Va_O2_0,mp-1191513,Na3Sc(BO3)2,O2,192,3fd044adf022671e3894033baa4382b1a61f260a77a5625570590d6c79cc800b
Na3Sc(BO3)2_Va_O3_0,mp-1191513,Na3Sc(BO3)2,O3,240,94237a9649a1fd79d02ed8bc76339bd89f6656c9fe0b9e033a88d1344c585103
Na3TlO2_Va_O1_0,mp-29454,Na3TlO2,O1,64,2b1cf80d6ddefbb7373ab657236523e8e2a7087cb2bd09ff35e97352346d1aa2
Na3TlO2_Va_O2_0,mp-29454,Na3TlO2,O2,80,e9da208c39cd8b8536c8423f8ad4f3ce5271916ece16202d4398eb79175ef0d0
Na3VO4_Va_O1_0,mp-755436,Na3VO4,O1,64,0ceb04f81a1256fb01794e4ed38751132c2a78d27218782fe02f5de9b8e57030
Na3VO4_Va_O2_0,mp-755436,Na3VO4,O2,72,6b89dbf65599f85d192824387ffc9028ba220e6cb0b78ce11886546f9226fbbe
Na3VO4_Va_O3_0,mp-755436,Na3VO4,O3,80,5010a2dd082ccb08cace008e8da8b89d552fd5ea15aed94c4ec1c6219feee49d
Na4As2O7_Va_O1_0,mp-27197,Na4As2O7,O1,48,41db4fb7f8a66c94aba908c9c386913fe002c9f86be7a206b839a97aa05e01b6
Na4As2O7_Va_O2_0,mp-27197,Na4As2O7,O2,64,ae4657c8b54bbe15655786fbe2e4d01688efc5d01013abe6000bb766176ab9c6
Na4As2O7_Va_O3_0,mp-27197,Na4As2O7,O3,80,9f0e2dd6153230d22a375bcfdf5322996e4dc0d8642fe3bd9855d7941a526112
Na4As2O7_Va_O4_0,mp-27197,Na4As2O7,O4,96,500c0c2283713d074e8c6b3bbd211dc779672c580d525a70cd1304c07e26b831
Na4B2O5_Va_O1_0,mp-27564,Na4B2O5,O1,96,d195ce074580bce379071ff26679f36883952b642b2c2fc360cb7213137c2ed0
Na4B2O5_Va_O2_0,mp-27564,Na4B2O5,O2,112,18b31a1955d944e0dcb96c25f847c676c343096df2c961e886559db0cbf5cdfd
Na4B2O5_Va_O3_0,mp-27564,Na4B2O5,O3,128,01160ead4ace18c31328a9d6813cb5cf5d0199dd1c03d79f42ce6c02a84f5f29
Na4GeO4_Va_O1_0,mp-2970,Na4GeO4,O1,180,b15ef7d5a016f105229efe144d3b8bb2888d6008b65ef8104fbe8ecb4258815b
Na4GeO4_Va_O2_0,mp-2970,Na4GeO4,O2,198,63c2bc670ae569f65adbff6cb64afd405763fdfe10fc628c20f05cae6b643ae8
Na4GeO4_Va_O3_0,mp-2970,Na4GeO4,O3,234,32c76e09727421d6212b0fc3fa081bbd955fe4b0f88e87178aa207dd980bbf6b
Na4GeO4_Va_O4_0,mp-2970,Na4GeO4,O4,270,6798e1e276e7f2f102780b7aaf14d54c4756ec1bb9c3cbc73fda67e28b9eaf8a
Na4PbO4_Va_O1_0,mp-20088,Na4PbO4,O1,180,02e1cd62e25828231593b9ca54c2a872893e744517b93502ebad1fedf0771a53
Na4PbO4_Va_O2_0,mp-20088,Na4PbO4,O2,216,14f56c051b32ddb02e5c768810e8ee1405c84a322025a4924776a30cd20baf31
Na4PbO4_Va_O3_0,mp-20088,Na4PbO4,O3,252,03703d3f39db2d0684d3160480a8be425ba228c8a8f8f305c05418ea5b3e0798
Na4PbO4_Va_O4_0,mp-20088,Na4PbO4,O4,288,9decb9cae2fff1b31487f7964b0338b8bfdf91975927d517a72a13defbe6440a
Na4SiO4_Va_O1_0,mp-7500,Na4SiO4,O1,180,67f7023b3be82fa743ec9802fc48cef685d87f5f8e59d6c816ddf19b62a44927
Na4SiO4_Va_O2_0,mp-7500,Na4SiO4,O2,198,c7f34ae3e8eb755ceb4d211432c73f58ae16226cc1bda807af0e7e27f85c94f9
Na4SiO4_Va_O3_0,mp-7500,Na4SiO4,O3,234,34ff22cdf40ebd760556c0ef4d1f40f15134febbefdc6d233257abd092e889d2
Na4SiO4_Va_O4_0,mp-7500,Na4SiO4,O4,270,3d38b4e93255474ac6b3b4daa0c36f53b9ff8ac7e37ca3b5bf297cc6d045b435
Na4SnO3_Va_O1_0,mp-28261,Na4SnO3,O1,180,fa2fd790f323a26bb7e307b365fa189458aa64ad647e163282976c55211f67b8
Na4SnO3_Va_O2_0,mp-28261,Na4SnO3,O2,216,b9961688b4cd0c91092b06dd2e19dcdb5789def67a0a53350a010845561e10d8
Na4SnO3_Va_O3_0,mp-28261,Na4SnO3,O3,252,6ad4619cb5ea291a1513ab609a038100ec84e99591c43e0bbcf99b53f2bb4714
Na4SnO4_Va_O1_0,mp-9655,Na4SnO4,O1,180,18ba46a7d3a00a6246c966ff852d74f7ee1163e36c408828087d057ee830a15c
Na4SnO4_Va_O2_0,mp-9655,Na4SnO4,O2,216,ed1572e0c8a11f98e8cece5984bd2486b774c04c2d867cc07e1b238a2993ef8c
Na4SnO4_Va_O3_0,mp-9655,Na4SnO4,O3,252,23b076f02fae423c7cb990bd344af60e63fd9fcc2becaf966ac1d87706fb397a
Na4SnO4_Va_O4_0,mp-9655,Na4SnO4,O4,288,4e8fe18dbde28cc5f5e83b69390ebdca4b72bb51b684a05be92daa38868ea087
Na4Ti5O12_Va_O1_0,mp-555678,Na4Ti5O12,O1,36,3439a277345087df0abc4263bb5036db489df10bf161132b4f04f883c1882ea8
Na4TiO4_Va_O1_0,mp-14726,Na4TiO4,O1,180,1c0f9b5b0b33c169887c4dc1645d62dadc1da70cde5c0852da6113eb76e22d9e
Na4TiO4_Va_O2_0,mp-14726,Na4TiO4,O2,216,b9bc3d5384782354be81d71f0f921e9d5cb0880ed349d9b5b2bfd9eec09ba671
Na4TiO4_Va_O3_0,mp-14726,Na4TiO4,O3,252,eafd6ebfd6d9f34d882d246a17072f375128a1ce1b24a5f5998a979a2a60ef52
Na4TiO4_Va_O4_0,mp-14726,Na4TiO4,O4,288,e0893ac08a63717652e5ca4c75c6ffd070f99fed59812280c1f7153ffa950f34
Na5NbO5_Va_O1_0,mp-5477,Na5NbO5,O1,48,2546ae680474b03774e9641329b8f8f8f774c1853e2423b126e4332fd0c680e2
Na5NbO5_Va_O2_0,mp-5477,Na5NbO5,O2,56,799f20af99653eef662ab547afd5c2c58bde522990f7ada6d03723bdec745b09
Na5NbO5_Va_O3_0,mp-5477,Na5NbO5,O3,64,4b32c3aa103016165307074707d8d08d3ef4b5face27ff0715474bbb9f51bb9a
Na5TaO5_Va_O1_0,mp-8957,Na5TaO5,O1,48,871c64c34f791dd0d5a420db98dbb0162acf00836e37d56930993ccc48259c05
Na5TaO5_Va_O2_0,mp-8957,Na5TaO5,O2,56,59a3e0eba1ab5a4f564a282ce5b1c42d64be98bc5bd8dcb855f04f0e8286d808
Na5TaO5_Va_O3_0,mp-8957,Na5TaO5,O3,64,b6858dfba599a54e8a67de9a4f3126e2cc7774b34a71fdf6448923297b063951
Na6PbO5_Va_O1_0,mp-557401,Na6PbO5,O1,56,c364b3776ea52a4e2d82a33f9e7df8dc5e66fff19e494fc9ac216b76c3f8e02f
Na6PbO5_Va_O2_0,mp-557401,Na6PbO5,O2,60,dce5c18d71b1077adaf3c5f988a63ee3c5a438f514fc15187ee61d5e27d4b541
Na6ZnO4_Va_O1_0,mp-7664,Na6ZnO4,O1,168,a5945978150c7469f67f230b1e50bda9d8ac3dbcb848ba96f546cb6bffdb5d57
NaAg3O2_Va_O1_0,mp-27303,NaAg3O2,O1,64,355b77fc69521046a68e6f15b1b8759e4d634b7faca7dc851edb2311a96fe08f
NaAgO2_Va_O1_0,mp-754326,NaAgO2,O1,64,89db49f9709da437d205d24c5ab33c22bd1a1adc528ae3d6c480596562dc53a5
NaAgO_Va_O1_0,mp-6983,NaAgO,O1,256,1770c1b29eeeeaa4d1f6aa024eabc0a58f75d53cb407467d838bf79d3700a7ab
NaAlO2_Va_O1_0,mp-9212,NaAlO2,O1,144,2b59e1855e6360277f6f0b69f150222f9694ce9048e31646b9689632cfb44a36
NaAlO2_Va_O2_0,mp-9212,NaAlO2,O2,216,9d311fff53d9e0da5330eb5b4fab165278f0956a2ec8415a76615d03904a69d6
NaAuO2_Va_O1_0,mp-997089,NaAuO2,O1,64,b4506f60778afff7e8e6ace51a00a902eae27bb38e8dc1819d8bf85f866c3a35
NaBO2_Va_O1_0,mp-3889,NaBO2,O1,72,c5a6ac4f288382dbb1c7e7a46d37b021e952fbeba0f5e889d3aa5a6a9cb37690
NaBO2_Va_O2_0,mp-3889,NaBO2,O2,108,c60cf151bcaf76c76746e6cc019108ce387e5d5d1e3d3913cdea3bdf2bdde173
NaBe4SbO7_Va_O1_0,mp-8075,NaBe4SbO7,O1,216,20a76821d9a7328143f4be7d8775048ec537a958f94e4e112d67dcca5cc6ed04
NaBe4SbO7_Va_O2_0,mp-8075,NaBe4SbO7,O2,234,53dda2ebdb21d9e67cfeccf5199d310e41f96bcf4935ba5a2aa93967f8569f16
NaBe4SbO7_Va_O3_0,mp-8075,NaBe4SbO7,O3,324,94ea39138c51088d5e7fec805b366eb6874d36cda51325aab9518898691664b9
NaBi(MoO4)2_Va_O1_0,mp-1210092,NaBi(MoO4)2,O1,32,7aa8f57ae61d1315931ac943e35e44da4c49c2239666b110d4c74a7b575d5c99
NaBi(MoO4)2_Va_O2_0,mp-1210092,NaBi(MoO4)2,O2,64,1ee963f6e5df2360218f785b1d2a32c927ba1fc0dc39efa6a849efea48d42f61
NaBiO2_Va_O1_0,mp-22984,NaBiO2,O1,64,de415c45d6e78a08fb02c4b200cb05f55613a38ac4ae87d25cf4fa3939cd0279
NaBiO3_Va_O1_0,mp-23054,NaBiO3,O1,108,28b712fcfe6354b917cc06421764cbd3a9d3ff9b118fce11d9f809009992820e
NaCaAsO4_Va_O1_0,mp-1193109,NaCaAsO4,O1,48,eb918c8ff4b7186359219aee886b798f4dcc3849bf4bb9f2bd1b16a529f3f68f
NaCaAsO4_Va_O2_0,mp-1193109,NaCaAsO4,O2,64,16be492fb6131b33a4a9561fdcad2d7b1a4cba2821b4061ccc1287d319f91c53
NaCaAsO4_Va_O3_0,mp-1193109,NaCaAsO4,O3,80,e778110d90385fb7191f26f3e9a98a797c8a9a670ca56a08fbbfeba7d2e2d155
NaCaVO4_Va_O1_0,mp-19302,NaCaVO4,O1,144,fc11777ac27a1b2daef289af64540c818439a001e26ca54c0ff5b4ce55219b91
NaCaVO4_Va_O2_0,mp-19302,NaCaVO4,O2,240,b87b5ec9f0e2155117c0d68f2491536f2f7ab36cbbf7e41e0e27b69451f0976c
NaCuO2_Va_O1_0,mp-997041,NaCuO2,O1,48,3c6c9bef2047056ce743ebe8eadf7b67d11513b99ac09fa4ffa32e94f46867f8
NaCuO_Va_O1_0,mp-7469,NaCuO,O1,256,ded3c68c80ced8aa6bf0e119f5e63f2532c9d12343b576fc242d580adfe8edf2
NaGaO2_Va_O1_0,mp-3338,NaGaO2,O1,144,55f5c2530b280e65cd80ce16947794acc90a5d115bd986e9493e90a9bdf40439
NaGaO2_Va_O2_0,mp-3338,NaGaO2,O2,216,ebdc9c36a81e9d3668381ff8fbab06e0933c83f43fd7b7f28c75a611b340c9f7
NaGeSbO5_Va_O1_0,mp-6526,NaGeSbO5,O1,96,81e5f1fd91ba6897a73df27d3c6db0269c68ae785a47c81b8c2e7a13a5f48f72
NaGeSbO5_Va_O2_0,mp-6526,NaGeSbO5,O2,128,3bb5a39034a0fce1fcb94a723e33629094b19ecd3a9b08a8f6c06ed8d31e3790
NaGeSbO5_Va_O3_0,mp-6526,NaGeSbO5,O3,192,76d5e2a70da37738bb4a9e3dc8cd8c7666a9296ff787922e4cf0c82a44594503
NaIn(GeO3)2_Va_O1_0,mp-1105143,NaIn(GeO3)2,O1,32,d51b62b22f40a9d8f42a06576d669275cc967040758ce0127ef3120e00818b05
NaIn(GeO3)2_Va_O2_0,mp-1105143,NaIn(GeO3)2,O2,48,91408f0c027642c92f71a0ccfc9dc7da4a2c72c91c0eb52ea50c5f79cc3ca7d2
NaIn(GeO3)2_Va_O3_0,mp-1105143,NaIn(GeO3)2,O3,64,52e8fbf43197bf8607833e696085833fa1ea4ea5b2b79e5e6ab589c0e8d5f735
NaIn(SiO3)2_Va_O1_0,mp-6333,NaIn(SiO3)2,O1,32,478f4321799f8cc4707ea22bbb7293a8a32d16eb72f7ebf79b12570e08c352b8
NaIn(SiO3)2_Va_O2_0,mp-6333,NaIn(SiO3)2,O2,36,33a66cf287500c77e99cb11023a1a7c35b1668ebd558aabe428de9f5a4372cbb
NaIn(SiO3)2_Va_O3_0,mp-6333,NaIn(SiO3)2,O3,48,7386ef22c102f773e72574e2156af9b12975493140a29bff6147d9c498a4c691
NaIn(WO4)2_Va_O1_0,mp-20678,NaIn(WO4)2,O1,32,6bc9f31cae47a8e1ef8d35fcb20a0766bff7c5ca7aafaac90e015eca6b23b514
NaIn(WO4)2_Va_O3_0,mp-20678,NaIn(WO4)2,O3,40,04087910973f9cd99c326a613afc455772796d96ba54ae22a3f0ac14093d4543
NaIn(WO4)2_Va_O4_0,mp-20678,NaIn(WO4)2,O4,56,20bdfcf2f3d3501038a10c5f0a6cb2c6eeaa1dcd1d60072bbd63c49258ebb644
NaInO2_Va_O1_0,mp-5175,NaInO2,O1,150,cf4c6a7724eadd9507704344cf8cd20a46f4ebec1a9529368685336dc22433d5
NaLa(MoO4)2_Va_O1_0,mp-1220757,NaLa(MoO4)2,O1,32,55d5e12164433e12ab3798912cc050f201e63bb55a227327e7a9120d5b7a11f6
NaLa(MoO4)2_Va_O2_0,mp-1220757,NaLa(MoO4)2,O2,48,ce934d1479e725054e83579d71cac33b1eabd2d4350f924658729cd6506b6d81
NaLa2TaO6_Va_O1_0,mp-13019,NaLa2TaO6,O1,144,e0e0a3a2337fb6678e64ce438da6b04490321908fddf622b86107423e2dd3509
NaLa2TaO6_Va_O2_0,mp-13019,NaLa2TaO6,O2,216,19f3130fd211fca19872fb9d74387f63c4c9aa3370d440cc0f6815d4944e31c0
NaLa2TaO6_Va_O3_0,mp-13019,NaLa2TaO6,O3,288,ece5cabd6f3b78e2a4d05ca05bf5e0dcc99fb574b742933dc040f574a230a51d
NaLaO2_Va_O1_0,mp-755586,NaLaO2,O1,64,39f2fe08b68603c2a215596b7582114e63bcfd82e851fb163f339814c0d0eb6f
NaLi2AsO4_Va_O1_0,mp-9066,NaLi2AsO4,O1,144,1c4fbfb207a46ce0e5e469119e5ea878ba4ae43c7e650c921ffa62b50fca0586
NaLi2AsO4_Va_O2_0,mp-9066,NaLi2AsO4,O2,162,c74729e1d9dbc7e036454b0ffb3a0c572fb84f61d6ab6fd951f4554389767ad9
NaLi2AsO4_Va_O3_0,mp-9066,NaLi2AsO4,O3,216,bc349333f547e44daa9086621fcdf9948328bd71767791f515aef2ec466f2c38
NaLiV2O6_Va_O3_0,mp-1221048,NaLiV2O6,O3,384,4722f89095f60456c36440e5bcbdc19ccc8aaef633c28f02db1f62eca2ed607f
NaNbO2_Va_O1_0,mp-3744,NaNbO2,O1,64,b1408952be8a6ac98c4cf546c1b2835dfed30d6f983c9a2964a5248831e8095a
NaNbO3_Va_O1_0,mp-1078295,NaNbO3,O1,108,25d130fc12c403313d68d180492d9437d8a7f8bc2f52b6b5b7f4a0cb53d59b7b
NaSbO3_Va_O1_0,mp-4482,NaSbO3,O1,108,a0bed74331acc11f40da6ce0eced5da04ef2d557503657254ae0ab1e22db6259
NaSc(GeO3)2_Va_O1_0,mp-8054,NaSc(GeO3)2,O1,32,116c423d9933f026cde2c77455efc4eae064ef08e6af8072084819efedd4b415
NaSc(GeO3)2_Va_O2_0,mp-8054,NaSc(GeO3)2,O2,48,c4ef64c669ac37b90ead831c7b69f9633fda4a771596f4148b2567d2fb5207d6
NaSc(GeO3)2_Va_O3_0,mp-8054,NaSc(GeO3)2,O3,64,f63ef402e899541d4f0fe3f843993e432a7b6580471cd85d1aef1239348c71e8
NaSc(SiO3)2_Va_O1_0,mp-7074,NaSc(SiO3)2,O1,32,58bc29917355490a83f36dc763c60fdbc3c12a78b2f445f4cdc92621cbf308cc
NaSc(SiO3)2_Va_O2_0,mp-7074,NaSc(SiO3)2,O2,48,aedd932df10c5ce7f6ffa56f2fe07329e856c33b9be7eceb43de1cc571144a9e
NaSc(SiO3)2_Va_O3_0,mp-7074,NaSc(SiO3)2,O3,64,a24ada281d4de67479d68e7dfbe9fef9674769a54fc3c087c63fd3c48194b3ff
NaSc(WO4)2_Va_O2_0,mp-1210161,NaSc(WO4)2,O2,48,c927a5254d829fb88885a7ec29fa65379edf6854c192a2c07e67f4596c41a3bf
NaSc(WO4)2_Va_O3_0,mp-1210161,NaSc(WO4)2,O3,64,9b3b1f44bb39b85b07829422aafa660773a886552925797209282be56e200276
NaSc(WO4)2_Va_O4_0,mp-1210161,NaSc(WO4)2,O4,80,9320c5891d2c27977b9d9515015a93e8c6c130554d3d4707ad109f76c38a88fd
NaScAs2O7_Va_O1_0,mp-550925,NaScAs2O7,O1,96,25425c9810b02e4fbeb76f1967386d4cd3ce7c196b81d58ea44b09805a65bce4
NaScAs2O7_Va_O2_0,mp-550925,NaScAs2O7,O2,120,579aab50e60cf924dcfb4c3a0bccb6617bb4d75afe4f2eceeeeefdec99034bb0
NaScAs2O7_Va_O3_0,mp-550925,NaScAs2O7,O3,144,17011e286f0c3572df71675315a4f1afdc61404e9792e3da3f47fe92cffbc45a
NaScAs2O7_Va_O4_0,mp-550925,NaScAs2O7,O4,192,3f2469db8cd30dcd0f3de03ca4c0b329e3841bc34bdf0bcf369d678e5116c35b
NaScO2_Va_O1_0,mp-7914,NaScO2,O1,150,f915ba31ee31afa714fd9687a46b35cdfac5417cb386924369a9109efc49d573
NaSr3BiO6_Va_O1_0,mp-555812,NaSr3BiO6,O1,30,45acae9cf9cada06b315d613136762148087c14e344d019649c5b670dd5e7d2e
NaSr3NbO6_Va_O1_0,mp-6361,NaSr3NbO6,O1,30,80020861bb01bb5b3f21620c2deb18537f470c7188f69bafbc221d0aa78ec279
NaSr3SbO6_Va_O1_0,mp-10461,NaSr3SbO6,O1,30,7ddbc7aef069de387eeb9c79c19b5bdd18a2879f91b67fc1fe9af290c585177a
NaSr3TaO6_Va_O1_0,mp-13042,NaSr3TaO6,O1,30,9070090c71553a30b0a5812ed60e70ad284d50799b9049666ab01eef481764ff
NaSrBO3_Va_O1_0,mp-556695,NaSrBO3,O1,216,ef3ef1325b56be80f730e8a8df57c10432f354fef83f86ceb6571d79181fd2df
NaSrBO3_Va_O2_0,mp-556695,NaSrBO3,O2,234,4e60d34b1ec8b66d0ee448199b7464acaad38767b0bc3afebd14f1af2c90cc5e
NaSrBO3_Va_O3_0,mp-556695,NaSrBO3,O3,270,1a8eb8785390feb2b008daffb30e6b1a3ca2957d4727b11fab5e026099614248
NaTaGeO5_Va_O2_0,mp-6066,NaTaGeO5,O2,128,9752f094b46ca78112d77fc236fde66bcfe35e22d4d3be3816fb2dfcf490b45c
NaTaGeO5_Va_O3_0,mp-6066,NaTaGeO5,O3,192,e5682970cccef27946f606ab5ee3f3a16ab78f4f4f3bd678b555cdab9d717754
NaVCdO4_Va_O1_0,mp-19449,NaVCdO4,O1,144,ded4499de9e8b5310e33f62a793214dffdd6009655180c743ab8997bc704955d
NaVCdO4_Va_O2_0,mp-19449,NaVCdO4,O2,240,998dd69fde3966d7789b72872ec03a29d16482a3cde8a94c3b5b2396d578ab0e
NaVO3_Va_O1_0,mp-19083,NaVO3,O1,192,fd4d2e3799149b7baabd5ffba1e56e420cd42d878b01bf34d2a017c7f61732ee
NaYGeO4_Va_O1_0,mp-17394,NaYGeO4,O1,48,8d96bbb6b34ed5146f3470d0d7b7a5a5ba5bea7968fc0ad74f0fb40409254dd6
NaYGeO4_Va_O2_0,mp-17394,NaYGeO4,O2,80,f70eb4ed2a75a2351c0fc95b6f5a3d7db9b3fc24e51f202ac4f3d2faa1cd0328
NaYGeO4_Va_O3_0,mp-17394,NaYGeO4,O3,96,18ea0ced21ba772a95df72fb2459db1d3d78a60c20633d2566d62c111224613b
NaYO2_Va_O1_0,mp-30980,NaYO2,O1,64,83945393f3c08523c1f4870b599319a7419f81b2391424d390bb41509f9ded2b
NaYO2_Va_O2_0,mp-30980,NaYO2,O2,96,ba3d352dffa5410e276a8d93859f6d7106734f1599a0191809732da49980ac66
NaYSiO4_Va_O1_0,mp-17891,NaYSiO4,O1,48,412125700553d974628aef89d6b0ae7eb56c3460bd5b89ea9a48fd5fd074c8c5
NaYSiO4_Va_O2_0,mp-17891,NaYSiO4,O2,64,4b18abe0895e9a73b30b657acb92a47b9f1df2312d7fd31dca07f89207bfb25f
NaYSiO4_Va_O3_0,mp-17891,NaYSiO4,O3,80,51588e0367b4398a4f4be80077c95c0ef4623ae778261ea57e7cf3f241634852
Nb2SnO6_Va_O1_0,mp-3324,Nb2SnO6,O1,108,4600d24e1c5e96a41d0c014c295e12d3c51b79804a65e5e9a19cddfd3add6dbf
Nb2SnO6_Va_O3_0,mp-3324,Nb2SnO6,O3,216,07483778aacb45ef59762c02b688e7e98f00b1b787b132c69f3511994474916f
NbAlO4_Va_O1_0,mp-27927,NbAlO4,O1,48,d2665ee3688151fe7827b9fa2099eeaa57deb52c2d799e18cba0e5c7317ccb3f
NbAlO4_Va_O2_0,mp-27927,NbAlO4,O2,72,dcd583db87409279b26dc4d8af7c8ba046f6afa31c9afeb3dbf9db0ed8c1685f
NbAlO4_Va_O4_0,mp-27927,NbAlO4,O4,120,3fb786aa88e2d03a2d7e2403be2c027ac2414cbb4e1e6647f06fe4eb9257f2db
NbGaO4_Va_O1_0,mp-7601,NbGaO4,O1,48,f89e99e2c3f03ea578e2ca2dd56485b23edf1c19a1067d770ee7f05beb03e693
NbGaO4_Va_O2_0,mp-7601,NbGaO4,O2,72,35e2c173a24b6216029485e4c6ea5d6ed583161a606bbee0f2f3f5a574fb5494
NbGaO4_Va_O3_0,mp-7601,NbGaO4,O3,96,0ca3c138aac748ce6c11981c8172c44cb73edf61a729c94eac5b8658bee2f26c
NbGaO4_Va_O4_0,mp-7601,NbGaO4,O4,120,8ce6e7e13eb713a0e4f069b7434341c13ef408ea3b56cd2ee52287ba92431992
NbInO4_Va_O1_0,mp-9595,NbInO4,O1,108,01dae7bb3166f86593986177b476c1ae447ac2487846e00dfcdcb6cee67b8804
NbInO4_Va_O2_0,mp-9595,NbInO4,O2,216,ae17fee71720d5e5f28447ee42869f3b9a51d31c070cd7ae4dcb8967b347d97a
NbSbO4_Va_O2_0,mp-3491,NbSbO4,O2,48,fdb7aa1e62b73e9bd272f91ee36fe5aa077a60605e55120e3e5aed45a32ad1dc
NbSbO4_Va_O3_0,mp-3491,NbSbO4,O3,64,be6454482aaad52926f4c163042c3f3fa8905670ac0cc7e3da12de0979075d64
NbSbO4_Va_O4_0,mp-3491,NbSbO4,O4,80,0b819ce60c1ffce7efc7e564d43c2894516fbdbe6ed26e97d3763633d831ae42
Pb3O4_Va_O1_0,mp-22633,Pb3O4,O1,48,dc465c33947f9597f95b196be80c411551d142ef63d839066c6a69506f51d70b
Pb3O4_Va_O2_0,mp-22633,Pb3O4,O2,80,a3ad1c24296b706e929f2393f108d4e52cf64c3822dc41187d04b8829d2e2f14
PbWO4_Va_O1_0,mp-504591,PbWO4,O1,72,820a7b2a2c750ce60d72775791a6785b0a2cee9bfc8a62aa119a0221de2eb602
PbWO4_Va_O2_0,mp-504591,PbWO4,O2,108,d49457984bd9b7c198696013f7bec6e1081a7693f4def7214676f777778789a1
PbWO4_Va_O3_0,mp-504591,PbWO4,O3,144,dded3d3e37d4de4b2916730aec85fe2e120b027e4711772dbcd4b37f51e92b73
PbWO4_Va_O4_0,mp-504591,PbWO4,O4,180,1f83e5e69926711ddfb1b7985548177f93e53c7cabcb9ad47f7af7c90d17e2c7
Rb2Al2Sb2O7_Va_O1_0,mp-556275,Rb2Al2Sb2O7,O1,108,4d56c6573d7e66f5291c1e443d59d303361f67ec07fd0d51aa08085691da519e
Rb2Al2Sb2O7_Va_O2_0,mp-556275,Rb2Al2Sb2O7,O2,198,f8b4e7ef96ebb2d5fd0adcb95790f1689f861576811d6f5804c4497df7044b7e
Rb2Be2O3_Va_O1_0,mp-755752,Rb2Be2O3,O1,192,16a749755cbf0ad6a6e60e67cca246cfd4347ccb276f384b27bf36e2bf45f612
Rb2Be2O3_Va_O2_0,mp-755752,Rb2Be2O3,O2,204,6d0c3a3e3c71bb25206d5f0e85d90afc3a24f2ffa89b651c36427a749397fd9c
Rb2CeO3_Va_O1_0,mp-676666,Rb2CeO3,O1,216,c785ff3fdd09845737036e1c9db5944f3c3e68cf4c84d4bcb0043935651aeda1
Rb2CeO3_Va_O2_0,mp-676666,Rb2CeO3,O2,252,d5fd23eafc8c5724c21e12cbdf67fc4bd0f94bd6c304193344098250010e07a2
Rb2CrO4_Va_O1_0,mp-17071,Rb2CrO4,O1,144,e8cc6354cbc4e1746847dfcec78b83910ec4f6d9b6f0fcee40b479b1d918d39c
Rb2CrO4_Va_O2_0,mp-17071,Rb2CrO4,O2,240,daed8db02646b42f66e770eb77104358c56b7e22e3567cca5b9e6216e5d2acec
Rb2CrO4_Va_O3_0,mp-17071,Rb2CrO4,O3,288,5cf92346680285baa30f7bfe052331a6e8390345413f73a3ab4102aff51479f3
Rb2Hf2O5_Va_O2_0,mp-867300,Rb2Hf2O5,O2,216,5565a3a16b06f376c06faee181ea023abf51484b42e0e27a84b20cf920e74c04
Rb2HgO2_Va_O1_0,mp-5072,Rb2HgO2,O1,54,24d0b16789856859f67caaf27b7fab35587de0e7e57690c07b78ade6a306ae86
Rb2Li2GeO4_Va_O1_0,mp-8450,Rb2Li2GeO4,O1,180,2cc96947e30a7dd96f2c008280ad5b655d4ee643dbdd39d725c879d43dec52a8
Rb2Li2GeO4_Va_O2_0,mp-8450,Rb2Li2GeO4,O2,216,1f29c94a658e55e45faa2d32e8608d04c292e1989f77c72e5cb529f2288f1ac5
Rb2Li2GeO4_Va_O3_0,mp-8450,Rb2Li2GeO4,O3,252,fc89bd4bc51da35b92e7e94d1d08a14c16b2106e9ec77d54d12cbe8512c87cb5
Rb2Li2GeO4_Va_O4_0,mp-8450,Rb2Li2GeO4,O4,288,1bb15b47746151c4581f264fd1620d6b5ca6e7382b747cf7b79d05b1acc9261e
Rb2Li2SiO4_Va_O1_0,mp-8449,Rb2Li2SiO4,O1,180,82ce595c7c6f091e0acabb1bc666bb8e3f32b7111bcc0d1f737c00011d55f77b
Rb2Li2SiO4_Va_O2_0,mp-8449,Rb2Li2SiO4,O2,216,a2d5988c6434ffde6b3eb08609d470b3a27909f451c51db7754bdc43a97a5d52
Rb2Li2SiO4_Va_O3_0,mp-8449,Rb2Li2SiO4,O3,252,bd315a5c91571abbf1a126c46d701390ea3201d79fc2862a98593ae249d38b73
Rb2Li2SiO4_Va_O4_0,mp-8449,Rb2Li2SiO4,O4,288,00273151ad16a3a76d4076f15b33f4d777521c221017e3f16f0f9c9df366f7c0
Rb2Li3GaO4_Va_O1_0,mp-1209478,Rb2Li3GaO4,O1,48,49ce767b1a35443918c1cd07e824aeeebad2a9cac49155153f4918a3bf199cfc
Rb2LiAsO4_Va_O1_0,mp-14363,Rb2LiAsO4,O1,64,586dc64d9a54bfddc2363eb465e3c1b3eda63cae6dc01ea0e9a607486acd12e9
Rb2LiAsO4_Va_O2_0,mp-14363,Rb2LiAsO4,O2,80,143e2e517270696f3d1c36ad382d871479bba0cc52c4b54b8bc4ea89a6db52cb
Rb2LiAsO4_Va_O3_0,mp-14363,Rb2LiAsO4,O3,112,9952a29fdc896e9f84f6b75dd6484b8672f800e7c1b59b40206d5c04b6e8b525
Rb2LiVO4_Va_O1_0,mp-19123,Rb2LiVO4,O1,64,9d1271ccd7b9becb63c5d7bff5eb13c0f1631f16f766f60b055c49dc9699c8bd
Rb2LiVO4_Va_O2_0,mp-19123,Rb2LiVO4,O2,80,c261dde39e339d55eafc8a58965fb2f1da3984aad14ad853c5309727f571da81
Rb2LiVO4_Va_O3_0,mp-19123,Rb2LiVO4,O3,112,8bfb95738f991339e48272b1e6a5772b1cef46c225116f9e03e9a3baef66513d
Rb2MgO2_Va_O1_0,mp-1541753,Rb2MgO2,O1,48,faf7522df00f494eab749e71beb6716337526b5993bedb125c0957b933e3063a
Rb2MoO4_Va_O1_0,mp-19212,Rb2MoO4,O1,48,9fc5e16e2e39f19f9e822638ad7784b6f349f8220af5cf00c5c9aecb107e7b36
Rb2MoO4_Va_O2_0,mp-19212,Rb2MoO4,O2,80,581018478bc5c4df87f31384f269e18e0b841d7726d4d9d6424b08f62ae8a51f
Rb2MoO4_Va_O3_0,mp-19212,Rb2MoO4,O3,96,f41bc04cfaab3f90ab20d12ca6c685a81e6083b3f53ad50f4f86a31cf3e2c9ca
Rb2O_Va_O1_0,mp-753746,Rb2O,O1,64,e0bc53b79c50696a77473436a47fa2801a22d2ba253afae7eaf02053753f06b7
Rb2Pb2O3_Va_O1_0,mp-1209489,Rb2Pb2O3,O1,128,097519ecacaad434b6c4143e7b30f13c67dd16565b8f2e87e2ddf6ba4884d2c3
Rb2PbO2_Va_O2_0,mp-504598,Rb2PbO2,O2,252,95489a3ae4aa247172c197e3fda0ab35b8253172f7d0d2b6364c02ff2368a9fa
Rb2PbO2_Va_O3_0,mp-504598,Rb2PbO2,O3,288,2ab199e8d81a92d2624b98702b8fc5811b4da79a2acb9fe3da90cfe51c970916
Rb2PbO2_Va_O4_0,mp-504598,Rb2PbO2,O4,324,11710889801818412e28105c1aa67ecd079067337dd458f04cc2885ebc209578
Rb2PbO3_Va_O2_0,mp-21461,Rb2PbO3,O2,234,287c119afab2ea313662b7a2e1bb58e906859446091b921d8330f98497ce5d45
Rb2Si3SnO9_Va_O1_0,mp-17382,Rb2Si3SnO9,O1,48,cc2b6f1334c6e6e5835b362d33f46eb761ce9b2a8d38f5b6a9603d9508647800
Rb2Si3SnO9_Va_O2_0,mp-17382,Rb2Si3SnO9,O2,96,c515f65005d6a7b97a5e4d7856af3554bb1a43db30a2e894b18bd09f1f25870d
Rb2Sn2O3_Va_O1_0,mp-7863,Rb2Sn2O3,O1,48,4b91713788e8b65f47febf584c5e43cda80870bca9d0328d6821b1688f16597e
Rb2SnO2_Va_O1_0,mp-27931,Rb2SnO2,O1,288,69389a9ff1f97e08111e35bda5b324b0a69fc1832c347d2417060a5855d72a11
Rb2SnO2_Va_O2_0,mp-27931,Rb2SnO2,O2,312,cb4c046fad8b01cf14e16417c97cc94066df3188ab6258b0e77f49ae22a04356
Rb2SnO3_Va_O1_0,mp-753798,Rb2SnO3,O1,216,ac1f757074990742898cc6d339b9f8684f6011e204b58a7967bdf480aa084096
Rb2SnO3_Va_O2_0,mp-753798,Rb2SnO3,O2,288,b3ad01db23e1cb1991e50ec30d7d8ee887bc15c28af4e2a4808373b81eaa046f
Rb2Ti(SiO3)3_Va_O1_0,mp-17037,Rb2Ti(SiO3)3,O1,48,655092c48c5831c0a69285c6951039ca79e232d2518d9f95b16c341b390217f1
Rb2Ti(SiO3)3_Va_O2_0,mp-17037,Rb2Ti(SiO3)3,O2,96,e38e6b8441921ea39b4a387b5195c6a034291dc713202deb3c39fd84e55e603a
Rb2TiO3_Va_O2_0,mp-5403,Rb2TiO3,O2,64,91c8e78d0c3ec2c4a6c4e76d7ab5a21ed2be1da5a74f31158fdaef2af8cf990e
Rb2TiO3_Va_O3_0,mp-5403,Rb2TiO3,O3,76,b65e3aa5f50462fa062ba0f212bf8aa51f6a0486e405a8f9cf0076a86953f733
Rb2WO4_Va_O1_0,mp-18864,Rb2WO4,O1,48,fe50227eee5367fef7afebef77c79e41e88b469c9d040163fa9dfd909f6c579c
Rb2WO4_Va_O2_0,mp-18864,Rb2WO4,O2,80,7459bd68bc3e18c002d385e5b7c79977f81ae17f832fb08b01e80233bb78ef85
Rb2WO4_Va_O3_0,mp-18864,Rb2WO4,O3,96,60630804f079486178d726173c465fe7efff4dabbfd5a2a5fbabcd70e2856d8c
Rb2Zn3O4_Va_O1_0,mp-29606,Rb2Zn3O4,O1,180,a24b2b2eeb14bbd90b50798dcd5c2ed66fe0819bd4d8cc1d6d1d50d6cb57c573
Rb2Zn3O4_Va_O2_0,mp-29606,Rb2Zn3O4,O2,252,07bdbdc1f30391de3f4e65b0749d76e180c9e5613148393d9d35d2a16128b3ca
Rb2ZrO3_Va_O1_0,mp-756156,Rb2ZrO3,O1,216,cbb38a0d2b7fc15d4a8a09f491726ba7ac9f7bf2dd76c8f5ad69a6cf9921cc39
Rb2ZrO3_Va_O2_0,mp-756156,Rb2ZrO3,O2,288,2e383b0547178eb135183fff251c33a656c4be112ae7d0353a88239d5f69d011
Rb3AlO3_Va_O1_0,mp-14951,Rb3AlO3,O1,64,d6f51001f3a207236ab217cf6fd97cc64c7bddd0c997e000815319965cc99840
Rb3AlO3_Va_O2_0,mp-14951,Rb3AlO3,O2,96,b40e7c570ad68ae1647d4debadc1c35ac722425b66d2a6404d0828872e3d3fa3
Rb3BiO3_Va_O1_0,mp-29525,Rb3BiO3,O1,128,9df0e72b5d0c1c6330cb1e224530bde7e9dd49dd5792c618fbb2625cdcfd620e
Rb3CuO2_Va_O1_0,mp-28568,Rb3CuO2,O1,192,bb1ac7b900b5c033f3fbc80c72708db058ba51ba4c59ccfcb2eb87a4e56d804d
Rb3CuO2_Va_O2_0,mp-28568,Rb3CuO2,O2,240,433db25b59a2d89b16a09c7a0915c75ff23a8028e219ed6539c7c5bc0ab0bcfa
Rb3GaO3_Va_O1_0,mp-13744,Rb3GaO3,O1,64,12a2d5cf7dc8e1c14a2616da6fa8345d59fb09b5fdbaa46dfebc0ebae92665e3
Rb3GaO3_Va_O2_0,mp-13744,Rb3GaO3,O2,80,8c5d7371ca1c19deba52e3abe9bb007f30c484426fa39ca4c3a0fcc0e9e1f710
Rb3InO3_Va_O1_0,mp-849527,Rb3InO3,O1,64,4096df94aa392d4c0a4fcfd2bac22109ebb58a225faeaec40a5bbf3e83f60238
Rb3InO3_Va_O2_0,mp-849527,Rb3InO3,O2,68,7b6e4aa8759bbd1513992b6db59ce8b609a0f4d69a236a7d5da23659513cb988
Rb3InO3_Va_O3_0,mp-849527,Rb3InO3,O3,72,fe320e031c944d9f408873d1c21c360f1efce961245f8091e483f3c1fc02b1a1
Rb3SbO3_Va_O1_0,mp-768232,Rb3SbO3,O1,128,7bf57ac4489800bbd4c62dc55a47979f985549ba31bf1c198dcee0d50288a0a4
Rb3TlO3_Va_O1_0,mp-28380,Rb3TlO3,O1,64,e65352930961ea96a56de5d616563d8f3639fa167bfd6242a9ac96e9c182c4f6
Rb3TlO3_Va_O2_0,mp-28380,Rb3TlO3,O2,68,f3054079f2bbbbdd56bb32f3fe6ba8312b24ff57e4fbf6d6e3cdf1948de92946
Rb3TlO3_Va_O3_0,mp-28380,Rb3TlO3,O3,76,fa61dd38f1bf47217ae7bbf09bcc0300e721c3bfa49e489e1c3cf9cf7559aa31
Rb3YV2O8_Va_O1_0,mp-1209350,Rb3YV2O8,O1,108,ee1ab38c5518e9d882d8a1737edf56759ad5f8f7db94ff32ee92d1e7e56308ca
Rb4PbO4_Va_O1_0,mp-756746,Rb4PbO4,O1,180,0e36fc2cfe2a5581750847a78bb8e799c0f17437dac6eee89e0b978309bddc14
Rb4PbO4_Va_O2_0,mp-756746,Rb4PbO4,O2,198,7bbc0dfbcd1b7e1de710a43a24bb04f99bbc77eddd6f76a2ca5810ad381ccf9e
Rb4PbO4_Va_O3_0,mp-756746,Rb4PbO4,O3,216,efba214abf3df6e1e9082d72e75abd79a3505520548b45841d772df4dec2c3f8
Rb4PbO4_Va_O4_0,mp-756746,Rb4PbO4,O4,234,394225307e9515f045a05ef6a69ff434d0d2cd6448bb2da3ea87bd38340408bd
Rb4SnO3_Va_O1_0,mp-756570,Rb4SnO3,O1,180,0e11d33bd1a6f56fee8a61332c801288ef1ef446597370c4fc36d10bbb7f5bf9
Rb4SnO3_Va_O2_0,mp-756570,Rb4SnO3,O2,198,39f3e9e2200d3277755600d9bca8c71a3e25ed1bfd67648a934d890d132e7ff6
Rb4SnO3_Va_O3_0,mp-756570,Rb4SnO3,O3,252,c9855c4a0c1023551d6225073a54511994242109e19492a8bbc1be6da1238895
Rb4SnO4_Va_O1_0,mp-7118,Rb4SnO4,O1,180,bc0e671c1404853b2b45d18c6d9ad12146ac85e2f3ba62b662e0fedfc0caa00c
Rb4SnO4_Va_O2_0,mp-7118,Rb4SnO4,O2,216,535858e608d81aeee9408584f19c50450b81f0f95b218d697cbf18fdec0e910d
Rb4SnO4_Va_O3_0,mp-7118,Rb4SnO4,O3,252,1f9581e94f8ca1a5f67b3a87fb8c04f24e0d1115b0afeb3a98f9b00f209acdef
Rb4SnO4_Va_O4_0,mp-7118,Rb4SnO4,O4,288,c8c75d8013b3324bb9a36c0a9be28fefa94807febe23c421c1ef345ab2a72827
Rb5Au3O2_Va_O1_0,mp-29920,Rb5Au3O2,O1,96,fa5127ada5d5292bc78f874affbb7c35086b03bca1e783e3d1f03094fa767711
Rb6Si2O7_Va_O1_0,mp-18483,Rb6Si2O7,O1,192,9a58d2226c132d939ddbf1235202e33ab83f65f62a1981e930a1eb3ebfc1a7bf
Rb6Si2O7_Va_O2_0,mp-18483,Rb6Si2O7,O2,204,cf3e484e973ebb4683fa056296ce9eb39346dab967a72fb676a3dc5188edb5d6
Rb6Si2O7_Va_O3_0,mp-18483,Rb6Si2O7,O3,228,c1182fd212d7642800538ae638b3b541ba0d52b15cc9d43510ba542c16458575
Rb6Si2O7_Va_O4_0,mp-18483,Rb6Si2O7,O4,276,099a1b7df229ea64e17cbf42b294fe4e56b3134c113beac01b362feddee911d3
Rb6Ti2O7_Va_O1_0,mp-770408,Rb6Ti2O7,O1,192,2d553a248906219a20878f75f134933999739d91f0e2f3b304ecce298c2e5e2a
Rb6Ti2O7_Va_O2_0,mp-770408,Rb6Ti2O7,O2,204,e469a4cc8a12f24f5bfff64f8256052b56596c17319cdd5a7030fda1ba19c501
Rb6Ti2O7_Va_O3_0,mp-770408,Rb6Ti2O7,O3,216,d566e2c15c6882c8fed99e50f7dc4bbf182f2868dc268d5012086b6ffcc86ae3
Rb6Ti2O7_Va_O4_0,mp-770408,Rb6Ti2O7,O4,228,2c1011de0518ad3ec616b5fb767e3366a69e16b24cd35a49f33d07ecb1c6a836
RbAgO2_Va_O1_0,mp-997052,RbAgO2,O1,48,474343dd87992628c363b5d208384abada74e7e8c9d013e0a37c076affdc444a
RbAgO_Va_O1_0,mp-8603,RbAgO,O1,192,6560e091b8281c89df910700300af7b87d1421d9d69adaeeff4f970ee87242ec
RbAl(MoO4)2_Va_O1_0,mp-1209248,RbAl(MoO4)2,O1,72,73028e58fa952518033382d427533b151c10d2c032683534b52d922ed142c2ab
RbAl(MoO4)2_Va_O2_0,mp-1209248,RbAl(MoO4)2,O2,180,43853f931dcac2003b3d07e4c31659cfe0ea5c0320a052135f341e5cdfd0a811
RbAlSiO4_Va_O1_0,mp-6434,RbAlSiO4,O1,144,08c429caa5f0207d8a1f594cc3be31cea98b568a39fb8a2bc9fddeb680755164
RbAlSiO4_Va_O2_0,mp-6434,RbAlSiO4,O2,192,5990ab88c1405ae97d6d9362f91cf458bd302deed88094455947d4231b28ea1b
RbAlSiO4_Va_O3_0,mp-6434,RbAlSiO4,O3,240,be9d186d81a2f201a7411add93761909c19f1ce951770ff16e8f03192765bac2
RbAlSiO4_Va_O4_0,mp-6434,RbAlSiO4,O4,288,8f8934ea547809215076c62671960739508c85e637cba34715d3b36e80bd40d8
RbAsO2_Va_O1_0,mp-30299,RbAsO2,O1,96,2a9d9c19f4ed9ce60175672596ece42a5443bc7e7e5c5ebb455599819d1adb58
RbAsO2_Va_O2_0,mp-30299,RbAsO2,O2,144,0dacbe430ee19763df74e0efede2490063c32b55e36b7281e88952103a53eb28
RbAuO2_Va_O1_0,mp-7472,RbAuO2,O1,48,57f254fe8030c466fff1ca8594d850db2e5e05d366aa22302c6db828ed7ed986
RbAuO_Va_O1_0,mp-10547,RbAuO,O1,192,be5f2f806a2c80032fe91d2ba1a332e91e72696df64af4f66f9ab62039374ab2
RbBO2_Va_O1_0,mp-31358,RbBO2,O1,72,aa99f1247a6683176d72d10ecbf69397cfe69413cb0cf46a2d05bf8e3bffea50
RbBO2_Va_O2_0,mp-31358,RbBO2,O2,108,f7cf935ba4f0a87a1728abb0e7a547a828f38a32e49ff0b179d0cdea1f573485
RbBiO2_Va_O1_0,mp-29521,RbBiO2,O1,96,cb78acdbc5302af907c4d0abc768141ac22c683aaae2b367b76e74ee1e71d412
RbCuO_Va_O1_0,mp-7470,RbCuO,O1,192,7af6ddd41e5e98bc69b08e8727e3060375adb3f08aa26daeae36d1bbb7ec054c
RbIn(MoO4)2_Va_O2_0,mp-504506,RbIn(MoO4)2,O2,144,e2ef2949d0cf4d7261dc247dccdd87403239279d30ad775b852a93ece65ab24d
RbLa(MoO4)2_Va_O1_0,mp-18473,RbLa(MoO4)2,O1,144,9e23a97e211932ae8c0f30832e7fe53e2c57aa309357260b2462ff9f5d4e939e
RbLaO2_Va_O1_0,mp-7972,RbLaO2,O1,150,340c3f44d64d1d2afc7b6d171c613b8a23d0d50b3903bf904e29bb1ac1fde867
RbLiCrO4_Va_O1_0,mp-18741,RbLiCrO4,O1,108,2eea47efc175eabe0dbe3142dadf57ae41fdd1d5370fb6c1eda7dff5bb8eb69f
RbLiCrO4_Va_O2_0,mp-18741,RbLiCrO4,O2,180,8d0be3b8c33dfc3708db4985492bc27ebf3be32221a561e565e836e890695fe1
RbLiMoO4_Va_O1_0,mp-556209,RbLiMoO4,O1,192,b0f83a6f7c4669590d60ed88bad99b6760e1f836c948e587b305c8040817e107
RbLiMoO4_Va_O2_0,mp-556209,RbLiMoO4,O2,224,bd6e16769871fb9f490592b47036a59dbe2fef419ab821b0f5c1547e5f829af8
RbLiMoO4_Va_O3_0,mp-556209,RbLiMoO4,O3,256,73c81cdcdf08879750dbb947d6deb6026f2190650b5bb4a7f7ed3b2392c5b7a5
RbLiMoO4_Va_O4_0,mp-556209,RbLiMoO4,O4,352,9084da59c6c602c25920c98c312de4650e1376b4f13936a853d0f83e2660f058
RbLiZn2O3_Va_O1_0,mp-18422,RbLiZn2O3,O1,48,d94df3b6475bc2038d2b9c2b44f418c88b90bc267457ab54076d04bbfe087fb4
RbLiZn2O3_Va_O2_0,mp-18422,RbLiZn2O3,O2,60,bbae32a44ce6c42801da74e60fa7a5f341204c7d5b3d28df9fb835745c8d7d69
RbMgBO3_Va_O1_0,mp-1020633,RbMgBO3,O1,96,0dbecfb2086a236222fc22a292200e85ec5cd878f63b120cff48d1b4074f167f
RbNa2AuO2_Va_O1_0,mp-555018,RbNa2AuO2,O1,320,e997bfbb2cf23facec048e6fd9d683fffc4e8dda6c5826285fd4ee01edc8bc5c
RbNa2BO3_Va_O1_0,mp-8872,RbNa2BO3,O1,64,68ab488c41299fe37dbcc7bdce71ec6b16aa84f44c399b763f7af14ae1dad96f
RbNa2BO3_Va_O2_0,mp-8872,RbNa2BO3,O2,80,9760576da1b8eebc38379ad9c27477be0eba908d3231ed4d20c43ebca59640fa
RbNaCd3O4_Va_O2_0,mp-1219559,RbNaCd3O4,O2,96,b83d13c9520b0df8bddcefecfa081a07b968261c2fa6598e6ac7b0aebcc4f805
RbNaCd3O4_Va_O4_0,mp-1219559,RbNaCd3O4,O4,128,c74ffaf80ca54e1784bf02a8b6d393f183aef1594eaa8e4924c3e3a2e68d125a
RbNaTiO3_Va_O1_0,mp-556185,RbNaTiO3,O1,48,e5d60c5ddbfbdbafdc6ce3bc7513c929441f706d7b6b226973efb67074386d78
RbNaTiO3_Va_O2_0,mp-556185,RbNaTiO3,O2,64,f388be2a90930f48321e6cda154730f68bbde726878ed3f3709a9d2c0b968b1b
RbNb(GeO3)3_Va_O1_0,mp-540633,RbNb(GeO3)3,O1,40,58889952a537996dc9abd4d6456f52052b7283be844a5c5dedb4c724602ed172
RbNb(GeO3)3_Va_O2_0,mp-540633,RbNb(GeO3)3,O2,64,cd06e2ecd31a924f840e11b49383dbfbedc0fac0e5a1d491b41f9a991126ddb1
RbReO4_Va_O1_0,mp-4035,RbReO4,O1,32,cfd4362a2c49fcd150033cca731d9b499032a2cb57f37b921524aebbf9a9ddc8
RbSbMoO6_Va_O2_0,mp-1219606,RbSbMoO6,O2,168,896abd7b44d78cfa9c03b92a3c8cf3411c62a2f9d44a28fcb91fb54924df603c
RbSbMoO6_Va_O3_0,mp-1219606,RbSbMoO6,O3,192,0652c90962227f253c8e2f480c13da743c53ea1da62ea29df89518f81a8645f8
RbSbMoO6_Va_O4_0,mp-1219606,RbSbMoO6,O4,216,c37442bd3981d1711c12af4c89d45e824299c91a2f5ddeaa136b1313e59cfe98
RbSbO2_Va_O1_0,mp-10418,RbSbO2,O1,96,c6c485124ec2b9618a22cbaf0b1520e750964dc3f0e79e1a55f9edd1acb63ce0
RbSc(MoO4)2_Va_O1_0,mp-1209180,RbSc(MoO4)2,O1,72,451ea2a0cbfd971e751191f4b74b0c54ef044be6a09fa8ecae8cedaf75945dd3
RbSc(MoO4)2_Va_O2_0,mp-1209180,RbSc(MoO4)2,O2,180,b61494e63f0ce2f3ed42d05bade8069efe18d611e210f8e747feae9848b007d9
RbSc(WO4)2_Va_O3_0,mp-1209239,RbSc(WO4)2,O3,256,404304a5af8e007752f3cfd883604bce442d3fb0d465e088ead1d59daf271569
RbScO2_Va_O1_0,mp-7650,RbScO2,O1,64,3ace8ea4daab1daf077e10b44bbe0fd17086397ba9fdae5c7025064f06fbfea9
RbTa(BO3)2_Va_O1_0,mp-1209097,RbTa(BO3)2,O1,128,3c5d4fc211e422dca9c83712488c93dc501cbf9eae5ee82de23e100c881a439c
RbTa(BO3)2_Va_O2_0,mp-1209097,RbTa(BO3)2,O2,192,9490ed4087e61146a438e242a16237a9dbc1ce19b6f681d9f6a493e736d93e58
RbTa(BO3)2_Va_O4_0,mp-1209097,RbTa(BO3)2,O4,256,ea31261babe4dee5bfafe9fcccd2cfa8f814b894858941efd8d9fb6d6b65d378
RbTa(GeO3)3_Va_O1_0,mp-540632,RbTa(GeO3)3,O1,40,5735a46c63ee1f42ba8d0fba2ac1e6a8c9924499a94266254ba30aa318be10f8
RbTa(GeO3)3_Va_O2_0,mp-540632,RbTa(GeO3)3,O2,64,c05a2b736279b4e1007f5ec76f4b4e6b9189eae093bd01ff25a99d7a05eb8c97
RbTaO3_Va_O1_0,mp-3033,RbTaO3,O1,128,1c210f2eea10d1da810e120422cac6edcdc4f105c4fcc809c23406a6239c9783
RbTaO3_Va_O2_0,mp-3033,RbTaO3,O2,160,072d3bc1b18425626724b4a5843d307d7ea77988dab818c3722345213f8a38b3
RbTaO3_Va_O4_0,mp-3033,RbTaO3,O4,256,da1d2bd24b46d0f12a30a5c070003f9c0a25d0c887a4ff143d8669887a91b0ea
RbTlO_Va_O1_0,mp-1206230,RbTlO,O1,64,efc8a25c5e95b481b171486388d75f50bafe4eaa32383129ef85fb87234e71fb
RbVO3_Va_O1_0,mp-19031,RbVO3,O1,32,4f7e4c6ce7cb904c87973535eb0f6d03a40b963be9eef6d8821c2bd27ea7612d
RbY(WO4)2_Va_O1_0,mp-1209133,RbY(WO4)2,O1,128,813f13826c66f4281f62aa67e64cd276d29b3c64bd0deef472df7d8ea1ec6ba1
RbY(WO4)2_Va_O3_0,mp-1209133,RbY(WO4)2,O3,256,dc263858ba75ceb56d8976b5482a107e3e76da1b97ea625df645f7447d4c18a0
RbYO2_Va_O1_0,mp-14437,RbYO2,O1,216,80ce13cb146aa987265848dbd9eef47275b122951ed18939df9e802696ffcd90
Sb2O3_Va_O1_0,mp-2136,Sb2O3,O1,32,3727cbe43665ab7d95351f8b3eea16f900f4d1aa7585bbeb72fda48ab20362c6
Sb2O3_Va_O2_0,mp-2136,Sb2O3,O2,48,2d0586428d135198f354690abdacb4a4b46afbf735425b31a2491164e4a1d2fe
Sb2PbO6_Va_O1_0,mp-20727,Sb2PbO6,O1,24,110b2ce4d062132f101f07ad2a6976c9482a29ee3a02fb00e02f16f26e78cb3e
SbAsO3_Va_O1_0,mp-28109,SbAsO3,O1,48,fb12a324c4af9c464c7896d06357e77a9a0dd357e9b6bb4134d9422e59496485
SbAsO3_Va_O2_0,mp-28109,SbAsO3,O2,72,6f4d2bf855f0cba16bda3782148935bedd9b278210f955ad8b6bb099fa3eace2
SbAsO3_Va_O3_0,mp-28109,SbAsO3,O3,96,e74e67e3cce24ba3cae19be7cad802dcf319d33ddd55463ad9464d90a6ce1af5
SbO2_Va_O1_0,mp-230,SbO2,O1,32,bf0367cd1425da1210aafaa28e5bdb7a995e8999023ec97aa9d677cae84fed8c
SbO2_Va_O2_0,mp-230,SbO2,O2,48,3abb38f92a4eceeb59a094223c0f8a0e2fc3e79849ceb8b601c09acc2ecb8e26
SbO2_Va_O3_0,mp-230,SbO2,O3,64,aea5788aa4cce6f028007bef468b9398918680397040071314fa447813f9bf22
SbO2_Va_O4_0,mp-230,SbO2,O4,80,4cee80c51655a1675f8829a248d474a1dbcd0dfe6a0bef01fbe18df30d674707
Sc2Pt2O7_Va_O1_0,mp-778152,Sc2Pt2O7,O1,32,49f5b3dd9f94ca466dc69469898ee51f8aac4e2720d5617906c8790409c53dd0
Sc2Si2O7_Va_O1_0,mp-5594,Sc2Si2O7,O1,96,03f4086c124f1c1f0bebb4ac2df102dab75e2fedc7d6e866d2eb6d94dbc76997
Sc2Si2O7_Va_O2_0,mp-5594,Sc2Si2O7,O2,192,2ee049550f0b1ed2f48a65ef2bb01ce168dc77fb4321c8d5f02084b1140fca1a
Sc2Si2O7_Va_O3_0,mp-5594,Sc2Si2O7,O3,216,7ddf00354a4a4a2cb63a9ec5a47b6bb430e33ea4b7568b3804fbbf201e0f6a9b
Sc2Ti2O7_Va_O1_0,mp-753802,Sc2Ti2O7,O1,144,4d21f4d64c47856167f33e77160c2255287821e9102f83413269e09682e19067
Sc2Ti2O7_Va_O2_0,mp-753802,Sc2Ti2O7,O2,216,d1479fd848d578584d769d80006ddc22d1b019a4c71724bfa5815df6a269282a
ScAgO2_Va_O1_0,mp-11022,ScAgO2,O1,64,6a5529e03ac8e6798b87e01beeed3632c7b80b84a6ce551f5e9c18dbb9086364
ScAsO4_Va_O1_0,mp-546125,ScAsO4,O1,64,82f8fd787d63206585ec71ea5eca7e096d14d6cf59ad80016831c5e277a32e93
ScBO3_Va_O1_0,mp-8697,ScBO3,O1,108,5a93f6afc2027528b8cb738c9b3b21a0f7f32f4af61224d1cc79735012c4f54f
ScCuO2_Va_O1_0,mp-3642,ScCuO2,O1,64,5e33caf0acf168ca0d269e48ec00318bf74697b90c9d963cb4a8bbabb9f1d059
ScNbO4_Va_O1_0,mp-553961,ScNbO4,O1,32,75c9dc56d21fe12200503253eba72f645685f9df56edd2897e82d9e92cb5c212
ScNbO4_Va_O2_0,mp-553961,ScNbO4,O2,56,b14524ff3c52e8594ad72bc3b9b189dbc5918edbb50b86754faca5a57cb99529
ScTaO4_Va_O1_0,mp-558781,ScTaO4,O1,108,76ff4e1604cccc5ddec0309e1739c47066377ed8f8a20f8c4743c276c3af77e7
ScTaO4_Va_O2_0,mp-558781,ScTaO4,O2,135,9e2d1d1ffdf9dd4a9bf7520a6019173c592149c549a4151bf5464dd69b59664f
ScTl(MoO4)2_Va_O1_0,mp-19450,ScTl(MoO4)2,O1,72,dad3c14bb48852811f5f62eadac73ce131fdccd4b2c7fac7712440a3c1e9b127
Si2Hg6O7_Va_O1_0,mp-28712,Si2Hg6O7,O1,64,1313ac6410e818d106f402f4cdaea68f9616ef376d0e39f67fd77f1f94f73678
Si2Hg6O7_Va_O2_0,mp-28712,Si2Hg6O7,O2,72,c56a9c3f5b4c5d1ef86c2c2b56ffa25e6f7b24c00838f6aefd8873edf15c79c6
Si2Hg6O7_Va_O3_0,mp-28712,Si2Hg6O7,O3,104,828bd6987104209c79cf5d7e011a4c0c47ec2108ca6c0e299e3216e7488a8339
SiO2_Va_O1_0,mp-546794,SiO2,O1,72,e97e03dd4b5f02330b91fe87d585fc0548008c537c8d2f7dea6013f03ec161d7
Sn5O6_Va_O1_0,mp-978114,Sn5O6,O1,60,94ffc84811720fd5a64930842a776b5b9c2de4504964860c75d27de038e41403
Sn5O6_Va_O2_0,mp-978114,Sn5O6,O2,78,3defe78af405efbd985797c64e87eeac4774f2cf5df12d0bb783a1f43455e2f7
Sn5O6_Va_O3_0,mp-978114,Sn5O6,O3,90,f54bba6eb62cbd1c122d28f93379113d66636091b6dcbe266864fa3f98eeba75
SnB4O7_Va_O1_0,mp-13252,SnB4O7,O1,90,43326c461836fd2e84089d35daa6d15694befce6ef6fff7b44d5826debc2a9ac
SnB4O7_Va_O2_0,mp-13252,SnB4O7,O2,108,b257b3f8fb6b8cec810e2d02603514a2794859dd06f262e83e83f1972052b2bc
SnB4O7_Va_O3_0,mp-13252,SnB4O7,O3,144,bd403ad7b27138e22188509ccc10bb3a3066a0c0d328fe2c4963ff836b815b67
SnB4O7_Va_O4_0,mp-13252,SnB4O7,O4,180,a71fc1307f64be7f69d85c68488b1e39455e07197e78209aa0b5a75249c88091
SnO2_Va_O1_0,mp-856,SnO2,O1,24,6c73ee4e8e76c303c735facc16a333affa2bd04364a78112e027c5876cf4b426
Sr(AsO3)2_Va_O1_0,mp-983061,Sr(AsO3)2,O1,24,094260f300920b81a1782aff0446c02282d16c92390e114e1708acd3a7d8ffc4
Sr(AuO2)2_Va_O1_0,mp-9298,Sr(AuO2)2,O1,192,7a3eeb7ff478d75bcca4fd58ac031cc006d06809c97428c251b3ddba5242ddf6
Sr(BO2)2_Va_O1_0,mp-9749,Sr(BO2)2,O1,72,ce06ff36c3a79ef9f3f4c07a74cdbe700fea841005d28922a6d79d7b63b83da2
Sr(BO2)2_Va_O2_0,mp-9749,Sr(BO2)2,O2,96,a50fe84891e95d718b8e27544dd3c59bd83c4c56b946600cb19b7662a3606f3a
Sr(BiO2)2_Va_O1_0,mp-29048,Sr(BiO2)2,O1,144,b3d9a01a884c6884e25a19a784c6c61ecc38264e908a62212cb650876dbc376d
Sr(BiO2)2_Va_O2_0,mp-29048,Sr(BiO2)2,O2,192,d8633d38d0be38937af0b58fa5dea2846d73a0b9d1cd184e637eb16ee5a9c744
Sr(BiO2)2_Va_O3_0,mp-29048,Sr(BiO2)2,O3,240,d02a0860baeec17865798e9b2835d1e04d563693ca07a7ef4d7f796870f1773d
Sr(BiO2)2_Va_O4_0,mp-29048,Sr(BiO2)2,O4,288,77578027347fc7cb05cb0c9e07fc04d809a277f8b5d4bcdb5b315fc6d05d29d8
Sr(CuO)2_Va_O1_0,mp-13900,Sr(CuO)2,O1,48,b2144e28a83710dbca58b4a3d29fb17a31912c69dbfa8044780139ba90954a23
Sr(SbO3)2_Va_O1_0,mp-9126,Sr(SbO3)2,O1,24,b72e1a361f250aa6206cfd77ab4efb6e8d02d10ce83ec3a1a20fa6f9466832cb
Sr2CaWO6_Va_O3_0,mp-1105247,Sr2CaWO6,O3,288,97d89717a71117fd64fa863fab61248e5dbdef023eff528ed3e7ade25de4d68d
Sr2CdWO6_Va_O1_0,mp-19014,Sr2CdWO6,O1,144,a1f0ef03bc3ea961ffe88d875955a67d5c645d6406f973f00efb1e3ecf56eaab
Sr2CdWO6_Va_O2_0,mp-19014,Sr2CdWO6,O2,216,aff43d08d2372cddb801592301e7e67cd7333437512ffc0abf3b5df98865b8fe
Sr2CdWO6_Va_O3_0,mp-19014,Sr2CdWO6,O3,288,7c23348913bdea297f3e62712abe1180c83099fb418769da3bf2608ec89243ca
Sr2CeO4_Va_O2_0,mp-15743,Sr2CeO4,O2,300,7421c3b153618c94a537e9e990406e2e1bb6ed9b3dbdb2caca416e07a4a8e364
Sr2GeO4_Va_O1_0,mp-542085,Sr2GeO4,O1,48,d63a60e334fdfd80b05dc9e8d71a7940cefb01af9069680a69db9623c83eecd7
Sr2GeO4_Va_O2_0,mp-542085,Sr2GeO4,O2,64,31de1f6d7265528f344bac636e12b2b1f68abb5fdae5ffdd5c5c021a17604e78
Sr2GeO4_Va_O3_0,mp-542085,Sr2GeO4,O3,80,7fde3cd61a9b9941e072c2ed643a4647f73132a5a6c02f7f45f72b314a548d43
Sr2GeO4_Va_O4_0,mp-542085,Sr2GeO4,O4,96,de2863567a6f699dc93b81097590b9f1b8f6b3bcc1676fe43e15a108edd3df6f
Sr2InSbO6_Va_O1_0,mp-22355,Sr2InSbO6,O1,32,f6545877920647f67ecad62908648f8dad4c60f62d02a19d55dc4b2f8716128a
Sr2InSbO6_Va_O2_0,mp-22355,Sr2InSbO6,O2,36,671135060e0da4b2c197e78e4380301aeddba1ae92faf9947c706a03b880fed7
Sr2InSbO6_Va_O3_0,mp-22355,Sr2InSbO6,O3,40,2a99bf9a8ad905cc68fbb26ee630dc175d30a7a516dc8bf46db4ece570c255d7
Sr2LaBiO6_Va_O1_0,mp-1518084,Sr2LaBiO6,O1,144,3cf8238a69489f0f141189eba5ea3dd829cecfb4b6e5c25dcfdfd78e4579585d
Sr2LaBiO6_Va_O2_0,mp-1518084,Sr2LaBiO6,O2,216,36b7d9ccd7c36ac799e444e266bd6c75bb6d2678f2bbc4d528f38b6283f2665f
Sr2LaBiO6_Va_O3_0,mp-1518084,Sr2LaBiO6,O3,288,cb9f17b3a29c91c0931365381d1574e8ad48860f8374ceddb87adc8f619b8357
Sr2LaSbO6_Va_O1_0,mp-1189102,Sr2LaSbO6,O1,144,e27565396483bc14fd3b4964b3dadf5608aab36745b85055b713d67191677d3e
Sr2LaSbO6_Va_O2_0,mp-1189102,Sr2LaSbO6,O2,216,a41c8fb332c59815c6722cd5f36dce547401dad75629ca64ae1c17dfb2f88440
Sr2LaSbO6_Va_O3_0,mp-1189102,Sr2LaSbO6,O3,288,96cefae7709a086e63af0174855b2c7af7aba832adf14246f7c8363f902c96dd
Sr2Mg(BO3)2_Va_O1_0,mp-13541,Sr2Mg(BO3)2,O1,180,23df61720e1cacce4cdfb27c7c9bf7bb9c0367b581adf6dad8db2dabbe1d3c20
Sr2Mg(BO3)2_Va_O2_0,mp-13541,Sr2Mg(BO3)2,O2,216,4eaf27a9744367259eaa2ff484250d6ce78eb4d5c96695dce7a1cbc5df604431
Sr2MgGe2O7_Va_O1_0,mp-972387,Sr2MgGe2O7,O1,120,75e4886ce81bea1cb6569139c6dad35d3c18b9faad28eb203f9cec7ef1c85a7b
Sr2MgGe2O7_Va_O2_0,mp-972387,Sr2MgGe2O7,O2,132,b0125242a10f51ddc1ebe02b2dc223030f049db85c45d7871925ece837a09a8a
Sr2MgGe2O7_Va_O3_0,mp-972387,Sr2MgGe2O7,O3,180,4fb886ae166f858bef20b76a308a8f383d4605e08273d476d4050364323fbb60
Sr2MgSi2O7_Va_O1_0,mp-6564,Sr2MgSi2O7,O1,120,5aadf948b8ae79ea4188e4a5a9be84a8b59c5c8630ca6ea6807608967627c8ad
Sr2MgSi2O7_Va_O2_0,mp-6564,Sr2MgSi2O7,O2,216,dc94eaf5751f7b82e0b4c1b43399f2c64819e4c29735cfbea66dfc66943a0ce5
Sr2MgSi2O7_Va_O3_0,mp-6564,Sr2MgSi2O7,O3,240,fdb849b6a5a9311b3610efef8311b367e2c45cc96fcc0d018abf4dd242c61f69
Sr2NbInO6_Va_O1_0,mp-20222,Sr2NbInO6,O1,144,fa8b570ec090f767f7bd4805c57aa3dfb159c9ebbb6247e337364b9ee377a73b
Sr2NbInO6_Va_O2_0,mp-20222,Sr2NbInO6,O2,216,f1411c2151ee89590a712af313a536123fd6ac9f61370949b2f9b660a7545599
Sr2NbInO6_Va_O3_0,mp-20222,Sr2NbInO6,O3,288,06b95d4de690f594a87e399e0927911da1cb5689680efd38d56fac02726697df
Sr2PbO4_Va_O1_0,mp-20944,Sr2PbO4,O1,180,3d5891d824c930822d6f7847a0807a9a3f4c679694d64c19db9a10416e28fa31
Sr2Sb2O7_Va_O1_0,mp-4103,Sr2Sb2O7,O1,128,71ff866055e0db24f6d85d5e4ef7094e64218fa677c915f92370f138f422a306
Sr2Sb2O7_Va_O2_0,mp-4103,Sr2Sb2O7,O2,256,b61ed7a618c4d2c2d7b435f6e75b4060cccc12438eb57d634bf2310dded0c7e2
Sr2Sb2O7_Va_O3_0,mp-4103,Sr2Sb2O7,O3,288,aa95ec879391b45a6e89da74a4635b618659490ba85e4b23986f7caf713138ef
Sr2ScSbO6_Va_O1_0,mp-1106218,Sr2ScSbO6,O1,32,19f1ef23ec429d98136d1500af7e83e70b7351516d39cd2dd2705a19e1bd9e7e
Sr2ScSbO6_Va_O2_0,mp-1106218,Sr2ScSbO6,O2,48,71e438069ca7aa67b5848edb0c0b6e7be7b915399e322084606aded5614e8d9e
Sr2ScSbO6_Va_O3_0,mp-1106218,Sr2ScSbO6,O3,64,b991a071eeae9b003c8652ce172999ae424b3fb816578107879f80c4b72ab63d
Sr2ScTaO6_Va_O1_0,mp-1208776,Sr2ScTaO6,O1,32,56f731008c415123fb710794803be7c7ff89762c0a696a50ed0cc2a1c8ad642c
Sr2ScTaO6_Va_O2_0,mp-1208776,Sr2ScTaO6,O2,48,c55c81d9c192397af408759da8e15f0838cfbf9244b598f63a9c5548e794fef9
Sr2ScTaO6_Va_O3_0,mp-1208776,Sr2ScTaO6,O3,64,0be90a8ae9e4f6652eebeef6c90c754778097cc1a7e0793f6c4b0cc8b955fa3f
Sr2SiO4_Va_O1_0,mp-18510,Sr2SiO4,O1,48,d03587c378adfcef23fd01ea18cc786348051febf7909df63b35cfdd77d7b5c9
Sr2SiO4_Va_O2_0,mp-18510,Sr2SiO4,O2,64,084e711e6b46faa0f71a025c4879cc9e106653d85509edc6674e0fc189d6aba9
Sr2SiO4_Va_O3_0,mp-18510,Sr2SiO4,O3,80,4032373c8d54b46465fc4b1b94cf401b026840e4f68ba3c06d333225ffa5f24c
Sr2SiO4_Va_O4_0,mp-18510,Sr2SiO4,O4,96,428d2b62b6b45641d032d749bce6055618c8014423d64b0235199ccd1f2aafcd
Sr2SnO4_Va_O1_0,mp-4287,Sr2SnO4,O1,48,4ecd99a932416ee9034f9c360a72558441e1d9e8521ad564d71e4f86eecb0d2d
Sr2SnO4_Va_O2_0,mp-4287,Sr2SnO4,O2,80,10ac01308d77a2c8f320fe93678fdc5474f85ddaadaed52e65c9985d1ffa6670
Sr2SnO4_Va_O3_0,mp-4287,Sr2SnO4,O3,96,f953a56522e3feeab3e68ba496b65dd3d857df7ef91cd23f682a2b0a946aef64
Sr2TaGaO6_Va_O1_0,mp-12427,Sr2TaGaO6,O1,128,473bdf00736081ed1bb34baa465e0694fc322db669ac4db4d88aa8eea67acafa
Sr2TaGaO6_Va_O2_0,mp-12427,Sr2TaGaO6,O2,256,4d2adda1d4e32c78950d6420be1894ade86761ec99a0063262b154d30409fe64
Sr2TaInO6_Va_O1_0,mp-1190108,Sr2TaInO6,O1,32,7060805fbb4c4da1cc4ee4ddc03dc392d837b777dc9b6e92a801497d544bc885
Sr2TaInO6_Va_O2_0,mp-1190108,Sr2TaInO6,O2,48,92006e1c869ad42a6f79af38dcfffadfc46d9882fc9bb03ae1206ce6c8b07689
Sr2TaInO6_Va_O3_0,mp-1190108,Sr2TaInO6,O3,64,57849ea5865802c60d20db2e2431621137df6e9bdd9fa26ebb7c418b6404304c
Sr2YNbO6_Va_O1_0,mp-6019,Sr2YNbO6,O1,144,9796156a1ae43c3159f4aff7f8a2cc290b6f38f34f7fd1aa0150648d40fcdbf3
Sr2YNbO6_Va_O3_0,mp-6019,Sr2YNbO6,O3,288,728e09ed41943792aa872f3294aa9958b7f1754d739fc790caf7a10a6632e160
Sr2YSbO6_Va_O1_0,mp-12878,Sr2YSbO6,O1,144,e4435f745e64eca1e4fa91dab84b82a3273dfb5c174d6d416c87bc403244d2bb
Sr2YSbO6_Va_O2_0,mp-12878,Sr2YSbO6,O2,216,d7bebafc0d4573699343c2bebff83f370267c88b0610eea5263eb06eb5ca97f6
Sr2YSbO6_Va_O3_0,mp-12878,Sr2YSbO6,O3,288,22c4d3ef0f42305729d27096479c0e5ef09476286f6bc3fd1dc62517ef33b9b0
Sr2ZnGe2O7_Va_O1_0,mp-17392,Sr2ZnGe2O7,O1,120,0aca335426f38185e0701523d221276625ac062aa2d909593848901e3c9c7698
Sr2ZnGe2O7_Va_O2_0,mp-17392,Sr2ZnGe2O7,O2,216,f0820cad0d62e3bc8408be3726d3ad3ab1edcf7ab43b103eaaeb9f0c159aa0ab
Sr2ZnGe2O7_Va_O3_0,mp-17392,Sr2ZnGe2O7,O3,240,39013f7cf50a602a9d5c72ba862e47d28c182aeb001fd25c5add43e1f70d127d
Sr2ZnSi2O7_Va_O1_0,mp-1191240,Sr2ZnSi2O7,O1,120,6abae1fc665e499f23c999cab5945b9395af92bdbf9df7c719d48ce97451d1c3
Sr2ZnSi2O7_Va_O2_0,mp-1191240,Sr2ZnSi2O7,O2,144,a7dc9b5d45689ad9e617eae9c32b9ec652b5708a2f7992a9662857e83f68bc20
Sr2ZnSi2O7_Va_O3_0,mp-1191240,Sr2ZnSi2O7,O3,192,f5df9e4e051757ea5f7d7b48cae4e083b17583ec9f0604da9185d6aacd89d7ae
Sr3(BO3)2_Va_O1_0,mp-16432,Sr3(BO3)2,O1,30,be9871f4573a6fcdb5afc4ea70b160a3cd3cf07a6349a3be5c078004709e9e28
Sr3CdPtO6_Va_O1_0,mp-10392,Sr3CdPtO6,O1,30,665496d0f06878b2b00e7b81e25f83cf195ac4cd1d44c258c5dfcb4bbb7c75e8
Sr3LiSbO6_Va_O1_0,mp-1190151,Sr3LiSbO6,O1,30,ab57ca3ed624f97ce9a185a4f6f05178803540b71f1890f7804b1504006d8b36
Sr3LiTaO6_Va_O1_0,mp-1190486,Sr3LiTaO6,O1,30,4e880ab51a9b0d8d8401497fba80f33823217f306163a2a6cc2561af994c8f72
Sr3MgPtO6_Va_O1_0,mp-6064,Sr3MgPtO6,O1,30,edb35ecf03ce0ad0dd63f34273ac29c64fd5def0acff6c38feca928523e807e4
Sr3NbGa3(SiO7)2_Va_O1_0,mp-1208777,Sr3NbGa3(SiO7)2,O1,108,3e71bc73d65e53ee5b1a669c54d5dd6ed18a616644cd0e56ea2c2ff84ddcd5d8
Sr3NbGa3(SiO7)2_Va_O2_0,mp-1208777,Sr3NbGa3(SiO7)2,O2,132,9404c99cc91c7dd3e04a0a845c35f37ebd0ffaa4d66b72d1fd670a63856a405b
Sr3NbGa3(SiO7)2_Va_O3_0,mp-1208777,Sr3NbGa3(SiO7)2,O3,204,b0453ed1c4cd9e530897253b43309172417d79fe2d49880af3f6ed2c7efff379
Sr3TaGa3(SiO7)2_Va_O1_0,mp-16136,Sr3TaGa3(SiO7)2,O1,108,dc345a17ba37707dc2d9a12bdadcd2041b63b21426fd6a2298727e94b62a3e45
Sr3TaGa3(SiO7)2_Va_O2_0,mp-16136,Sr3TaGa3(SiO7)2,O2,180,7acc3e1c7fbecf379b04b25dccb367e162389b74171d0f8200bef48a35624e90
Sr3TaGa3(SiO7)2_Va_O3_0,mp-16136,Sr3TaGa3(SiO7)2,O3,216,cdc319eeecad23550e2f41722f7bd1b3e489a6486a02f937aa2e5fe36d07ddfa
Sr3WO6_Va_O1_0,mp-756382,Sr3WO6,O1,24,9b6869296a4594235195b1482d6f723d73fe695247777a361c10d68c365b8437
Sr3WO6_Va_O2_0,mp-756382,Sr3WO6,O2,30,5599e9a51c61103da159cb04555136848350a5f1ccf174bc0e98e7c8b3b622b8
Sr3ZnPtO6_Va_O1_0,mp-6730,Sr3ZnPtO6,O1,30,f670ae2ba545193cf2a0c7f4bbaebb8bfdc6502fc362d8bcf33fd97ffd40369a
Sr4Cu2O7_Va_O3_0,mp-766217,Sr4Cu2O7,O3,56,aa9d48e1aaa5e460026a3e7d95638bab58276f809cf09bf70ff350a062e6cbe6
Sr4Nb2O9_Va_O1_0,mp-28940,Sr4Nb2O9,O1,108,a29e4876d0beb303da1d158800cc1f8d411c0fe6931bee7ea391c7380bc651a7
Sr4Nb2O9_Va_O2_0,mp-28940,Sr4Nb2O9,O2,135,d09814d52e593ac4ef8a90d7060e1fe9b81b47bf3206cddc83ccad55c3861aa3
Sr4PdO6_Va_O1_0,mp-29775,Sr4PdO6,O1,30,5c27879d496562aaeaf5c8ebe92e224255d59dc579aa59d6475c58185618b692
Sr4PtO6_Va_O1_0,mp-4598,Sr4PtO6,O1,30,e686433cf41819a6eb8b97e952e93ab61da6960863d4e677bb7c9ba0f4b962c4
Sr4Ta2O9_Va_O1_0,mp-769271,Sr4Ta2O9,O1,108,f062a4eac4cc7f27d8fbc4497068d43f65b4c3a61d0c0f5d2b30df2d987ad5da
Sr5(AuO4)2_Va_O1_0,mp-28796,Sr5(AuO4)2,O1,56,db08e5854f97d7346c662700641f9bf92247b8f466e8d77dc807408310885828
SrAgO2_Va_O2_0,mp-997086,SrAgO2,O2,360,73383ebd1f622c118387b3547aaf0b0809bc376239faa103ce7ddde6cc0487fb
SrAl2(SiO4)2_Va_O1_0,mp-1218484,SrAl2(SiO4)2,O1,90,9a6da92a4c2c2e85de4b9a75fca1c71266ea50a8873c48b457a19e82c0db4d68
SrAl2(SiO4)2_Va_O2_0,mp-1218484,SrAl2(SiO4)2,O2,126,0b6f2f5d129750bd0fe9fa55b5ec0d15b49484aa344bdae681258f9eea6fdec6
SrAl4O7_Va_O1_0,mp-3788,SrAl4O7,O1,120,939e1a597ef15d70c227dd21923fc76ed6049d75c35446ba6c33a3a9c8350b05
SrAl4O7_Va_O2_0,mp-3788,SrAl4O7,O2,168,35b727df607c9804bc6dfd04a87133a547bc43fcd48e420f738ea7dec88caaa9
SrAl4O7_Va_O3_0,mp-3788,SrAl4O7,O3,216,493a3e722b08f6318762b3256120578270e29dbea05cb8ab64e73bfafd5fa2d4
SrAl4O7_Va_O4_0,mp-3788,SrAl4O7,O4,240,c36bc88d65eb0764fd1550203ee2e193896215cbe0151167f935d22ca4ab5dd8
SrBe3O4_Va_O1_0,mp-27791,SrBe3O4,O1,32,110bb15be902d3f2417ebd904833e1c368e34bbea5ff168b75ccab32b0ee134c
SrBe3O4_Va_O2_0,mp-27791,SrBe3O4,O2,40,a5d35fcc24594f9090ba98a1e4b2ca596a4103d11b6a26748b8c0357c717a60e
SrBiO3_Va_O1_0,mp-29164,SrBiO3,O1,144,94e040371c754ed07efa558b1a5915da7964046508cac453a9cf70548252b5b7
SrBiO3_Va_O2_0,mp-29164,SrBiO3,O2,216,794976b532035bc1fcb255976b420228c5e171e73c927be51b165966ee24b31f
SrBiO3_Va_O3_0,mp-29164,SrBiO3,O3,288,9c4103830aabe0d10f5b0a84cdf86a49acba834e15a03c5480a84d75d44758ac
SrCrO4_Va_O2_0,mp-510607,SrCrO4,O2,96,a677f3775f2fa414500a10cc42ffc3ce4b0fb9ee02d2799a944f2d33ea4d8173
SrCrO4_Va_O3_0,mp-510607,SrCrO4,O3,128,b4d9b7b58e3474ba35d668c2ed9b9cfcbc879dabb3232a7fe9421e918e286cf7
SrCrO4_Va_O4_0,mp-510607,SrCrO4,O4,160,5f0fc60d9489660abde7ba1c99eeb6a6d649488ddfd55e585d96223a54b93c91
SrGa2B2O7_Va_O1_0,mp-556046,SrGa2B2O7,O1,40,55f73fd7539fdb05da5189e614a1260fa26320257f4cd349fb4b08b23ffb69dd
SrGa2B2O7_Va_O2_0,mp-556046,SrGa2B2O7,O2,44,dc0281bc76f1d2b71fd4f2de35895152fc4872eb7ddca75873089956ae9252ac
SrGa2B2O7_Va_O3_0,mp-556046,SrGa2B2O7,O3,48,27407052e46dd19aac8bfcf296fab931ab08ec73771778fe313ef58edafb3d50
SrGa2B2O7_Va_O4_0,mp-556046,SrGa2B2O7,O4,60,a2f126eacbc3369d486676038ba53b61c894e83683437ddd718ac7d0c326dc2c
SrGa4O7_Va_O1_0,mp-18253,SrGa4O7,O1,120,6bb655ffc66a1f9c00dd55f22d3a8d46d8968bfc9b97fe02a20520b5516dfa9a
SrGa4O7_Va_O2_0,mp-18253,SrGa4O7,O2,144,13eb01d0387dc297f754246d3dbf195557db43b4b6ba84910d549e832cb27da9
SrGa4O7_Va_O3_0,mp-18253,SrGa4O7,O3,192,9979b214280504fbdcae15396601358d2cb56977bdd3ad5af38f29a875f8874c
SrGa4O7_Va_O4_0,mp-18253,SrGa4O7,O4,216,9eec0345871d654450ad9055c33b5403a748b9b7551a7e59e2b1fcbc0e729b2a
SrGePbO4_Va_O1_0,mp-1192743,SrGePbO4,O1,144,5ba752fe3abcba81b9afce044941227370cd959fe4a185365e3b6be5bf1bed98
SrGePbO4_Va_O2_0,mp-1192743,SrGePbO4,O2,192,786b058b20154670b314807b76fb93ec3ee010ea63c37d957399dfe379473aa0
SrGePbO4_Va_O3_0,mp-1192743,SrGePbO4,O3,240,2321acf4c53aa4676415530198b1fdfdd9079e3a11ccab40d6ff7edf1fbe5107
SrGePbO4_Va_O4_0,mp-1192743,SrGePbO4,O4,288,4064be2f907416ae1eae2e8d4832cd70de3ec8f3af2e850ee959b9431ede2e84
SrHfO3_Va_O1_0,mp-3378,SrHfO3,O1,144,4646b7a0cbaa13ecf2f5993cb5ae3f55555a073ab88d828b2d739cd7d34586ac
SrHfO3_Va_O2_0,mp-3378,SrHfO3,O2,288,3621b1484d724acf788d7c58f0fb3a98f684674b85a5a19fb8ff62e2a91e88a1
SrHgO2_Va_O1_0,mp-978857,SrHgO2,O1,150,02932780017dd5c4aa437e5ffec7912d178b4d2126d58d482e41bcf75948da75
SrIn2O4_Va_O1_0,mp-540688,SrIn2O4,O1,36,6f20e88984a4afd09daa363023e38171c44cf6cc8afac58ef4ad02315f9ff381
SrIn2O4_Va_O2_0,mp-540688,SrIn2O4,O2,48,b22c876d638779be223838d11fa5580f0999d93e108c2534842199fd065a94ad
SrIn2O4_Va_O3_0,mp-540688,SrIn2O4,O3,60,2f08e76c4b60a77ec0950b2afe71496551303570c08ac43787f9c46ba2bd9558
SrIn2O4_Va_O4_0,mp-540688,SrIn2O4,O4,72,15d6741f993bfbf1b61c311e1016eea9e299d11ed0638eab2e29abf047106af1
SrLi2SiO4_Va_O1_0,mp-1191141,SrLi2SiO4,O1,108,689615bb2d16271ac0b525e847296dbbcc82683a29c0cffb30e017a0782120dd
SrLi2SiO4_Va_O2_0,mp-1191141,SrLi2SiO4,O2,162,68016cc0af0ef1be08e9d46d1af6a85737897c9073203fa7d6efdd0775cf8962
SrLiBO3_Va_O1_0,mp-10814,SrLiBO3,O1,96,5282890eb1e015920eda041e366df9470eae23a800625a48308787f3ba77f04a
SrLiBO3_Va_O2_0,mp-10814,SrLiBO3,O2,104,e00fcd8ed964b43f8213a9e030f5821c9a0b58e7eedf2a6c133e3c18907aea7a
SrLiBO3_Va_O3_0,mp-10814,SrLiBO3,O3,128,ec7a3479b4fa96620978f834ed855c3d94df7881d5f4fb6b713572028842383b
SrMoO4_Va_O1_0,mp-18834,SrMoO4,O1,32,06fff7b4ce3b2591f3a860ccc33bb20489ab2d2c2c918d59de6dfd9f6e2dcaf4
SrO_Va_O1_0,mp-2472,SrO,O1,32,45fdd6b566b248f0e3f2597e994385fa19309626d25ea7ae3cbc9088bc2c58a1
SrSc2O4_Va_O1_0,mp-770771,SrSc2O4,O1,36,fab584a3930ddd5301e0dac83712a4250e14f3a8b875326cb642372428f6b329
SrSc2O4_Va_O2_0,mp-770771,SrSc2O4,O2,39,e911410bacad28dcbe79d07fe4c2a0bc846d52006852f01de9f0a734b16f9842
SrSc2O4_Va_O3_0,mp-770771,SrSc2O4,O3,42,853ef748fb93c228b04abc490b036e01405d95e6e7ee9454c6e9e919a0ab31e4
SrSc2O4_Va_O4_0,mp-770771,SrSc2O4,O4,45,3dbb5b04ee62f5120a46037f58809611ca2c95af1233575b0cd5507d7e219ff1
SrSn(BO3)2_Va_O1_0,mp-8000,SrSn(BO3)2,O1,108,82ba43ad9042ebce75a9fc1c84efab87c1260cb66e64657b367497afbd7fd614
SrSnO3_Va_O1_0,mp-2879,SrSnO3,O1,144,e27f0117713f14b8ace9f0769a77e2e572c386fbfd7d6b8a008c65e54798a400
SrSnO3_Va_O2_0,mp-2879,SrSnO3,O2,288,8995349d69e96ab06886d4fdbe06db7e983a3ca4d960663e275efb3e49b70e94
SrTlVO4_Va_O1_0,mp-560156,SrTlVO4,O1,144,d243a5323556ac156002cb2f97694191739dc9e2231d4a5c03bd542d905b9b94
SrTlVO4_Va_O2_0,mp-560156,SrTlVO4,O2,156,5a7ab5b240512538815d79aa0fae1a12a43a82851c9e5f13b42ba5f561c0bc6b
SrTlVO4_Va_O3_0,mp-560156,SrTlVO4,O3,168,efca8efc584f0c2e955587c7425e8f4cabcd6bb02e1faf1b71df6898b022bbdd
SrTlVO4_Va_O4_0,mp-560156,SrTlVO4,O4,240,d908db3fcb0eb6004f9b683fd03304835788a893354c15371a55184fc6f5bbb3
SrWO4_Va_O1_0,mp-19163,SrWO4,O1,32,413a93c2049a7fd95cb0a2a20080cd6a12c6059f37a7ed09e48b41b8082752b6
SrZnO2_Va_O1_0,mp-5637,SrZnO2,O1,48,62d905743a9ed5030b0156f4fd8dfc9de724b47c8d4c49721aee7332a3cd4d41
SrZnO2_Va_O2_0,mp-5637,SrZnO2,O2,72,5d63a7ee067f12c732a43179c659c1716a862f4b1e151580357b32eb0f6c6f14
SrZrO3_Va_O1_0,mp-4387,SrZrO3,O1,144,fe1519eb0dbe6f84787b88b0de01533e0d4f25fe0ce40df0c4bc1cbc83adcea0
SrZrO3_Va_O2_0,mp-4387,SrZrO3,O2,288,f6bb2c0767403008ea9fa62ec6cc75f4f416bd9dbe6be268f034bd49ffcb8d61
Ta2Cd2O7_Va_O2_0,mp-5548,Ta2Cd2O7,O2,64,25a2289746f57dc06ac8df308c5bc503ae9e6739b7f1155dc45b21a898438b17
Ta2Mo2O11_Va_O1_0,mp-1186878,Ta2Mo2O11,O1,108,b38f448b293551021023ec07563a56a821af18ddddbdc2431ba3401e90a73b4f
Ta2O5_Va_O1_0,mp-1539317,Ta2O5,O1,36,7f8e59c265e4f3d3662f10919315f844cff28ef8d2cd73c9ce3ad03ac0ba6491
Ta2SnO6_Va_O1_0,mp-556489,Ta2SnO6,O1,144,8b699b7460eb4d1cddad82d702f593554e07d2c7421a791a780829ff3d8883f3
Ta2SnO6_Va_O2_0,mp-556489,Ta2SnO6,O2,192,48c772eaa38aeccfe6fb2959226be1a400641238b4d3357dbe925279df476f66
Ta2SnO6_Va_O3_0,mp-556489,Ta2SnO6,O3,240,92bfaabb7f3691f955506a20f645e0a61d8de6f7b3942307b9ffc063b5b70b16
Ta2Zn3O8_Va_O1_0,mp-28251,Ta2Zn3O8,O1,160,99d07d682bfb2c18f3b020de6011b828c201cca73c9bcd4ea7bf4d79978696f5
Ta2Zn3O8_Va_O2_0,mp-28251,Ta2Zn3O8,O2,224,3f50c8ced3453d675f5ab0c17eefcbc16ad1b40bee58f60b92c807fd13acac9c
Ta2Zn3O8_Va_O3_0,mp-28251,Ta2Zn3O8,O3,288,368aa859bfeca65f0b9a19d1665d95aa944d4e2876ac68ef439b5578b1460f03
Ta2Zn3O8_Va_O4_0,mp-28251,Ta2Zn3O8,O4,320,122006981985b89b21585e7418a73c5cdc91c59df2a2b79f4711319fc0bf85ff
Ta6TiTl2O18_Va_O2_0,mp-1218099,Ta6TiTl2O18,O2,120,cc40a329d6a31d1f1daf0bcd1fc595f6241b6e1e37473a2095c1ed19836ee0bf
TaAlO4_Va_O1_0,mp-14333,TaAlO4,O1,48,5b79079668dc3edbbd30fce949b46e43c87a16af77a68a876053c61cc6347c25
TaAlO4_Va_O2_0,mp-14333,TaAlO4,O2,72,856616940106421daf79f6d2a7f2a29646eba32e2d073464029e34a047e5e994
TaAlO4_Va_O4_0,mp-14333,TaAlO4,O4,120,92b313c9f9e69c1b42a1dd170b38a754878511fc41a44aa04dbd6e13a5cba281
TaBO4_Va_O1_0,mp-4624,TaBO4,O1,64,5574ba7ca665cf79b3a8d9d81b26b3c0e5a22aae79b6f4ee22bd733e36b9e2ad
TaInO4_Va_O1_0,mp-8979,TaInO4,O1,32,4f1249c7858ee1f39b7928fafb95550ed962f3af5e13cdb99e4a12414d0233fd
TaInO4_Va_O2_0,mp-8979,TaInO4,O2,64,bc88fab704b01e084e565defd91be0f05c574e58c7b9ecd38730555dde31b394
TaTl(GeO3)3_Va_O1_0,mp-540634,TaTl(GeO3)3,O1,40,b90252e40e50dc699a926398cbc41a78fc240c68dc14886f0eee011cb984fe20
TaTl(GeO3)3_Va_O2_0,mp-540634,TaTl(GeO3)3,O2,64,fde0256e8d8e0416e3fb791e04bb41654385e2ab1ee860b692d643f7ecc7fae0
TaTlWO6_Va_O4_0,mp-1217830,TaTlWO6,O4,216,2f7ca969086c9af09579c754566ba1199bbb0425e0ca06143af1cb1e40f02b20
TiBi2O5_Va_O1_0,mp-752676,TiBi2O5,O1,108,3ba0af2296b4e2bd614903e355192b747150e05b3935f43d1ff5ec5c4523ac21
TiBi2O5_Va_O2_0,mp-752676,TiBi2O5,O2,144,5a261fb8473823c09c7b849ce33097a80257f34aed1810882e382d638b21a1c8
TiBi2O5_Va_O3_0,mp-752676,TiBi2O5,O3,252,ed072507b81c7079cee8b43c8d7ba65679243bcac2737d64bf5fd6feb24ffc5e
TiCdO3_Va_O1_0,mp-13641,TiCdO3,O1,108,2e4841a12d23cd9e6a28c846c50b19983806ed8bdd1f9bd68d627f1534305849
TiNb3O6_Va_O2_0,mp-29699,TiNb3O6,O2,168,4570a2ad1d2b137947ca4a06264ff3719ccbd242f4da61c05d637920789d823e
TiO2_Va_O4_0,mp-554278,TiO2,O4,96,b316fb89d031bb1298635c696be8ef1a61e1be49bca7fa0c6e693252b70b3bd4
TiSnO3_Va_O1_0,mp-754246,TiSnO3,O1,192,03dab20bc4faa43fe735754d4477c875857e501a8c26bd71bba3a4e96f70c6eb
TiTl2(GeO3)3_Va_O1_0,mp-17020,TiTl2(GeO3)3,O1,48,979a24746ae20d6d0f3646df5a8e73df32b1124af2399207a09602726673d622
TiTl2(GeO3)3_Va_O2_0,mp-17020,TiTl2(GeO3)3,O2,96,eb80cb84fbe070e46dc5d78958dde844d1936582ccae49da7f6e24505d5f593e
TiTl2O3_Va_O1_0,mp-17986,TiTl2O3,O1,36,4e58beb7c3de10699eb08f517ebff4a0c22bb22491f2af90bfd703be29727755
TiTl2O3_Va_O2_0,mp-17986,TiTl2O3,O2,48,514b8a2444850032acfd45a2b69f3c9c568529be8f002dcf7ed7bde4fd531a2b
TiTl2O3_Va_O3_0,mp-17986,TiTl2O3,O3,57,7627cdce5e3f8be3fe5832c33b3393bc664d2995c2c5ca76cf94b88460c5ea3f
Tl2Pt2O7_Va_O1_0,mp-13801,Tl2Pt2O7,O1,32,6f8d2405b01b206c4855e1c45e9f246a1577c65e6c777a5097bf33b330953569
Tl2Pt2O7_Va_O2_0,mp-13801,Tl2Pt2O7,O2,64,b4561537e5dedba621e1794e907971891cecd76a8e81165f3a5c73e24c45da3d
Tl2SnO3_Va_O1_0,mp-540586,Tl2SnO3,O1,48,542cc908977eac5b11aafb4082dd2037c4aa935429a336a71abe9a5f2e9a3a9e
Tl2SnO3_Va_O2_0,mp-540586,Tl2SnO3,O2,64,a3ecf9f0ee3fe3064072dd052ac4ec3a9c3e29f7540055671d3dcd1be44db1c9
Tl2SnO3_Va_O3_0,mp-540586,Tl2SnO3,O3,80,455e5c6e93e29004a66e47d7dad18b9b7bf7937e38658a3814f3d0d3dd2b2b1c
Tl3AsO4_Va_O1_0,mp-15573,Tl3AsO4,O1,96,f70e19417087b11daa8c39240a9772e658d406bc4ded90e027203928d1f22a91
Tl3AsO4_Va_O2_0,mp-15573,Tl3AsO4,O2,144,37493606e900614b2a561b4b4255de503ec02967cc7542e0b7be017b311118d4
Tl3BO3_Va_O1_0,mp-4584,Tl3BO3,O1,160,35cfcda09858527cb91022bd1b3895422cd0456d4a3413516dd22d9c58ecc018
Tl4V2O7_Va_O1_0,mp-541368,Tl4V2O7,O1,108,62c7fe4df83bf1783abec097a9c79a68ea5d92d167731e6942a1c1446638b99a
Tl4V2O7_Va_O2_0,mp-541368,Tl4V2O7,O2,216,fec578d9b0832d41d5f57dd076ebfa8e8bc0f41c854e193d18e7402c8c1c2797
Tl6Si2O7_Va_O1_0,mp-27228,Tl6Si2O7,O1,128,4c609644eabdb9262a6d91aa38248decffa490556ad9d3c4f8bdddc37e2c24d1
Tl6Si2O7_Va_O2_0,mp-27228,Tl6Si2O7,O2,160,8363b4f88542b708ed29c62288a792d5639e001781930d62fcaaff2f7e1c7c76
Tl6Si2O7_Va_O3_0,mp-27228,Tl6Si2O7,O3,176,45daadcddc72ce3b8e689af3bc2c443cd2c2d857da03742fc761ec59854a532c
TlBi(WO4)2_Va_O2_0,mp-1208096,TlBi(WO4)2,O2,192,6fdd7f79617e6be799c114e45481d48ea50afb8ab074d1828d5df3f5f170151c
TlBi(WO4)2_Va_O3_0,mp-1208096,TlBi(WO4)2,O3,256,2d3e9dbc80cc2816c02e0cc1b60c34c63183f578235d10b74ed6296e1e2cc065
TlBi(WO4)2_Va_O4_0,mp-1208096,TlBi(WO4)2,O4,320,ff13bad218f45f7760690900d882f523d88da8c5e25ab9b0080692857d414457
TlPd3O4_Va_O1_0,mp-5478,TlPd3O4,O1,32,94bf4599a16e606e1fc32fef3fec2b2f4004fdddb27fa144ff96a7416e0de4b9
TlPt3O4_Va_O1_0,mp-1208033,TlPt3O4,O1,32,2e49a00f34ce7e7ac091e2b31b7664cc199a7abb54ea1f3fad55a8f45adc9384
TlSbO3_Va_O1_0,mp-557787,TlSbO3,O1,72,516344651bd4b759236816880ae8959171854f274854c8bdd36e49d0b96dc196
TlSbWO6_Va_O2_0,mp-1216623,TlSbWO6,O2,168,1451be3fc8ae93cd4a51ca4277aa504c4f2cdf35746c899b5cf067acbd309664
TlSbWO6_Va_O3_0,mp-1216623,TlSbWO6,O3,192,30537395b33ecaf34cb4745d309b607d874acf34abbdc678936eb3f5c7a0db11
TlSbWO6_Va_O4_0,mp-1216623,TlSbWO6,O4,216,5c598f11331f67ea03fd9a4dba2817a6631bfd90e656fa4963a855d083bc0aa3
TlV2AgO6_Va_O1_0,mp-18853,TlV2AgO6,O1,32,a805c1cb145fa610dd9c4f6ea2255a49571cea66e2fa2ee1e5fc8aa6918492ce
TlV2AgO6_Va_O3_0,mp-18853,TlV2AgO6,O3,64,16e699c9846013d34921ffad2198c204cc94e5ed3db8896676a52c2926b56989
V2Cd2O7_Va_O1_0,mp-18740,V2Cd2O7,O1,96,2df86977dd344af9baabad03e7c7bec1a7952e91734d7fe5f9a5a095e4b14107
V2Cd2O7_Va_O2_0,mp-18740,V2Cd2O7,O2,192,f382cb17a40868c9f385ddb8d6d794b779ca7e2a58571db155b89d74a8f967bb
V2Cd2O7_Va_O3_0,mp-18740,V2Cd2O7,O3,216,29e46c5b74af5752eb86726b93839cedde9225cab73f190d241570114c229f8f
V2CdO6_Va_O2_0,mp-550622,V2CdO6,O2,48,396c3fa3be4b632b2d6e87d9919a3eccdb103c972c889fe3ef6eb70ad7b3f0ff
V2Pb3O8_Va_O1_0,mp-20564,V2Pb3O8,O1,180,95f52b697208d7df71f7bd27c6decd4d1de74b58877ef5b2948b3a2a2ffe8891
V2Pb3O8_Va_O2_0,mp-20564,V2Pb3O8,O2,252,352e781368088335f6960477c532782d05ed880bd5855e16a4e3be5ef4cad7b5
V2Pb3O8_Va_O3_0,mp-20564,V2Pb3O8,O3,324,bd2a010f2c541c29f257e4353404e7f6a0781bdbf7762b361273b33451cae0ad
V2Pb3O8_Va_O4_0,mp-20564,V2Pb3O8,O4,360,91afd853e3f5e4d654be261eb47761689b480368de990e258810c9992f6a3635
V2Zn2O7_Va_O2_0,mp-17458,V2Zn2O7,O2,192,215e08dbdaab1d2b32ed25b76af37ef04f004f04edc468730cfbc47cd5d71f8e
V2Zn2O7_Va_O3_0,mp-17458,V2Zn2O7,O3,256,cf8fc1fadb2b1b92c84698b9263f9a7f2fbdd42cd4c1b515bae63f274cc87f0f
V2Zn2O7_Va_O4_0,mp-17458,V2Zn2O7,O4,288,a7ce2a335ec02ab7a93555a0760e391dd75f70aa6b1723ab8ca5e85ab3dc0dd1
VAg3HgO4_Va_O1_0,mp-1216423,VAg3HgO4,O1,180,322fa3c5653b94891e23d759a902ec4da6df55e673915b865818240ae97c2fd3
VAg3HgO4_Va_O2_0,mp-1216423,VAg3HgO4,O2,216,fabfaceb0e8367b8eab02393bd5b20448b3509c90de9acd8c9057418c14d81ec
VAg3HgO4_Va_O3_0,mp-1216423,VAg3HgO4,O3,252,2fcce635111cf28d755613c16d2ab8d9a96f9b359ef47cfdd10b21bf120fc017
VAg3HgO4_Va_O4_0,mp-1216423,VAg3HgO4,O4,288,6be0b531e2e8e0018dd520be0c1b816cff5166f455d67feabcca078ceac67ae8
VAgO3_Va_O1_0,mp-1178815,VAgO3,O1,32,60e1d43ce30c119dd2b7f155173436b109c77a833aa76209e417b82bbe2449c0
VAgO3_Va_O2_0,mp-1178815,VAgO3,O2,48,e73b2f34f7c8798f80c6080cd95f990178a5692050d311023f24077cdc6f3b20
VAgO3_Va_O3_0,mp-1178815,VAgO3,O3,64,956fd496635d1ebb714d6f99b7337f6fba8ea780448757d8dbe453bbe214ca66
VBiO4_Va_O1_0,mp-545850,VBiO4,O1,64,f69c8dd445f19ca06a682624cca6d4b55d5c68d19fef770ff5436c16810b6f9e
VCd2BiO6_Va_O1_0,mp-1207861,VCd2BiO6,O1,32,d68e3d6ef7e7be8fdf040b1a0f84cdd20f6fd293a577b25d764395275688cbed
VCd2BiO6_Va_O2_0,mp-1207861,VCd2BiO6,O2,48,a61cf5635e20bdf8e309ed974b97c0e0c3b353f8a80f693468931c5fafcc1968
VCd2BiO6_Va_O3_0,mp-1207861,VCd2BiO6,O3,64,4b111c31ef0eb600e79a1a66b8003e555d88c7dbce4cdb999f12c343dea82e49
VCd2BiO6_Va_O4_0,mp-1207861,VCd2BiO6,O4,72,00a683e6841d35ed2c5ca1d23e60502bd316ed0fca03830b0f9867663882e6ac
VInO4_Va_O1_0,mp-22443,VInO4,O1,144,aaef7660c0379a59542690d56120751cd74d07063891cfdf9ec7f1efbdcb8082
VInO4_Va_O2_0,mp-22443,VInO4,O2,288,d4c1417340aadcb19bc0e06feceb22bb79eba4f803d5d1cd4c8a0c66bf7653ab
Y2Be2GeO7_Va_O1_0,mp-541040,Y2Be2GeO7,O1,120,c304ba240cde85e89e536bb330f738d40faa4ef13f27786b373fc965b80b9e41
Y2Be2GeO7_Va_O2_0,mp-541040,Y2Be2GeO7,O2,144,fc90c740b630709f8d2e0927eba4f0629bac64b66d18a001cba9dd7cfef19f01
Y2Be2GeO7_Va_O3_0,mp-541040,Y2Be2GeO7,O3,192,514fd78739cfb4efcc4a5f0c753a500af55e66f21bcb783b90343f446c77f3c3
Y2Be2SiO7_Va_O1_0,mp-6655,Y2Be2SiO7,O1,120,d2dbc27bff4a53650a96fd6279af939b204084b866d8bdc3956f6fae9e7a7431
Y2Be2SiO7_Va_O2_0,mp-6655,Y2Be2SiO7,O2,216,fe8531bfbde870249c602c484fa57602e629317f9da5a6ac8c9eb4366e463cfa
Y2Be2SiO7_Va_O3_0,mp-6655,Y2Be2SiO7,O3,264,26c58a2600b60f84e65b515266d5daff4827b4c9282b787e22bfb3f995300552
Y2Pb2O7_Va_O1_0,mp-752849,Y2Pb2O7,O1,32,ea6564c0b625652e0bd3043b90940fcbad6ff8065d63e70bb90b24e794bbc788
Y2Pt2O7_Va_O1_0,mp-756347,Y2Pt2O7,O1,32,9d19697dc9c4ca24af01e39ac2fb398276363d6fa9c728b993a46eac2f1adf91
Y2Sn2O7_Va_O1_0,mp-3370,Y2Sn2O7,O1,32,a580a999c893068517ea3998b4ca9723fe8ec71accd8fe9d4c24dd6f7051ff62
Y2Sn2O7_Va_O2_0,mp-3370,Y2Sn2O7,O2,40,9efb6047e698d0230db78f44124d24454cab56f8c4fde255ba5cf4bb9e15be21
Y3SbO7_Va_O2_0,mp-981511,Y3SbO7,O2,80,4179a24017309e210cb210286cc7911012ddaacf3619d8aaef13c665ca17a47b
Y3SbO7_Va_O3_0,mp-981511,Y3SbO7,O3,96,fdbdaf356497b01486d432667a168a744bcaa53cb0e3843b1a27494cecc0e07c
Y3SbO7_Va_O4_0,mp-981511,Y3SbO7,O4,112,b79c1d8027a4c0454ec9efbd02f2de2218648aace20677633250cf7c87983154
Y6WO12_Va_O2_0,mp-19005,Y6WO12,O2,312,62269ff7119b07f59bff194a5644d2fc46410edeb730047391501754380f6c39
YAgO2_Va_O1_0,mp-30250,YAgO2,O1,64,eea20f9dd38e76d3aa86a08a3b04181f732f84c24ee97be3c34c5d49fdc74ff4
YAl3(BO3)4_Va_O1_0,mp-6062,YAl3(BO3)4,O1,24,082dbd57c7d7ae9e7f8cc54c4e40aadbfc32d04ec0dd19b1ad93dc7cb1e8f100
YAl3(BO3)4_Va_O2_0,mp-6062,YAl3(BO3)4,O2,36,a8516846375025d1b466655c55c89dd1b52925e004419e652440f28ded83a7d7
YAl3(BO3)4_Va_O3_0,mp-6062,YAl3(BO3)4,O3,45,0aba742f04ab1699b8f814ecca39a75454d9c27d67712f1587a2fd148e9d4537
YAsO4_Va_O1_0,mp-8058,YAsO4,O1,64,7caeb7a1cbebb4314c8f630776ded18f8882282211ade2b9ecd5e53a711b30d7
YBO3_Va_O1_0,mp-29205,YBO3,O1,48,7c4922a2f9251ebaf9e3e3467d648aceed4c31d80737ffe95d66c16d4ffd908e
YBO3_Va_O2_0,mp-29205,YBO3,O2,56,e0d42b1a4bdf2d488539f77f3c6582f0a1196ad74997257f266803434fd3ff86
YBO3_Va_O3_0,mp-29205,YBO3,O3,72,1534b4ab85c41aac3e25937619db6ef4449659b8328828f5ed45cb5f1b3cd97c
YBO3_Va_O4_0,mp-29205,YBO3,O4,88,20cd89129d218760bb7b2c35aa26e5cc40419bee6e2d43d7fcce7c73dd9a29d0
YNbO4_Va_O1_0,mp-5387,YNbO4,O1,48,924e751a03db4748436fd48e6c9cb194cb65417bd034a552d0343c396bf1720c
YNbO4_Va_O2_0,mp-5387,YNbO4,O2,96,8a74403a259a64ed27770ab6d71edfc8018924bd17899cc39b3d5b7df1ab2fa4
YTaO4_Va_O1_0,mp-5377,YTaO4,O1,108,9e6796b49302b558cda2eaa0b3d6a72c0eff9a04c9d462ba15f4bbddf00c5263
YTaO4_Va_O2_0,mp-5377,YTaO4,O2,216,3ce19b60be78f61cc4ebedc0dd0c120f68f747a50a21c0d0456d3c4f46530b61
YTl(WO4)2_Va_O1_0,mp-1207646,YTl(WO4)2,O1,128,f990587152734509f04bfb7a8f0f55d17a1db8dab0a873a345cebb0508569388
YTl(WO4)2_Va_O2_0,mp-1207646,YTl(WO4)2,O2,192,75bfd5ed94f0cd9a0c6c7b61cfd5f0bcd626510ca9a62d6370bf8118ee19653f
YTl(WO4)2_Va_O3_0,mp-1207646,YTl(WO4)2,O3,256,c39d2734277a3ee18a13c9c4f219777c67bdbcb098e52d70ace2428c4e9d87da
YTl(WO4)2_Va_O4_0,mp-1207646,YTl(WO4)2,O4,320,0f9a81c9c56d243858feb581fe493c2dfab6d26cbed58c4207ab46da63528589
YVO4_Va_O1_0,mp-19133,YVO4,O1,64,08698155d51a739eb140db21f82541558b53021349401a7643aa9f7ef8b83ab2
YZnAsO_Va_O1_0,mp-546011,YZnAsO,O1,216,aad0ac6ad5a03d7f969765341a2a65e282dbef8f2f9c18ab4832c55b1de8ba55
Zn(GaO2)2_Va_O1_0,mp-5794,Zn(GaO2)2,O1,192,18ef1c8f20a7b76ea479c6fb73758eba232c7e10e2b651931ff54e0c2670e7d3
Zn(PtO2)3_Va_O1_0,mp-8207,Zn(PtO2)3,O1,160,7d87c1d8f8ed77405a67f81ba788b5ea9aac906905504e22ac186a8e005de733
Zn(PtO2)3_Va_O2_0,mp-8207,Zn(PtO2)3,O2,320,bfcc40439360f95ef6d01550bd102335258b71dfefe443f81fa741c976092e77
Zn(SbO3)2_Va_O1_0,mp-3188,Zn(SbO3)2,O1,24,36d12c93ba50742580ebd034b6d8a30dfdfce8106a3bc10708c16cd68cd7c61f
Zn(SbO3)2_Va_O2_0,mp-3188,Zn(SbO3)2,O2,48,128470c5793c5ea333189c848beac03f1789a1e7ef47e5c12d89fd223f98eb27
Zn2PtO4_Va_O1_0,mp-35647,Zn2PtO4,O1,48,a266799775251b46bac37748b6268382ceea0995e63b41edc70def1e7d0712d5
Zn2PtO4_Va_O2_0,mp-35647,Zn2PtO4,O2,64,43111f673b9bd249c6c2aefc006b6da2004766e5ce57c4d133b41f75d318c2b3
Zn3(AsO4)2_Va_O1_0,mp-16834,Zn3(AsO4)2,O1,120,1ae0fb1167c04f2dcf814ac025fee867afedf40df7b62d0ecac760433acfba20
Zn3(AsO4)2_Va_O2_0,mp-16834,Zn3(AsO4)2,O2,168,2a32b9da3045e1518fa1bbcb402282b982549d6c9d479840e53f329d062a9314
Zn3(AsO4)2_Va_O3_0,mp-16834,Zn3(AsO4)2,O3,216,e4023b054781898bc8e56b92bf19d9cde534e6a13baf227e4f4b3a39bc7a08cf
Zn3(AsO4)2_Va_O4_0,mp-16834,Zn3(AsO4)2,O4,240,a7b69d5e1dccb3593dbc3cee19957f21bf935b8d371610a448144797b77012d5
Zn4B6O13_Va_O1_0,mp-4812,Zn4B6O13,O1,160,da59a2f09265167a0bc1105f08edaf484fa7f6551d9a2ff6bb2dd19559a1c803
Zn4B6O13_Va_O2_0,mp-4812,Zn4B6O13,O2,352,6014dcad04093e4fa5661cbcaa8855192b462aeb8fc17d4a8d98146c289853f9
ZnO_Va_O1_0,mp-2133,ZnO,O1,150,61b28b0d08248b7a386a42085738c5b20123b123e1127184ab6e6345a2e2f5e4
ZnWO4_Va_O1_0,mp-18918,ZnWO4,O1,108,3846ab376b15f775ef6042d066de12822e04ff34458120c5932856940e26725e
Zr(MoO4)2_Va_O2_0,mp-510456,Zr(MoO4)2,O2,40,40a4af791aa76d5e0c3c4511b96d329f8d963da4e9d2afb419a937c4e4007b5d
ZrGeO4_Va_O1_0,mp-8042,ZrGeO4,O1,32,b8ceee427adc2df4f84a161698d4556c037fa27295a0bbc0c87596d93beae50c
ZrO2_Va_O1_0,mp-2858,ZrO2,O1,32,9982210a953a27fba9bb5e96d2e99d7bfec32b949d52790359a0c648385f9f26
ZrO2_Va_O2_0,mp-2858,ZrO2,O2,48,88555b4201309657a25553e1c4a32ec1505239aee276585aa732605ccf84ee25
ZrSiO4_Va_O1_0,mp-4820,ZrSiO4,O1,64,b404d9123fc687de3f59fa0a080d925f6631e1948fc2a6fd239c1ea23a000e1e
